[{"fields": {"model": "logentry", "app_label": "admin"}, "model": "contenttypes.contenttype", "pk": 1}, {"fields": {"model": "permission", "app_label": "auth"}, "model": "contenttypes.contenttype", "pk": 2}, {"fields": {"model": "group", "app_label": "auth"}, "model": "contenttypes.contenttype", "pk": 3}, {"fields": {"model": "user", "app_label": "auth"}, "model": "contenttypes.contenttype", "pk": 4}, {"fields": {"model": "contenttype", "app_label": "contenttypes"}, "model": "contenttypes.contenttype", "pk": 5}, {"fields": {"model": "session", "app_label": "sessions"}, "model": "contenttypes.contenttype", "pk": 6}, {"fields": {"model": "empresa", "app_label": "registro"}, "model": "contenttypes.contenttype", "pk": 7}, {"fields": {"model": "colector", "app_label": "registro"}, "model": "contenttypes.contenttype", "pk": 8}, {"fields": {"model": "plan", "app_label": "registro"}, "model": "contenttypes.contenttype", "pk": 9}, {"fields": {"model": "formulario", "app_label": "registro"}, "model": "contenttypes.contenttype", "pk": 10}, {"fields": {"model": "ficha", "app_label": "registro"}, "model": "contenttypes.contenttype", "pk": 11}, {"fields": {"model": "entrada", "app_label": "registro"}, "model": "contenttypes.contenttype", "pk": 12}, {"fields": {"model": "respuesta", "app_label": "registro"}, "model": "contenttypes.contenttype", "pk": 13}, {"fields": {"model": "tablet", "app_label": "registro"}, "model": "contenttypes.contenttype", "pk": 15}, {"fields": {"model": "permisoformulario", "app_label": "registro"}, "model": "contenttypes.contenttype", "pk": 16}, {"fields": {"model": "formulariodiligenciado", "app_label": "registro"}, "model": "contenttypes.contenttype", "pk": 17}, {"fields": {"model": "token", "app_label": "auth_token_middleware"}, "model": "contenttypes.contenttype", "pk": 18}, {"fields": {"expire_date": "2015-12-19T15:18:10.564Z", "session_data": "YWJiNjM5NGZhZWFjNGM0NjczZmYyY2JjNjEyYjM5YzAyNDg1MDZmYTp7Il9hdXRoX3VzZXJfaGFzaCI6IjY1ZmY2ZWVmYjczZGU4ZTRmZmJiMDk2YTI1YTgzNzk2ODBmZDFlMmQiLCJfYXV0aF91c2VyX2JhY2tlbmQiOiJkamFuZ28uY29udHJpYi5hdXRoLmJhY2tlbmRzLk1vZGVsQmFja2VuZCIsIl9hdXRoX3VzZXJfaWQiOiI1In0="}, "model": "sessions.session", "pk": "1epn8pnbg7pt3igan62irw5e4scgwfif"}, {"fields": {"expire_date": "2015-08-24T10:43:02.619Z", "session_data": "YjFjMWExNjg3OTE2MWIxZjFiMDRhZGM4MDExZTgwZmViMzgzMWFiNDp7Il9hdXRoX3VzZXJfaGFzaCI6IjdlYzhlZGEzNWViNWRkYmU3MTJiOTNjZDVlNWM2NDczNzA1NWI3MGUiLCJfYXV0aF91c2VyX2JhY2tlbmQiOiJkamFuZ28uY29udHJpYi5hdXRoLmJhY2tlbmRzLk1vZGVsQmFja2VuZCIsIl9hdXRoX3VzZXJfaWQiOiIxIn0="}, "model": "sessions.session", "pk": "2c4oq4o3r2sfh7h4tneu1vz3eutcekey"}, {"fields": {"expire_date": "2015-09-30T13:43:07.284Z", "session_data": "YjFjMWExNjg3OTE2MWIxZjFiMDRhZGM4MDExZTgwZmViMzgzMWFiNDp7Il9hdXRoX3VzZXJfaGFzaCI6IjdlYzhlZGEzNWViNWRkYmU3MTJiOTNjZDVlNWM2NDczNzA1NWI3MGUiLCJfYXV0aF91c2VyX2JhY2tlbmQiOiJkamFuZ28uY29udHJpYi5hdXRoLmJhY2tlbmRzLk1vZGVsQmFja2VuZCIsIl9hdXRoX3VzZXJfaWQiOiIxIn0="}, "model": "sessions.session", "pk": "2fwmjeuuvj0ddebdvsse8xtxepf0dmd9"}, {"fields": {"expire_date": "2016-02-17T17:19:22.607Z", "session_data": "YjFjMWExNjg3OTE2MWIxZjFiMDRhZGM4MDExZTgwZmViMzgzMWFiNDp7Il9hdXRoX3VzZXJfaGFzaCI6IjdlYzhlZGEzNWViNWRkYmU3MTJiOTNjZDVlNWM2NDczNzA1NWI3MGUiLCJfYXV0aF91c2VyX2JhY2tlbmQiOiJkamFuZ28uY29udHJpYi5hdXRoLmJhY2tlbmRzLk1vZGVsQmFja2VuZCIsIl9hdXRoX3VzZXJfaWQiOiIxIn0="}, "model": "sessions.session", "pk": "30dv5k119g4qbga1z3215oh8q22tievn"}, {"fields": {"expire_date": "2015-09-06T17:15:03.110Z", "session_data": "YjFjMWExNjg3OTE2MWIxZjFiMDRhZGM4MDExZTgwZmViMzgzMWFiNDp7Il9hdXRoX3VzZXJfaGFzaCI6IjdlYzhlZGEzNWViNWRkYmU3MTJiOTNjZDVlNWM2NDczNzA1NWI3MGUiLCJfYXV0aF91c2VyX2JhY2tlbmQiOiJkamFuZ28uY29udHJpYi5hdXRoLmJhY2tlbmRzLk1vZGVsQmFja2VuZCIsIl9hdXRoX3VzZXJfaWQiOiIxIn0="}, "model": "sessions.session", "pk": "37en5sl3zc85t2rld085hlhctp5pwve7"}, {"fields": {"expire_date": "2015-12-11T17:17:44.957Z", "session_data": "YWJiNjM5NGZhZWFjNGM0NjczZmYyY2JjNjEyYjM5YzAyNDg1MDZmYTp7Il9hdXRoX3VzZXJfaGFzaCI6IjY1ZmY2ZWVmYjczZGU4ZTRmZmJiMDk2YTI1YTgzNzk2ODBmZDFlMmQiLCJfYXV0aF91c2VyX2JhY2tlbmQiOiJkamFuZ28uY29udHJpYi5hdXRoLmJhY2tlbmRzLk1vZGVsQmFja2VuZCIsIl9hdXRoX3VzZXJfaWQiOiI1In0="}, "model": "sessions.session", "pk": "3ivnbskvxillig90hmeou73wn6ioz5lx"}, {"fields": {"expire_date": "2015-10-06T14:44:35.960Z", "session_data": "YjFjMWExNjg3OTE2MWIxZjFiMDRhZGM4MDExZTgwZmViMzgzMWFiNDp7Il9hdXRoX3VzZXJfaGFzaCI6IjdlYzhlZGEzNWViNWRkYmU3MTJiOTNjZDVlNWM2NDczNzA1NWI3MGUiLCJfYXV0aF91c2VyX2JhY2tlbmQiOiJkamFuZ28uY29udHJpYi5hdXRoLmJhY2tlbmRzLk1vZGVsQmFja2VuZCIsIl9hdXRoX3VzZXJfaWQiOiIxIn0="}, "model": "sessions.session", "pk": "3lov0ssi5vhrhrz0kmb5s7woxawzoba2"}, {"fields": {"expire_date": "2015-12-04T23:36:43.327Z", "session_data": "YjFjMWExNjg3OTE2MWIxZjFiMDRhZGM4MDExZTgwZmViMzgzMWFiNDp7Il9hdXRoX3VzZXJfaGFzaCI6IjdlYzhlZGEzNWViNWRkYmU3MTJiOTNjZDVlNWM2NDczNzA1NWI3MGUiLCJfYXV0aF91c2VyX2JhY2tlbmQiOiJkamFuZ28uY29udHJpYi5hdXRoLmJhY2tlbmRzLk1vZGVsQmFja2VuZCIsIl9hdXRoX3VzZXJfaWQiOiIxIn0="}, "model": "sessions.session", "pk": "400qy06iuv4ik5s6nrzpmjhbqh3npgjx"}, {"fields": {"expire_date": "2016-02-13T18:01:52.280Z", "session_data": "NTZlMTNhYzZhNDI0NjdmMzVhMzBlNTA5NjIxMWQwZGZjMmE0ZTk2Mjp7Il9hdXRoX3VzZXJfaGFzaCI6IjY1ZmY2ZWVmYjczZGU4ZTRmZmJiMDk2YTI1YTgzNzk2ODBmZDFlMmQiLCJfYXV0aF91c2VyX2lkIjoiNSIsIl9hdXRoX3VzZXJfYmFja2VuZCI6ImRqYW5nby5jb250cmliLmF1dGguYmFja2VuZHMuTW9kZWxCYWNrZW5kIn0="}, "model": "sessions.session", "pk": "4gs0ouwaaq2n3sjoslybo7mwsv3n8z8p"}, {"fields": {"expire_date": "2015-12-04T00:51:55.204Z", "session_data": "YjFjMWExNjg3OTE2MWIxZjFiMDRhZGM4MDExZTgwZmViMzgzMWFiNDp7Il9hdXRoX3VzZXJfaGFzaCI6IjdlYzhlZGEzNWViNWRkYmU3MTJiOTNjZDVlNWM2NDczNzA1NWI3MGUiLCJfYXV0aF91c2VyX2JhY2tlbmQiOiJkamFuZ28uY29udHJpYi5hdXRoLmJhY2tlbmRzLk1vZGVsQmFja2VuZCIsIl9hdXRoX3VzZXJfaWQiOiIxIn0="}, "model": "sessions.session", "pk": "5w73ss5mnfyylr93eyr9kzawk1zvtk90"}, {"fields": {"expire_date": "2016-01-27T14:24:43.500Z", "session_data": "YjFjMWExNjg3OTE2MWIxZjFiMDRhZGM4MDExZTgwZmViMzgzMWFiNDp7Il9hdXRoX3VzZXJfaGFzaCI6IjdlYzhlZGEzNWViNWRkYmU3MTJiOTNjZDVlNWM2NDczNzA1NWI3MGUiLCJfYXV0aF91c2VyX2JhY2tlbmQiOiJkamFuZ28uY29udHJpYi5hdXRoLmJhY2tlbmRzLk1vZGVsQmFja2VuZCIsIl9hdXRoX3VzZXJfaWQiOiIxIn0="}, "model": "sessions.session", "pk": "7970n0727lvmwteeqsbx62nnh4hevbkq"}, {"fields": {"expire_date": "2015-11-24T23:15:18.361Z", "session_data": "OTkzMGY2ZjA4MWMyMGU0N2UzZGNiNWJiNWRhOGFmZjYxYzQyYWUwYzp7Il9hdXRoX3VzZXJfaGFzaCI6ImM5MDFjMzk5NzM1MDc1ZTQ2ZWRmNGNkYmE0NDkxOTA2ZjlmMzBjM2EiLCJfYXV0aF91c2VyX2JhY2tlbmQiOiJkamFuZ28uY29udHJpYi5hdXRoLmJhY2tlbmRzLk1vZGVsQmFja2VuZCIsIl9hdXRoX3VzZXJfaWQiOiI2In0="}, "model": "sessions.session", "pk": "7rkknua7ytnigwnp5ml9fn3wn0ruh1xy"}, {"fields": {"expire_date": "2016-01-20T13:20:53.396Z", "session_data": "YWJiNjM5NGZhZWFjNGM0NjczZmYyY2JjNjEyYjM5YzAyNDg1MDZmYTp7Il9hdXRoX3VzZXJfaGFzaCI6IjY1ZmY2ZWVmYjczZGU4ZTRmZmJiMDk2YTI1YTgzNzk2ODBmZDFlMmQiLCJfYXV0aF91c2VyX2JhY2tlbmQiOiJkamFuZ28uY29udHJpYi5hdXRoLmJhY2tlbmRzLk1vZGVsQmFja2VuZCIsIl9hdXRoX3VzZXJfaWQiOiI1In0="}, "model": "sessions.session", "pk": "awuzlb4cvuen0335huwme3kei18wy7rr"}, {"fields": {"expire_date": "2015-08-31T18:17:29.227Z", "session_data": "YjFjMWExNjg3OTE2MWIxZjFiMDRhZGM4MDExZTgwZmViMzgzMWFiNDp7Il9hdXRoX3VzZXJfaGFzaCI6IjdlYzhlZGEzNWViNWRkYmU3MTJiOTNjZDVlNWM2NDczNzA1NWI3MGUiLCJfYXV0aF91c2VyX2JhY2tlbmQiOiJkamFuZ28uY29udHJpYi5hdXRoLmJhY2tlbmRzLk1vZGVsQmFja2VuZCIsIl9hdXRoX3VzZXJfaWQiOiIxIn0="}, "model": "sessions.session", "pk": "drjkkiyiy26r6go8s5r91g4xvndro408"}, {"fields": {"expire_date": "2015-12-28T19:57:46.385Z", "session_data": "YWJiNjM5NGZhZWFjNGM0NjczZmYyY2JjNjEyYjM5YzAyNDg1MDZmYTp7Il9hdXRoX3VzZXJfaGFzaCI6IjY1ZmY2ZWVmYjczZGU4ZTRmZmJiMDk2YTI1YTgzNzk2ODBmZDFlMmQiLCJfYXV0aF91c2VyX2JhY2tlbmQiOiJkamFuZ28uY29udHJpYi5hdXRoLmJhY2tlbmRzLk1vZGVsQmFja2VuZCIsIl9hdXRoX3VzZXJfaWQiOiI1In0="}, "model": "sessions.session", "pk": "dx1oz9qgq5rp6pyxwa009rb4705hdoem"}, {"fields": {"expire_date": "2015-11-29T21:56:58.315Z", "session_data": "YjFjMWExNjg3OTE2MWIxZjFiMDRhZGM4MDExZTgwZmViMzgzMWFiNDp7Il9hdXRoX3VzZXJfaGFzaCI6IjdlYzhlZGEzNWViNWRkYmU3MTJiOTNjZDVlNWM2NDczNzA1NWI3MGUiLCJfYXV0aF91c2VyX2JhY2tlbmQiOiJkamFuZ28uY29udHJpYi5hdXRoLmJhY2tlbmRzLk1vZGVsQmFja2VuZCIsIl9hdXRoX3VzZXJfaWQiOiIxIn0="}, "model": "sessions.session", "pk": "e1gmg0kv2kszz0xf1ght632mfaemcjs9"}, {"fields": {"expire_date": "2015-11-21T20:38:55.605Z", "session_data": "OTkzMGY2ZjA4MWMyMGU0N2UzZGNiNWJiNWRhOGFmZjYxYzQyYWUwYzp7Il9hdXRoX3VzZXJfaGFzaCI6ImM5MDFjMzk5NzM1MDc1ZTQ2ZWRmNGNkYmE0NDkxOTA2ZjlmMzBjM2EiLCJfYXV0aF91c2VyX2JhY2tlbmQiOiJkamFuZ28uY29udHJpYi5hdXRoLmJhY2tlbmRzLk1vZGVsQmFja2VuZCIsIl9hdXRoX3VzZXJfaWQiOiI2In0="}, "model": "sessions.session", "pk": "e2sllotu8nliqkq3gog8sych6bo6hytu"}, {"fields": {"expire_date": "2016-02-17T17:45:39.878Z", "session_data": "NWVmZDcwYzZjMDA1YWM3NmI5OGQ1YzRlNzQyOWY1YTZkZGJlOTIxODp7Il9hdXRoX3VzZXJfaGFzaCI6ImRjZWMwZTMyNTkyNjc4MDg1MDYzN2MwOWRkMTNkNzlmNzVhZGY3YTgiLCJfYXV0aF91c2VyX2JhY2tlbmQiOiJkamFuZ28uY29udHJpYi5hdXRoLmJhY2tlbmRzLk1vZGVsQmFja2VuZCIsIl9hdXRoX3VzZXJfaWQiOiIxMCJ9"}, "model": "sessions.session", "pk": "ergvg3b3hmt2j0gxxoyadmc1vgv7fmuq"}, {"fields": {"expire_date": "2016-02-10T23:40:46.668Z", "session_data": "MzNhYmE4ZTU0YWZmNzM5NWY3MzczOGRiMmJiMWQxMjA0MTQzMTMyNjp7Il9hdXRoX3VzZXJfaGFzaCI6ImMyMTZkNDQ1Y2ZmYjJmYmJhYThjNWFmYjJjOTdjZmMxNWEwMmU5NjIiLCJfYXV0aF91c2VyX2JhY2tlbmQiOiJkamFuZ28uY29udHJpYi5hdXRoLmJhY2tlbmRzLk1vZGVsQmFja2VuZCIsIl9hdXRoX3VzZXJfaWQiOiI5In0="}, "model": "sessions.session", "pk": "f06t3rjxx60xakgwpf4ecx3i4sbfkg9x"}, {"fields": {"expire_date": "2016-02-29T17:29:07.306Z", "session_data": "YWJiNjM5NGZhZWFjNGM0NjczZmYyY2JjNjEyYjM5YzAyNDg1MDZmYTp7Il9hdXRoX3VzZXJfaGFzaCI6IjY1ZmY2ZWVmYjczZGU4ZTRmZmJiMDk2YTI1YTgzNzk2ODBmZDFlMmQiLCJfYXV0aF91c2VyX2JhY2tlbmQiOiJkamFuZ28uY29udHJpYi5hdXRoLmJhY2tlbmRzLk1vZGVsQmFja2VuZCIsIl9hdXRoX3VzZXJfaWQiOiI1In0="}, "model": "sessions.session", "pk": "f5dkr1worbcqvv8wxub7uzc08jviikle"}, {"fields": {"expire_date": "2015-12-30T09:51:37.049Z", "session_data": "YjFjMWExNjg3OTE2MWIxZjFiMDRhZGM4MDExZTgwZmViMzgzMWFiNDp7Il9hdXRoX3VzZXJfaGFzaCI6IjdlYzhlZGEzNWViNWRkYmU3MTJiOTNjZDVlNWM2NDczNzA1NWI3MGUiLCJfYXV0aF91c2VyX2JhY2tlbmQiOiJkamFuZ28uY29udHJpYi5hdXRoLmJhY2tlbmRzLk1vZGVsQmFja2VuZCIsIl9hdXRoX3VzZXJfaWQiOiIxIn0="}, "model": "sessions.session", "pk": "fpon6z9a2ywi2stoq9ocul8qytut7d8l"}, {"fields": {"expire_date": "2015-08-26T19:19:03.878Z", "session_data": "YjFjMWExNjg3OTE2MWIxZjFiMDRhZGM4MDExZTgwZmViMzgzMWFiNDp7Il9hdXRoX3VzZXJfaGFzaCI6IjdlYzhlZGEzNWViNWRkYmU3MTJiOTNjZDVlNWM2NDczNzA1NWI3MGUiLCJfYXV0aF91c2VyX2JhY2tlbmQiOiJkamFuZ28uY29udHJpYi5hdXRoLmJhY2tlbmRzLk1vZGVsQmFja2VuZCIsIl9hdXRoX3VzZXJfaWQiOiIxIn0="}, "model": "sessions.session", "pk": "g5fyeejtaitmhcrvnhzwrx1wz7in7arf"}, {"fields": {"expire_date": "2015-12-10T16:02:21.995Z", "session_data": "YWJiNjM5NGZhZWFjNGM0NjczZmYyY2JjNjEyYjM5YzAyNDg1MDZmYTp7Il9hdXRoX3VzZXJfaGFzaCI6IjY1ZmY2ZWVmYjczZGU4ZTRmZmJiMDk2YTI1YTgzNzk2ODBmZDFlMmQiLCJfYXV0aF91c2VyX2JhY2tlbmQiOiJkamFuZ28uY29udHJpYi5hdXRoLmJhY2tlbmRzLk1vZGVsQmFja2VuZCIsIl9hdXRoX3VzZXJfaWQiOiI1In0="}, "model": "sessions.session", "pk": "h0msgya5d96bwztt1ibwa1rw5xettdt7"}, {"fields": {"expire_date": "2015-11-30T16:54:21.476Z", "session_data": "YjFjMWExNjg3OTE2MWIxZjFiMDRhZGM4MDExZTgwZmViMzgzMWFiNDp7Il9hdXRoX3VzZXJfaGFzaCI6IjdlYzhlZGEzNWViNWRkYmU3MTJiOTNjZDVlNWM2NDczNzA1NWI3MGUiLCJfYXV0aF91c2VyX2JhY2tlbmQiOiJkamFuZ28uY29udHJpYi5hdXRoLmJhY2tlbmRzLk1vZGVsQmFja2VuZCIsIl9hdXRoX3VzZXJfaWQiOiIxIn0="}, "model": "sessions.session", "pk": "hpkznl7t2bbk6h8gcw5vrzfngn2mdict"}, {"fields": {"expire_date": "2015-10-17T05:47:37.957Z", "session_data": "MTYxM2I5ZDk3ZjJiZDMwZDEzZDg0OGNjZWRmNzQyZDVmMjE1NDUzMzp7Il9hdXRoX3VzZXJfaGFzaCI6IjdlYzhlZGEzNWViNWRkYmU3MTJiOTNjZDVlNWM2NDczNzA1NWI3MGUiLCJfYXV0aF91c2VyX2lkIjoiMSIsIl9hdXRoX3VzZXJfYmFja2VuZCI6ImRqYW5nby5jb250cmliLmF1dGguYmFja2VuZHMuTW9kZWxCYWNrZW5kIn0="}, "model": "sessions.session", "pk": "is0lkbpfrfzv1zfr0mbhs14i9y5o83ov"}, {"fields": {"expire_date": "2015-12-18T13:39:23.063Z", "session_data": "Zjg5NmJlNTc3NmZhMmY1YjQ0ZTQ4NjZiZDRiYzZiNjhiYTUxMmQzNjp7Il9hdXRoX3VzZXJfaGFzaCI6IjNiMWYwNzc5NDI3ODNjMjU2MDQxNTY2OGE5MTQwNmQxZGE1ODA0MWUiLCJfYXV0aF91c2VyX2JhY2tlbmQiOiJkamFuZ28uY29udHJpYi5hdXRoLmJhY2tlbmRzLk1vZGVsQmFja2VuZCIsIl9hdXRoX3VzZXJfaWQiOiI4In0="}, "model": "sessions.session", "pk": "isei27lsbxjhaegfnq0kqde26xbzerla"}, {"fields": {"expire_date": "2015-11-23T15:25:52.105Z", "session_data": "YTAwYTM5OGM2Y2I4OTgzNGMyZTlmMjkzNmY3NWQwYjIyMTZmNGMyODp7Il9hdXRoX3VzZXJfaGFzaCI6ImM5MDFjMzk5NzM1MDc1ZTQ2ZWRmNGNkYmE0NDkxOTA2ZjlmMzBjM2EiLCJfYXV0aF91c2VyX2lkIjoiNiIsIl9hdXRoX3VzZXJfYmFja2VuZCI6ImRqYW5nby5jb250cmliLmF1dGguYmFja2VuZHMuTW9kZWxCYWNrZW5kIn0="}, "model": "sessions.session", "pk": "kix1jw6t4as6skh90xpah984g5i57mq5"}, {"fields": {"expire_date": "2015-12-08T20:41:30.431Z", "session_data": "YjFjMWExNjg3OTE2MWIxZjFiMDRhZGM4MDExZTgwZmViMzgzMWFiNDp7Il9hdXRoX3VzZXJfaGFzaCI6IjdlYzhlZGEzNWViNWRkYmU3MTJiOTNjZDVlNWM2NDczNzA1NWI3MGUiLCJfYXV0aF91c2VyX2JhY2tlbmQiOiJkamFuZ28uY29udHJpYi5hdXRoLmJhY2tlbmRzLk1vZGVsQmFja2VuZCIsIl9hdXRoX3VzZXJfaWQiOiIxIn0="}, "model": "sessions.session", "pk": "kpz95e2r88z5c6zxwejs5uq4tmhi35gk"}, {"fields": {"expire_date": "2015-12-25T11:19:14.679Z", "session_data": "YWJiNjM5NGZhZWFjNGM0NjczZmYyY2JjNjEyYjM5YzAyNDg1MDZmYTp7Il9hdXRoX3VzZXJfaGFzaCI6IjY1ZmY2ZWVmYjczZGU4ZTRmZmJiMDk2YTI1YTgzNzk2ODBmZDFlMmQiLCJfYXV0aF91c2VyX2JhY2tlbmQiOiJkamFuZ28uY29udHJpYi5hdXRoLmJhY2tlbmRzLk1vZGVsQmFja2VuZCIsIl9hdXRoX3VzZXJfaWQiOiI1In0="}, "model": "sessions.session", "pk": "kzs70xrrm4c1v37ehke4u8fvcmawdnvg"}, {"fields": {"expire_date": "2015-11-21T20:27:56.924Z", "session_data": "OTkzMGY2ZjA4MWMyMGU0N2UzZGNiNWJiNWRhOGFmZjYxYzQyYWUwYzp7Il9hdXRoX3VzZXJfaGFzaCI6ImM5MDFjMzk5NzM1MDc1ZTQ2ZWRmNGNkYmE0NDkxOTA2ZjlmMzBjM2EiLCJfYXV0aF91c2VyX2JhY2tlbmQiOiJkamFuZ28uY29udHJpYi5hdXRoLmJhY2tlbmRzLk1vZGVsQmFja2VuZCIsIl9hdXRoX3VzZXJfaWQiOiI2In0="}, "model": "sessions.session", "pk": "m00k73yc2ffde0yrb4c23j2wo00zjwy3"}, {"fields": {"expire_date": "2015-11-13T19:42:24.294Z", "session_data": "YjFjMWExNjg3OTE2MWIxZjFiMDRhZGM4MDExZTgwZmViMzgzMWFiNDp7Il9hdXRoX3VzZXJfaGFzaCI6IjdlYzhlZGEzNWViNWRkYmU3MTJiOTNjZDVlNWM2NDczNzA1NWI3MGUiLCJfYXV0aF91c2VyX2JhY2tlbmQiOiJkamFuZ28uY29udHJpYi5hdXRoLmJhY2tlbmRzLk1vZGVsQmFja2VuZCIsIl9hdXRoX3VzZXJfaWQiOiIxIn0="}, "model": "sessions.session", "pk": "mjtcpxszduqogc3dvbhu5952v0hop3ce"}, {"fields": {"expire_date": "2016-02-18T00:39:05.240Z", "session_data": "NWVmZDcwYzZjMDA1YWM3NmI5OGQ1YzRlNzQyOWY1YTZkZGJlOTIxODp7Il9hdXRoX3VzZXJfaGFzaCI6ImRjZWMwZTMyNTkyNjc4MDg1MDYzN2MwOWRkMTNkNzlmNzVhZGY3YTgiLCJfYXV0aF91c2VyX2JhY2tlbmQiOiJkamFuZ28uY29udHJpYi5hdXRoLmJhY2tlbmRzLk1vZGVsQmFja2VuZCIsIl9hdXRoX3VzZXJfaWQiOiIxMCJ9"}, "model": "sessions.session", "pk": "n54huefv68gx6y9wbgpmnxgstudo3pdm"}, {"fields": {"expire_date": "2015-11-24T14:03:44.011Z", "session_data": "OTkzMGY2ZjA4MWMyMGU0N2UzZGNiNWJiNWRhOGFmZjYxYzQyYWUwYzp7Il9hdXRoX3VzZXJfaGFzaCI6ImM5MDFjMzk5NzM1MDc1ZTQ2ZWRmNGNkYmE0NDkxOTA2ZjlmMzBjM2EiLCJfYXV0aF91c2VyX2JhY2tlbmQiOiJkamFuZ28uY29udHJpYi5hdXRoLmJhY2tlbmRzLk1vZGVsQmFja2VuZCIsIl9hdXRoX3VzZXJfaWQiOiI2In0="}, "model": "sessions.session", "pk": "of86bl25ui8ejqzh5amte3w733dglrqr"}, {"fields": {"expire_date": "2015-12-11T14:29:29.329Z", "session_data": "YWJiNjM5NGZhZWFjNGM0NjczZmYyY2JjNjEyYjM5YzAyNDg1MDZmYTp7Il9hdXRoX3VzZXJfaGFzaCI6IjY1ZmY2ZWVmYjczZGU4ZTRmZmJiMDk2YTI1YTgzNzk2ODBmZDFlMmQiLCJfYXV0aF91c2VyX2JhY2tlbmQiOiJkamFuZ28uY29udHJpYi5hdXRoLmJhY2tlbmRzLk1vZGVsQmFja2VuZCIsIl9hdXRoX3VzZXJfaWQiOiI1In0="}, "model": "sessions.session", "pk": "ogzd32mnp7yw2fh10qksiu2dagukz43u"}, {"fields": {"expire_date": "2015-10-24T06:19:50.517Z", "session_data": "MTYxM2I5ZDk3ZjJiZDMwZDEzZDg0OGNjZWRmNzQyZDVmMjE1NDUzMzp7Il9hdXRoX3VzZXJfaGFzaCI6IjdlYzhlZGEzNWViNWRkYmU3MTJiOTNjZDVlNWM2NDczNzA1NWI3MGUiLCJfYXV0aF91c2VyX2lkIjoiMSIsIl9hdXRoX3VzZXJfYmFja2VuZCI6ImRqYW5nby5jb250cmliLmF1dGguYmFja2VuZHMuTW9kZWxCYWNrZW5kIn0="}, "model": "sessions.session", "pk": "okqp7fkzzgt64b4pne0mytntpan6pv2a"}, {"fields": {"expire_date": "2015-12-28T13:18:40.337Z", "session_data": "NTZlMTNhYzZhNDI0NjdmMzVhMzBlNTA5NjIxMWQwZGZjMmE0ZTk2Mjp7Il9hdXRoX3VzZXJfaGFzaCI6IjY1ZmY2ZWVmYjczZGU4ZTRmZmJiMDk2YTI1YTgzNzk2ODBmZDFlMmQiLCJfYXV0aF91c2VyX2lkIjoiNSIsIl9hdXRoX3VzZXJfYmFja2VuZCI6ImRqYW5nby5jb250cmliLmF1dGguYmFja2VuZHMuTW9kZWxCYWNrZW5kIn0="}, "model": "sessions.session", "pk": "qjn2quil7xqkuysp8gp4bhc2p1vwho3r"}, {"fields": {"expire_date": "2016-02-24T15:11:23.337Z", "session_data": "YWJiNjM5NGZhZWFjNGM0NjczZmYyY2JjNjEyYjM5YzAyNDg1MDZmYTp7Il9hdXRoX3VzZXJfaGFzaCI6IjY1ZmY2ZWVmYjczZGU4ZTRmZmJiMDk2YTI1YTgzNzk2ODBmZDFlMmQiLCJfYXV0aF91c2VyX2JhY2tlbmQiOiJkamFuZ28uY29udHJpYi5hdXRoLmJhY2tlbmRzLk1vZGVsQmFja2VuZCIsIl9hdXRoX3VzZXJfaWQiOiI1In0="}, "model": "sessions.session", "pk": "qks7m1mzjp6stwbsk9oz8cp8qhykpc5f"}, {"fields": {"expire_date": "2015-12-28T19:57:17.692Z", "session_data": "YWJiNjM5NGZhZWFjNGM0NjczZmYyY2JjNjEyYjM5YzAyNDg1MDZmYTp7Il9hdXRoX3VzZXJfaGFzaCI6IjY1ZmY2ZWVmYjczZGU4ZTRmZmJiMDk2YTI1YTgzNzk2ODBmZDFlMmQiLCJfYXV0aF91c2VyX2JhY2tlbmQiOiJkamFuZ28uY29udHJpYi5hdXRoLmJhY2tlbmRzLk1vZGVsQmFja2VuZCIsIl9hdXRoX3VzZXJfaWQiOiI1In0="}, "model": "sessions.session", "pk": "qpz4hf2f36e1fojxei8bd2khogqaxm4z"}, {"fields": {"expire_date": "2015-12-25T14:34:03.564Z", "session_data": "NTZlMTNhYzZhNDI0NjdmMzVhMzBlNTA5NjIxMWQwZGZjMmE0ZTk2Mjp7Il9hdXRoX3VzZXJfaGFzaCI6IjY1ZmY2ZWVmYjczZGU4ZTRmZmJiMDk2YTI1YTgzNzk2ODBmZDFlMmQiLCJfYXV0aF91c2VyX2lkIjoiNSIsIl9hdXRoX3VzZXJfYmFja2VuZCI6ImRqYW5nby5jb250cmliLmF1dGguYmFja2VuZHMuTW9kZWxCYWNrZW5kIn0="}, "model": "sessions.session", "pk": "sbou9d0rtfwvrihwzbi72hghlfooz4ip"}, {"fields": {"expire_date": "2015-12-09T10:35:14.908Z", "session_data": "Zjg5NmJlNTc3NmZhMmY1YjQ0ZTQ4NjZiZDRiYzZiNjhiYTUxMmQzNjp7Il9hdXRoX3VzZXJfaGFzaCI6IjNiMWYwNzc5NDI3ODNjMjU2MDQxNTY2OGE5MTQwNmQxZGE1ODA0MWUiLCJfYXV0aF91c2VyX2JhY2tlbmQiOiJkamFuZ28uY29udHJpYi5hdXRoLmJhY2tlbmRzLk1vZGVsQmFja2VuZCIsIl9hdXRoX3VzZXJfaWQiOiI4In0="}, "model": "sessions.session", "pk": "scikcwe7sgjt1endaixfqd3qjxxtql6j"}, {"fields": {"expire_date": "2015-12-16T19:14:02.835Z", "session_data": "YjFjMWExNjg3OTE2MWIxZjFiMDRhZGM4MDExZTgwZmViMzgzMWFiNDp7Il9hdXRoX3VzZXJfaGFzaCI6IjdlYzhlZGEzNWViNWRkYmU3MTJiOTNjZDVlNWM2NDczNzA1NWI3MGUiLCJfYXV0aF91c2VyX2JhY2tlbmQiOiJkamFuZ28uY29udHJpYi5hdXRoLmJhY2tlbmRzLk1vZGVsQmFja2VuZCIsIl9hdXRoX3VzZXJfaWQiOiIxIn0="}, "model": "sessions.session", "pk": "uary6evuj5uw3yfqgjrvmkadsj5ohm4q"}, {"fields": {"expire_date": "2015-11-19T19:26:16.817Z", "session_data": "YjFjMWExNjg3OTE2MWIxZjFiMDRhZGM4MDExZTgwZmViMzgzMWFiNDp7Il9hdXRoX3VzZXJfaGFzaCI6IjdlYzhlZGEzNWViNWRkYmU3MTJiOTNjZDVlNWM2NDczNzA1NWI3MGUiLCJfYXV0aF91c2VyX2JhY2tlbmQiOiJkamFuZ28uY29udHJpYi5hdXRoLmJhY2tlbmRzLk1vZGVsQmFja2VuZCIsIl9hdXRoX3VzZXJfaWQiOiIxIn0="}, "model": "sessions.session", "pk": "udyroxgrw347ycnvtpylxu4ky5mgduz9"}, {"fields": {"expire_date": "2015-12-16T15:54:41.551Z", "session_data": "YWJiNjM5NGZhZWFjNGM0NjczZmYyY2JjNjEyYjM5YzAyNDg1MDZmYTp7Il9hdXRoX3VzZXJfaGFzaCI6IjY1ZmY2ZWVmYjczZGU4ZTRmZmJiMDk2YTI1YTgzNzk2ODBmZDFlMmQiLCJfYXV0aF91c2VyX2JhY2tlbmQiOiJkamFuZ28uY29udHJpYi5hdXRoLmJhY2tlbmRzLk1vZGVsQmFja2VuZCIsIl9hdXRoX3VzZXJfaWQiOiI1In0="}, "model": "sessions.session", "pk": "ujuyjnebu4759agrfpj85gqu9u77c578"}, {"fields": {"expire_date": "2016-02-12T03:40:22.421Z", "session_data": "NTZlMTNhYzZhNDI0NjdmMzVhMzBlNTA5NjIxMWQwZGZjMmE0ZTk2Mjp7Il9hdXRoX3VzZXJfaGFzaCI6IjY1ZmY2ZWVmYjczZGU4ZTRmZmJiMDk2YTI1YTgzNzk2ODBmZDFlMmQiLCJfYXV0aF91c2VyX2lkIjoiNSIsIl9hdXRoX3VzZXJfYmFja2VuZCI6ImRqYW5nby5jb250cmliLmF1dGguYmFja2VuZHMuTW9kZWxCYWNrZW5kIn0="}, "model": "sessions.session", "pk": "v47qj90wd0o5uezk9ey0sxkhlaorbd7g"}, {"fields": {"expire_date": "2015-12-25T14:43:46.735Z", "session_data": "YWJiNjM5NGZhZWFjNGM0NjczZmYyY2JjNjEyYjM5YzAyNDg1MDZmYTp7Il9hdXRoX3VzZXJfaGFzaCI6IjY1ZmY2ZWVmYjczZGU4ZTRmZmJiMDk2YTI1YTgzNzk2ODBmZDFlMmQiLCJfYXV0aF91c2VyX2JhY2tlbmQiOiJkamFuZ28uY29udHJpYi5hdXRoLmJhY2tlbmRzLk1vZGVsQmFja2VuZCIsIl9hdXRoX3VzZXJfaWQiOiI1In0="}, "model": "sessions.session", "pk": "v65godpcwvshoteyofm1xekvikux5x0n"}, {"fields": {"expire_date": "2016-02-10T20:00:53.511Z", "session_data": "MzNhYmE4ZTU0YWZmNzM5NWY3MzczOGRiMmJiMWQxMjA0MTQzMTMyNjp7Il9hdXRoX3VzZXJfaGFzaCI6ImMyMTZkNDQ1Y2ZmYjJmYmJhYThjNWFmYjJjOTdjZmMxNWEwMmU5NjIiLCJfYXV0aF91c2VyX2JhY2tlbmQiOiJkamFuZ28uY29udHJpYi5hdXRoLmJhY2tlbmRzLk1vZGVsQmFja2VuZCIsIl9hdXRoX3VzZXJfaWQiOiI5In0="}, "model": "sessions.session", "pk": "x2mnmpjeeqjufuz879wmkovuztmftoh8"}, {"fields": {"expire_date": "2016-02-17T22:38:22.045Z", "session_data": "YjFjMWExNjg3OTE2MWIxZjFiMDRhZGM4MDExZTgwZmViMzgzMWFiNDp7Il9hdXRoX3VzZXJfaGFzaCI6IjdlYzhlZGEzNWViNWRkYmU3MTJiOTNjZDVlNWM2NDczNzA1NWI3MGUiLCJfYXV0aF91c2VyX2JhY2tlbmQiOiJkamFuZ28uY29udHJpYi5hdXRoLmJhY2tlbmRzLk1vZGVsQmFja2VuZCIsIl9hdXRoX3VzZXJfaWQiOiIxIn0="}, "model": "sessions.session", "pk": "yoviws5zdqkd85xm48436pdy9z07wr6s"}, {"fields": {"expire_date": "2016-01-19T02:46:29.213Z", "session_data": "YWJiNjM5NGZhZWFjNGM0NjczZmYyY2JjNjEyYjM5YzAyNDg1MDZmYTp7Il9hdXRoX3VzZXJfaGFzaCI6IjY1ZmY2ZWVmYjczZGU4ZTRmZmJiMDk2YTI1YTgzNzk2ODBmZDFlMmQiLCJfYXV0aF91c2VyX2JhY2tlbmQiOiJkamFuZ28uY29udHJpYi5hdXRoLmJhY2tlbmRzLk1vZGVsQmFja2VuZCIsIl9hdXRoX3VzZXJfaWQiOiI1In0="}, "model": "sessions.session", "pk": "z19zsdwf7n5bci84tr9fxycoorxnvqzg"}, {"fields": {"expire_date": "2015-11-24T10:50:18.954Z", "session_data": "YTAwYTM5OGM2Y2I4OTgzNGMyZTlmMjkzNmY3NWQwYjIyMTZmNGMyODp7Il9hdXRoX3VzZXJfaGFzaCI6ImM5MDFjMzk5NzM1MDc1ZTQ2ZWRmNGNkYmE0NDkxOTA2ZjlmMzBjM2EiLCJfYXV0aF91c2VyX2lkIjoiNiIsIl9hdXRoX3VzZXJfYmFja2VuZCI6ImRqYW5nby5jb250cmliLmF1dGguYmFja2VuZHMuTW9kZWxCYWNrZW5kIn0="}, "model": "sessions.session", "pk": "zmfmniza0upj2ubbhjnv29jpshqh9es0"}, {"fields": {"codigo": "001"}, "model": "registro.tablet", "pk": 1}, {"fields": {"codigo": "2"}, "model": "registro.tablet", "pk": 2}, {"fields": {"codigo": "003"}, "model": "registro.tablet", "pk": 3}, {"fields": {"codigo": "000000000000000"}, "model": "registro.tablet", "pk": 4}, {"fields": {"codigo": "359132060946553"}, "model": "registro.tablet", "pk": 5}, {"fields": {"codigo": "359291054583721"}, "model": "registro.tablet", "pk": 6}, {"fields": {"codigo": "868497012966189"}, "model": "registro.tablet", "pk": 7}, {"fields": {"codigo": "354157050628783"}, "model": "registro.tablet", "pk": 8}, {"fields": {"codigo": "353414070073214"}, "model": "registro.tablet", "pk": 9}, {"fields": {"codigo": "002"}, "model": "registro.tablet", "pk": 10}, {"fields": {"cantidad_colectores": 20, "fecha_creacion": "2015-11-03T00:15:14.173Z", "activo": true, "valor": "200", "nombre": "profesional", "almacenamiento": "20000"}, "model": "registro.plan", "pk": 1}, {"fields": {"cantidad_colectores": 5, "fecha_creacion": "2015-11-03T00:12:46.017Z", "activo": true, "valor": "100", "nombre": "basico", "almacenamiento": "5000"}, "model": "registro.plan", "pk": 2}, {"fields": {"cantidad_colectores": 100, "fecha_creacion": "2015-11-03T00:15:46.047Z", "activo": true, "valor": "300", "nombre": "Empresarial", "almacenamiento": "ilimitados"}, "model": "registro.plan", "pk": 3}, {"fields": {"cantidad_colectores": 0, "fecha_creacion": "2016-01-27T09:49:32.304Z", "activo": true, "valor": "0", "nombre": "Ministerios", "almacenamiento": "0"}, "model": "registro.plan", "pk": 4}, {"fields": {"descripcion": "contiene todas los tipos de entradas hasta el mome", "nombre": "formularioInputs", "ficha": [8], "precargado": "NO"}, "model": "registro.formulario", "pk": 8}, {"fields": {"descripcion": "Formulario para registrar respuestas a otr dinamic", "nombre": "formularioBasico", "ficha": [1], "precargado": "NO"}, "model": "registro.formulario", "pk": 9}, {"fields": {"descripcion": "Formulario con entrada dinamica test", "nombre": "formularioDinamico", "ficha": [11, 21], "precargado": "NO"}, "model": "registro.formulario", "pk": 11}, {"fields": {"descripcion": "", "nombre": "ENTREGA DE PROPIEDAD PARA ALQUILER", "ficha": [14], "precargado": "NO"}, "model": "registro.formulario", "pk": 14}, {"fields": {"descripcion": "Parte 1. Tipo de inmueble ubicaci\u00f3n y contacto", "nombre": "1. FICHA CAPTACION DE INMUEBLES PARA VENTA", "ficha": [15, 16, 17], "precargado": "NO"}, "model": "registro.formulario", "pk": 15}, {"fields": {"descripcion": "Parte 2. Datos generales del inmueble", "nombre": "2. FICHA CAPTACION DE INMUEBLES PARA VENTA", "ficha": [16], "precargado": "NO"}, "model": "registro.formulario", "pk": 16}, {"fields": {"descripcion": "Parte 3. Descripci\u00f3n del inmueble", "nombre": "3. FICHA CAPTACION DE INMUEBLES PARA VENTA", "ficha": [17], "precargado": "NO"}, "model": "registro.formulario", "pk": 17}, {"fields": {"descripcion": "", "nombre": "JAVI CAR WASH", "ficha": [25, 26], "precargado": "NO"}, "model": "registro.formulario", "pk": 25}, {"fields": {"descripcion": "Employment Utilization Report", "nombre": "Employment Report", "ficha": [22], "precargado": "NO"}, "model": "registro.formulario", "pk": 26}, {"fields": {"descripcion": "Work Hours of Employment", "nombre": "Work Hours", "ficha": [23], "precargado": "NO"}, "model": "registro.formulario", "pk": 27}, {"fields": {"descripcion": "Inventario de productos", "nombre": "Formulario Productos ", "ficha": [6], "precargado": "NO"}, "model": "registro.formulario", "pk": 28}, {"fields": {"descripcion": "Incluye Form anidado y seccion calculo orden venta", "nombre": "Orden Venta", "ficha": [25, 28], "precargado": "NO"}, "model": "registro.formulario", "pk": 29}, {"fields": {"formulario": 28, "colectores": [5]}, "model": "registro.permisoformulario", "pk": 37}, {"fields": {"formulario": 29, "colectores": [5]}, "model": "registro.permisoformulario", "pk": 41}, {"fields": {"formulario": 26, "colectores": [9]}, "model": "registro.permisoformulario", "pk": 42}, {"fields": {"formulario": 27, "colectores": [9]}, "model": "registro.permisoformulario", "pk": 43}, {"fields": {"descripcion": "ficha 1", "nombre": "ficha 1", "entrada": [1, 2, 3]}, "model": "registro.ficha", "pk": 1}, {"fields": {"descripcion": "ficha 2", "nombre": "ficha 2", "entrada": []}, "model": "registro.ficha", "pk": 2}, {"fields": {"descripcion": "", "nombre": "cliente", "entrada": [5]}, "model": "registro.ficha", "pk": 3}, {"fields": {"descripcion": "Seleccione un cliente de la lista", "nombre": "informaci\u00f3n personal", "entrada": []}, "model": "registro.ficha", "pk": 5}, {"fields": {"descripcion": "Informacion de productos", "nombre": "Seccion Info Producto", "entrada": [19, 168, 169, 170, 171, 172]}, "model": "registro.ficha", "pk": 6}, {"fields": {"descripcion": "", "nombre": "totales", "entrada": [8, 9, 10]}, "model": "registro.ficha", "pk": 7}, {"fields": {"descripcion": "DESCRIPCION FICHA TEST", "nombre": "SECCION TEST", "entrada": [14, 15, 16, 17, 18, 19, 20, 21]}, "model": "registro.ficha", "pk": 8}, {"fields": {"descripcion": "FICHA TO TEST FILLED FORMS", "nombre": "SECCION TEST 2", "entrada": [22, 25, 54]}, "model": "registro.ficha", "pk": 9}, {"fields": {"descripcion": "Descripcion Parte 1", "nombre": "Parte 1", "entrada": [23, 24]}, "model": "registro.ficha", "pk": 10}, {"fields": {"descripcion": "Esta ficha contiene una entrada dinamica", "nombre": "FICHA ENTRADA DINAMICA", "entrada": [27]}, "model": "registro.ficha", "pk": 11}, {"fields": {"descripcion": "", "nombre": "Supervision", "entrada": [28, 29, 30, 31, 32, 33]}, "model": "registro.ficha", "pk": 12}, {"fields": {"descripcion": "", "nombre": "FICHATESTNOV7", "entrada": [5, 21]}, "model": "registro.ficha", "pk": 13}, {"fields": {"descripcion": "", "nombre": "Entrega de propiedad para alquiler", "entrada": [19, 34, 35, 36, 37, 38, 39, 40, 41, 42, 43, 44, 45, 46, 47, 48, 49, 50, 51, 52, 53]}, "model": "registro.ficha", "pk": 14}, {"fields": {"descripcion": "TIPO DE INMUEBLE UBICACI\u00d3N Y CONTACTO", "nombre": "TIPO DE INMUEBLE UBICACI\u00d3N Y CONTACTO", "entrada": [36, 37, 38, 39, 40, 55, 56, 57, 58, 59, 60, 61, 62, 63, 64, 65, 66, 67, 68, 69, 70, 71, 72, 73, 74, 75]}, "model": "registro.ficha", "pk": 15}, {"fields": {"descripcion": "DATOS GENERALES DEL INMUEBLE", "nombre": "DATOS GENERALES DEL INMUEBLE", "entrada": [76, 77, 78, 79, 80, 81, 82, 83, 84, 85, 86, 87, 88, 89, 90, 91, 92, 93, 94, 95, 96, 97, 98, 99]}, "model": "registro.ficha", "pk": 16}, {"fields": {"descripcion": "DESCRIPCI\u00d3N DEL INMUEBLE", "nombre": "DESCRIPCI\u00d3N DEL INMUEBLE", "entrada": [19, 100, 101, 102, 103, 104, 105, 106, 107, 108, 109, 110, 111, 112, 113, 114, 115, 116, 117, 118, 119, 120, 121, 122, 123, 124, 125, 126, 127, 128, 129, 130, 131]}, "model": "registro.ficha", "pk": 17}, {"fields": {"descripcion": "", "nombre": "FICHA TEST 1", "entrada": [132]}, "model": "registro.ficha", "pk": 18}, {"fields": {"descripcion": "", "nombre": "FICHA TEST 2", "entrada": [133]}, "model": "registro.ficha", "pk": 19}, {"fields": {"descripcion": "", "nombre": "SECCION TEST FOTO", "entrada": [19]}, "model": "registro.ficha", "pk": 20}, {"fields": {"descripcion": "", "nombre": "FICHA 2 ENTRADA DINAMICA PEDIDO", "entrada": [134]}, "model": "registro.ficha", "pk": 21}, {"fields": {"descripcion": "", "nombre": "Contractor", "entrada": [135, 136, 137, 138, 139, 140, 141, 178]}, "model": "registro.ficha", "pk": 22}, {"fields": {"descripcion": "EMPLOYMENT - THIS REPORTING PERIOD (MONTHLY)", "nombre": "Work hours of employment", "entrada": [142, 143, 144, 145, 148, 149, 150, 151, 152, 153, 154, 155, 156, 157, 179, 180, 181, 182]}, "model": "registro.ficha", "pk": 23}, {"fields": {"descripcion": "", "nombre": "3. NUMBER OF EMPLOYEES", "entrada": [156, 157, 158, 159]}, "model": "registro.ficha", "pk": 24}, {"fields": {"descripcion": "", "nombre": "Client Info", "entrada": [160, 161]}, "model": "registro.ficha", "pk": 25}, {"fields": {"descripcion": "", "nombre": "Vehicle data", "entrada": [162, 163, 164, 165, 166, 167]}, "model": "registro.ficha", "pk": 26}, {"fields": {"descripcion": "Esta seccion tiene el calculo del pedido del clien", "nombre": "Seccion Orden Venta", "entrada": [173]}, "model": "registro.ficha", "pk": 28}, {"fields": {"tipo": "1", "respuesta": [1, 2], "defecto": "", "precargado": "NO", "minimo": "", "maximo": "", "requerido": "SI", "descripcion": "entrada 1", "nombre": "entrada 1", "validacion": "", "form_asociado": null}, "model": "registro.entrada", "pk": 1}, {"fields": {"tipo": "1", "respuesta": [3], "defecto": "", "precargado": "NO", "minimo": "", "maximo": "", "requerido": "SI", "descripcion": "entrada 2", "nombre": "entrada 2", "validacion": "", "form_asociado": null}, "model": "registro.entrada", "pk": 2}, {"fields": {"tipo": "3", "respuesta": [3], "defecto": "", "precargado": "NO", "minimo": "", "maximo": "", "requerido": "SI", "descripcion": "entrada 3", "nombre": "entrada 3", "validacion": "", "form_asociado": null}, "model": "registro.entrada", "pk": 3}, {"fields": {"tipo": "1", "respuesta": [], "defecto": "", "precargado": "NO", "minimo": "", "maximo": "", "requerido": "SI", "descripcion": "", "nombre": "nombre", "validacion": "", "form_asociado": null}, "model": "registro.entrada", "pk": 5}, {"fields": {"tipo": "1", "respuesta": [], "defecto": "", "precargado": "NO", "minimo": "", "maximo": "", "requerido": "SI", "descripcion": "", "nombre": "id", "validacion": "", "form_asociado": null}, "model": "registro.entrada", "pk": 6}, {"fields": {"tipo": "1", "respuesta": [], "defecto": "", "precargado": "NO", "minimo": "", "maximo": "", "requerido": "SI", "descripcion": "", "nombre": "proveedor", "validacion": "", "form_asociado": null}, "model": "registro.entrada", "pk": 7}, {"fields": {"tipo": "1", "respuesta": [], "defecto": "", "precargado": "NO", "minimo": "", "maximo": "", "requerido": "SI", "descripcion": "", "nombre": "sub total", "validacion": "", "form_asociado": null}, "model": "registro.entrada", "pk": 8}, {"fields": {"tipo": "1", "respuesta": [], "defecto": "", "precargado": "NO", "minimo": "", "maximo": "", "requerido": "SI", "descripcion": "", "nombre": "iva", "validacion": "", "form_asociado": null}, "model": "registro.entrada", "pk": 9}, {"fields": {"tipo": "1", "respuesta": [], "defecto": "", "precargado": "NO", "minimo": "", "maximo": "", "requerido": "SI", "descripcion": "", "nombre": "total", "validacion": "", "form_asociado": null}, "model": "registro.entrada", "pk": 10}, {"fields": {"tipo": "1", "respuesta": [], "defecto": "", "precargado": "NO", "minimo": "", "maximo": "", "requerido": "SI", "descripcion": "INGRESE TEXT", "nombre": "TEXT", "validacion": "", "form_asociado": null}, "model": "registro.entrada", "pk": 14}, {"fields": {"tipo": "2", "respuesta": [], "defecto": "", "precargado": "NO", "minimo": "", "maximo": "", "requerido": "SI", "descripcion": "INGRESE PARRAFO", "nombre": "PARRAFO", "validacion": "", "form_asociado": null}, "model": "registro.entrada", "pk": 15}, {"fields": {"tipo": "3", "respuesta": [8, 9, 10], "defecto": "", "precargado": "NO", "minimo": "", "maximo": "", "requerido": "SI", "descripcion": "SELECCIONE SELECT", "nombre": "SELECT", "validacion": "", "form_asociado": null}, "model": "registro.entrada", "pk": 16}, {"fields": {"tipo": "4", "respuesta": [11, 12, 13], "defecto": "", "precargado": "NO", "minimo": "", "maximo": "", "requerido": "SI", "descripcion": "SELECCIONE RADIO", "nombre": "RADIO", "validacion": "", "form_asociado": null}, "model": "registro.entrada", "pk": 17}, {"fields": {"tipo": "5", "respuesta": [14, 15, 16], "defecto": "", "precargado": "NO", "minimo": "", "maximo": "", "requerido": "SI", "descripcion": "SELECCIONE CHECKBOX", "nombre": "CHECKBOX", "validacion": "", "form_asociado": null}, "model": "registro.entrada", "pk": 18}, {"fields": {"tipo": "6", "respuesta": [], "defecto": "", "precargado": "NO", "minimo": "", "maximo": "", "requerido": "NO", "descripcion": "INGRESE FOTO", "nombre": "FOTO", "validacion": "", "form_asociado": null}, "model": "registro.entrada", "pk": 19}, {"fields": {"tipo": "7", "respuesta": [], "defecto": "", "precargado": "NO", "minimo": "", "maximo": "", "requerido": "SI", "descripcion": "INGRESE FECHA", "nombre": "FECHA", "validacion": "", "form_asociado": null}, "model": "registro.entrada", "pk": 20}, {"fields": {"tipo": "8", "respuesta": [], "defecto": "", "precargado": "NO", "minimo": "", "maximo": "", "requerido": "SI", "descripcion": "INGRESE NUMERO", "nombre": "NUMERO", "validacion": "", "form_asociado": null}, "model": "registro.entrada", "pk": 21}, {"fields": {"tipo": "1", "respuesta": [], "defecto": "", "precargado": "NO", "minimo": "", "maximo": "", "requerido": "SI", "descripcion": "Enter test input", "nombre": "NOMBRE DE LA PERSONA", "validacion": "", "form_asociado": null}, "model": "registro.entrada", "pk": 22}, {"fields": {"tipo": "1", "respuesta": [], "defecto": "", "precargado": "NO", "minimo": "", "maximo": "", "requerido": "SI", "descripcion": "Ingrese su nombre", "nombre": "Cual es su nombre?", "validacion": "", "form_asociado": null}, "model": "registro.entrada", "pk": 23}, {"fields": {"tipo": "4", "respuesta": [17, 18, 19], "defecto": "", "precargado": "NO", "minimo": "", "maximo": "", "requerido": "SI", "descripcion": "Seleccione edad", "nombre": "Cual es su edad?", "validacion": "", "form_asociado": null}, "model": "registro.entrada", "pk": 24}, {"fields": {"tipo": "1", "respuesta": [], "defecto": "", "precargado": "NO", "minimo": "", "maximo": "", "requerido": "SI", "descripcion": "Ingrese telefono", "nombre": "TELEFONO", "validacion": "", "form_asociado": null}, "model": "registro.entrada", "pk": 25}, {"fields": {"tipo": "1", "respuesta": [], "defecto": "", "precargado": "NO", "minimo": "", "maximo": "", "requerido": "SI", "descripcion": "Ingrese C\u00e9dula de la persona", "nombre": "CEDULA", "validacion": "", "form_asociado": null}, "model": "registro.entrada", "pk": 26}, {"fields": {"tipo": "10", "respuesta": [], "defecto": "", "precargado": "NO", "minimo": "", "maximo": "", "requerido": "SI", "descripcion": "Esta es una entrada dinamica", "nombre": "EntradaDinamica", "validacion": "", "form_asociado": null}, "model": "registro.entrada", "pk": 27}, {"fields": {"tipo": "8", "respuesta": [], "defecto": "", "precargado": "NO", "minimo": "", "maximo": "", "requerido": "SI", "descripcion": "", "nombre": "Cod Cliente", "validacion": "", "form_asociado": null}, "model": "registro.entrada", "pk": 28}, {"fields": {"tipo": "2", "respuesta": [], "defecto": "", "precargado": "NO", "minimo": "", "maximo": "", "requerido": "SI", "descripcion": "", "nombre": "S/N Decodificador", "validacion": "", "form_asociado": null}, "model": "registro.entrada", "pk": 29}, {"fields": {"tipo": "2", "respuesta": [], "defecto": "", "precargado": "NO", "minimo": "", "maximo": "", "requerido": "SI", "descripcion": "", "nombre": "S/N Tarjeta", "validacion": "", "form_asociado": null}, "model": "registro.entrada", "pk": 30}, {"fields": {"tipo": "8", "respuesta": [], "defecto": "", "precargado": "NO", "minimo": "", "maximo": "", "requerido": "SI", "descripcion": "", "nombre": "Cables M2", "validacion": "", "form_asociado": null}, "model": "registro.entrada", "pk": 31}, {"fields": {"tipo": "6", "respuesta": [], "defecto": "", "precargado": "NO", "minimo": "", "maximo": "", "requerido": "SI", "descripcion": "", "nombre": "Fotos Internas", "validacion": "", "form_asociado": null}, "model": "registro.entrada", "pk": 32}, {"fields": {"tipo": "6", "respuesta": [], "defecto": "", "precargado": "NO", "minimo": "", "maximo": "", "requerido": "SI", "descripcion": "", "nombre": "Fotos Externas", "validacion": "", "form_asociado": null}, "model": "registro.entrada", "pk": 33}, {"fields": {"tipo": "7", "respuesta": [], "defecto": "", "precargado": "NO", "minimo": "", "maximo": "", "requerido": "SI", "descripcion": "", "nombre": "Fecha", "validacion": "", "form_asociado": null}, "model": "registro.entrada", "pk": 34}, {"fields": {"tipo": "1", "respuesta": [], "defecto": "", "precargado": "NO", "minimo": "", "maximo": "", "requerido": "SI", "descripcion": "", "nombre": "Propietario(a)", "validacion": "", "form_asociado": null}, "model": "registro.entrada", "pk": 35}, {"fields": {"tipo": "8", "respuesta": [], "defecto": "", "precargado": "NO", "minimo": "", "maximo": "", "requerido": "SI", "descripcion": "Ingrese los telefonos separados por coma (,)", "nombre": "Telefonos", "validacion": "", "form_asociado": null}, "model": "registro.entrada", "pk": 36}, {"fields": {"tipo": "4", "respuesta": [20, 21, 22, 23, 24, 25, 26], "defecto": "", "precargado": "NO", "minimo": "", "maximo": "", "requerido": "SI", "descripcion": "", "nombre": "Inmueble", "validacion": "", "form_asociado": null}, "model": "registro.entrada", "pk": 37}, {"fields": {"tipo": "1", "respuesta": [], "defecto": "", "precargado": "NO", "minimo": "", "maximo": "", "requerido": "SI", "descripcion": "", "nombre": "Direccion", "validacion": "", "form_asociado": null}, "model": "registro.entrada", "pk": 38}, {"fields": {"tipo": "1", "respuesta": [], "defecto": "", "precargado": "NO", "minimo": "", "maximo": "", "requerido": "SI", "descripcion": "", "nombre": "Barrio", "validacion": "", "form_asociado": null}, "model": "registro.entrada", "pk": 39}, {"fields": {"tipo": "1", "respuesta": [], "defecto": "", "precargado": "NO", "minimo": "", "maximo": "", "requerido": "SI", "descripcion": "", "nombre": "Nombre Copropiedad", "validacion": "", "form_asociado": null}, "model": "registro.entrada", "pk": 40}, {"fields": {"tipo": "8", "respuesta": [], "defecto": "", "precargado": "NO", "minimo": "", "maximo": "", "requerido": "SI", "descripcion": "", "nombre": "Canon", "validacion": "", "form_asociado": null}, "model": "registro.entrada", "pk": 41}, {"fields": {"tipo": "8", "respuesta": [], "defecto": "", "precargado": "NO", "minimo": "", "maximo": "", "requerido": "SI", "descripcion": "", "nombre": "Administracion", "validacion": "", "form_asociado": null}, "model": "registro.entrada", "pk": 42}, {"fields": {"tipo": "8", "respuesta": [], "defecto": "", "precargado": "NO", "minimo": "", "maximo": "", "requerido": "SI", "descripcion": "", "nombre": "Valor total", "validacion": "", "form_asociado": null}, "model": "registro.entrada", "pk": 43}, {"fields": {"tipo": "4", "respuesta": [27, 28], "defecto": "", "precargado": "NO", "minimo": "", "maximo": "", "requerido": "SI", "descripcion": "", "nombre": "Poliza Servicios Publicos", "validacion": "", "form_asociado": null}, "model": "registro.entrada", "pk": 44}, {"fields": {"tipo": "4", "respuesta": [27, 28], "defecto": "", "precargado": "NO", "minimo": "", "maximo": "", "requerido": "SI", "descripcion": "", "nombre": "Clasificados", "validacion": "", "form_asociado": null}, "model": "registro.entrada", "pk": 45}, {"fields": {"tipo": "8", "respuesta": [], "defecto": "", "precargado": "NO", "minimo": "", "maximo": "", "requerido": "SI", "descripcion": "", "nombre": "Valor", "validacion": "", "form_asociado": null}, "model": "registro.entrada", "pk": 46}, {"fields": {"tipo": "1", "respuesta": [], "defecto": "", "precargado": "NO", "minimo": "", "maximo": "", "requerido": "SI", "descripcion": "", "nombre": "Direccion Correspondencia", "validacion": "", "form_asociado": null}, "model": "registro.entrada", "pk": 47}, {"fields": {"tipo": "4", "respuesta": [29, 30], "defecto": "", "precargado": "NO", "minimo": "", "maximo": "", "requerido": "SI", "descripcion": "", "nombre": "Cuenta Tipo", "validacion": "", "form_asociado": null}, "model": "registro.entrada", "pk": 48}, {"fields": {"tipo": "8", "respuesta": [], "defecto": "", "precargado": "NO", "minimo": "", "maximo": "", "requerido": "SI", "descripcion": "", "nombre": "Numero Cuenta", "validacion": "", "form_asociado": null}, "model": "registro.entrada", "pk": 49}, {"fields": {"tipo": "1", "respuesta": [], "defecto": "", "precargado": "NO", "minimo": "", "maximo": "", "requerido": "SI", "descripcion": "", "nombre": "Entidad", "validacion": "", "form_asociado": null}, "model": "registro.entrada", "pk": 50}, {"fields": {"tipo": "2", "respuesta": [], "defecto": "", "precargado": "NO", "minimo": "", "maximo": "", "requerido": "SI", "descripcion": "", "nombre": "Observaciones", "validacion": "", "form_asociado": null}, "model": "registro.entrada", "pk": 51}, {"fields": {"tipo": "8", "respuesta": [], "defecto": "", "precargado": "NO", "minimo": "", "maximo": "", "requerido": "SI", "descripcion": "", "nombre": "Cedula propietario", "validacion": "", "form_asociado": null}, "model": "registro.entrada", "pk": 52}, {"fields": {"tipo": "4", "respuesta": [31, 32], "defecto": "", "precargado": "NO", "minimo": "", "maximo": "", "requerido": "SI", "descripcion": "", "nombre": "Aceptacion del propietario", "validacion": "", "form_asociado": null}, "model": "registro.entrada", "pk": 53}, {"fields": {"tipo": "11", "respuesta": [], "defecto": "", "precargado": "NO", "minimo": "", "maximo": "", "requerido": "SI", "descripcion": "", "nombre": "GPS TEST", "validacion": "", "form_asociado": null}, "model": "registro.entrada", "pk": 54}, {"fields": {"tipo": "4", "respuesta": [33, 34, 35, 36, 37, 38], "defecto": "", "precargado": "NO", "minimo": "", "maximo": "", "requerido": "SI", "descripcion": "", "nombre": "Estrato", "validacion": "", "form_asociado": null}, "model": "registro.entrada", "pk": 55}, {"fields": {"tipo": "1", "respuesta": [], "defecto": "", "precargado": "NO", "minimo": "", "maximo": "", "requerido": "SI", "descripcion": "", "nombre": "Matricula Inmobiliaria", "validacion": "", "form_asociado": null}, "model": "registro.entrada", "pk": 56}, {"fields": {"tipo": "8", "respuesta": [], "defecto": "", "precargado": "NO", "minimo": "", "maximo": "", "requerido": "SI", "descripcion": "", "nombre": "Avaluo Catastral", "validacion": "", "form_asociado": null}, "model": "registro.entrada", "pk": 57}, {"fields": {"tipo": "8", "respuesta": [], "defecto": "", "precargado": "NO", "minimo": "", "maximo": "", "requerido": "SI", "descripcion": "", "nombre": "Avaluo Comercial", "validacion": "", "form_asociado": null}, "model": "registro.entrada", "pk": 58}, {"fields": {"tipo": "8", "respuesta": [], "defecto": "", "precargado": "NO", "minimo": "", "maximo": "", "requerido": "SI", "descripcion": "", "nombre": "Area Lote", "validacion": "", "form_asociado": null}, "model": "registro.entrada", "pk": 59}, {"fields": {"tipo": "8", "respuesta": [], "defecto": "", "precargado": "NO", "minimo": "", "maximo": "", "requerido": "SI", "descripcion": "", "nombre": "Area Construida", "validacion": "", "form_asociado": null}, "model": "registro.entrada", "pk": 60}, {"fields": {"tipo": "8", "respuesta": [], "defecto": "", "precargado": "NO", "minimo": "", "maximo": "", "requerido": "SI", "descripcion": "", "nombre": "Area Privada", "validacion": "", "form_asociado": null}, "model": "registro.entrada", "pk": 61}, {"fields": {"tipo": "8", "respuesta": [], "defecto": "", "precargado": "NO", "minimo": "", "maximo": "", "requerido": "SI", "descripcion": "", "nombre": "A\u00f1o de construccion", "validacion": "", "form_asociado": null}, "model": "registro.entrada", "pk": 62}, {"fields": {"tipo": "1", "respuesta": [], "defecto": "", "precargado": "NO", "minimo": "", "maximo": "", "requerido": "SI", "descripcion": "", "nombre": "Ubicaci\u00f3n Llaves", "validacion": "", "form_asociado": null}, "model": "registro.entrada", "pk": 63}, {"fields": {"tipo": "8", "respuesta": [], "defecto": "", "precargado": "NO", "minimo": "", "maximo": "", "requerido": "SI", "descripcion": "", "nombre": "Frente", "validacion": "", "form_asociado": null}, "model": "registro.entrada", "pk": 64}, {"fields": {"tipo": "8", "respuesta": [], "defecto": "", "precargado": "NO", "minimo": "", "maximo": "", "requerido": "SI", "descripcion": "", "nombre": "Fondo", "validacion": "", "form_asociado": null}, "model": "registro.entrada", "pk": 65}, {"fields": {"tipo": "8", "respuesta": [], "defecto": "", "precargado": "NO", "minimo": "", "maximo": "", "requerido": "SI", "descripcion": "", "nombre": "Telefono Porter\u00eda", "validacion": "", "form_asociado": null}, "model": "registro.entrada", "pk": 66}, {"fields": {"tipo": "1", "respuesta": [], "defecto": "", "precargado": "NO", "minimo": "", "maximo": "", "requerido": "SI", "descripcion": "", "nombre": "Contacto de visita", "validacion": "", "form_asociado": null}, "model": "registro.entrada", "pk": 67}, {"fields": {"tipo": "1", "respuesta": [], "defecto": "", "precargado": "NO", "minimo": "", "maximo": "", "requerido": "SI", "descripcion": "", "nombre": "Horario", "validacion": "", "form_asociado": null}, "model": "registro.entrada", "pk": 68}, {"fields": {"tipo": "8", "respuesta": [], "defecto": "", "precargado": "NO", "minimo": "", "maximo": "", "requerido": "SI", "descripcion": "", "nombre": "Celular", "validacion": "", "form_asociado": null}, "model": "registro.entrada", "pk": 69}, {"fields": {"tipo": "8", "respuesta": [], "defecto": "", "precargado": "NO", "minimo": "", "maximo": "", "requerido": "SI", "descripcion": "", "nombre": "Precio de venta", "validacion": "", "form_asociado": null}, "model": "registro.entrada", "pk": 70}, {"fields": {"tipo": "8", "respuesta": [], "defecto": "", "precargado": "NO", "minimo": "", "maximo": "", "requerido": "SI", "descripcion": "", "nombre": "Cta. Admon", "validacion": "", "form_asociado": null}, "model": "registro.entrada", "pk": 71}, {"fields": {"tipo": "4", "respuesta": [27, 28], "defecto": "", "precargado": "NO", "minimo": "", "maximo": "", "requerido": "SI", "descripcion": "", "nombre": "Hipoteca", "validacion": "", "form_asociado": null}, "model": "registro.entrada", "pk": 72}, {"fields": {"tipo": "8", "respuesta": [], "defecto": "", "precargado": "NO", "minimo": "", "maximo": "", "requerido": "SI", "descripcion": "", "nombre": "Valor Hipoteca", "validacion": "", "form_asociado": null}, "model": "registro.entrada", "pk": 73}, {"fields": {"tipo": "1", "respuesta": [], "defecto": "", "precargado": "NO", "minimo": "", "maximo": "", "requerido": "SI", "descripcion": "", "nombre": "Banco Hipoteca", "validacion": "", "form_asociado": null}, "model": "registro.entrada", "pk": 74}, {"fields": {"tipo": "1", "respuesta": [], "defecto": "", "precargado": "NO", "minimo": "", "maximo": "", "requerido": "SI", "descripcion": "", "nombre": "Otro gravamen", "validacion": "", "form_asociado": null}, "model": "registro.entrada", "pk": 75}, {"fields": {"tipo": "8", "respuesta": [], "defecto": "", "precargado": "NO", "minimo": "", "maximo": "", "requerido": "SI", "descripcion": "", "nombre": "Pisos del edificio", "validacion": "", "form_asociado": null}, "model": "registro.entrada", "pk": 76}, {"fields": {"tipo": "8", "respuesta": [], "defecto": "", "precargado": "NO", "minimo": "", "maximo": "", "requerido": "SI", "descripcion": "", "nombre": "Aptos por piso", "validacion": "", "form_asociado": null}, "model": "registro.entrada", "pk": 77}, {"fields": {"tipo": "4", "respuesta": [27, 28], "defecto": "", "precargado": "NO", "minimo": "", "maximo": "", "requerido": "SI", "descripcion": "", "nombre": "Ascensor", "validacion": "", "form_asociado": null}, "model": "registro.entrada", "pk": 78}, {"fields": {"tipo": "4", "respuesta": [27, 28], "defecto": "", "precargado": "NO", "minimo": "", "maximo": "", "requerido": "SI", "descripcion": "", "nombre": "Escaleras", "validacion": "", "form_asociado": null}, "model": "registro.entrada", "pk": 79}, {"fields": {"tipo": "8", "respuesta": [], "defecto": "", "precargado": "NO", "minimo": "", "maximo": "", "requerido": "SI", "descripcion": "", "nombre": "Parqueaderos privados", "validacion": "", "form_asociado": null}, "model": "registro.entrada", "pk": 80}, {"fields": {"tipo": "4", "respuesta": [39, 40], "defecto": "", "precargado": "NO", "minimo": "", "maximo": "", "requerido": "SI", "descripcion": "", "nombre": "Tipo parqueadero", "validacion": "", "form_asociado": null}, "model": "registro.entrada", "pk": 81}, {"fields": {"tipo": "8", "respuesta": [], "defecto": "", "precargado": "NO", "minimo": "", "maximo": "", "requerido": "SI", "descripcion": "", "nombre": "Parqueaderos visitantes", "validacion": "", "form_asociado": null}, "model": "registro.entrada", "pk": 82}, {"fields": {"tipo": "4", "respuesta": [39, 40], "defecto": "", "precargado": "NO", "minimo": "", "maximo": "", "requerido": "SI", "descripcion": "", "nombre": "Tipo parqueadero visitantes", "validacion": "", "form_asociado": null}, "model": "registro.entrada", "pk": 83}, {"fields": {"tipo": "4", "respuesta": [27, 28], "defecto": "", "precargado": "NO", "minimo": "", "maximo": "", "requerido": "SI", "descripcion": "", "nombre": "Vigilancia", "validacion": "", "form_asociado": null}, "model": "registro.entrada", "pk": 84}, {"fields": {"tipo": "4", "respuesta": [27, 28], "defecto": "", "precargado": "NO", "minimo": "", "maximo": "", "requerido": "SI", "descripcion": "", "nombre": "Circuito cerrado tv", "validacion": "", "form_asociado": null}, "model": "registro.entrada", "pk": 85}, {"fields": {"tipo": "4", "respuesta": [27, 28], "defecto": "", "precargado": "NO", "minimo": "", "maximo": "", "requerido": "SI", "descripcion": "", "nombre": "Citofono", "validacion": "", "form_asociado": null}, "model": "registro.entrada", "pk": 86}, {"fields": {"tipo": "4", "respuesta": [27, 28], "defecto": "", "precargado": "NO", "minimo": "", "maximo": "", "requerido": "SI", "descripcion": "", "nombre": "Recepci\u00f3n-porter\u00eda", "validacion": "", "form_asociado": null}, "model": "registro.entrada", "pk": 87}, {"fields": {"tipo": "4", "respuesta": [27, 28], "defecto": "", "precargado": "NO", "minimo": "", "maximo": "", "requerido": "SI", "descripcion": "", "nombre": "Puerta Seguridad", "validacion": "", "form_asociado": null}, "model": "registro.entrada", "pk": 88}, {"fields": {"tipo": "4", "respuesta": [27, 28], "defecto": "", "precargado": "NO", "minimo": "", "maximo": "", "requerido": "SI", "descripcion": "", "nombre": "Alarma", "validacion": "", "form_asociado": null}, "model": "registro.entrada", "pk": 89}, {"fields": {"tipo": "4", "respuesta": [27, 28], "defecto": "", "precargado": "NO", "minimo": "", "maximo": "", "requerido": "SI", "descripcion": "", "nombre": "Sede social", "validacion": "", "form_asociado": null}, "model": "registro.entrada", "pk": 90}, {"fields": {"tipo": "4", "respuesta": [27, 28], "defecto": "", "precargado": "NO", "minimo": "", "maximo": "", "requerido": "SI", "descripcion": "", "nombre": "Piscina", "validacion": "", "form_asociado": null}, "model": "registro.entrada", "pk": 91}, {"fields": {"tipo": "4", "respuesta": [27, 28], "defecto": "", "precargado": "NO", "minimo": "", "maximo": "", "requerido": "SI", "descripcion": "", "nombre": "Zona Infantil", "validacion": "", "form_asociado": null}, "model": "registro.entrada", "pk": 92}, {"fields": {"tipo": "4", "respuesta": [27, 28], "defecto": "", "precargado": "NO", "minimo": "", "maximo": "", "requerido": "SI", "descripcion": "", "nombre": "Jacuzzi", "validacion": "", "form_asociado": null}, "model": "registro.entrada", "pk": 93}, {"fields": {"tipo": "4", "respuesta": [27, 28], "defecto": "", "precargado": "NO", "minimo": "", "maximo": "", "requerido": "SI", "descripcion": "", "nombre": "Gimnasio", "validacion": "", "form_asociado": null}, "model": "registro.entrada", "pk": 94}, {"fields": {"tipo": "4", "respuesta": [27, 28], "defecto": "", "precargado": "NO", "minimo": "", "maximo": "", "requerido": "SI", "descripcion": "", "nombre": "Planta el\u00e9ctrica", "validacion": "", "form_asociado": null}, "model": "registro.entrada", "pk": 95}, {"fields": {"tipo": "4", "respuesta": [27, 28], "defecto": "", "precargado": "NO", "minimo": "", "maximo": "", "requerido": "SI", "descripcion": "", "nombre": "Sauna", "validacion": "", "form_asociado": null}, "model": "registro.entrada", "pk": 96}, {"fields": {"tipo": "4", "respuesta": [27, 28], "defecto": "", "precargado": "NO", "minimo": "", "maximo": "", "requerido": "SI", "descripcion": "", "nombre": "Turco", "validacion": "", "form_asociado": null}, "model": "registro.entrada", "pk": 97}, {"fields": {"tipo": "4", "respuesta": [27, 28], "defecto": "", "precargado": "NO", "minimo": "", "maximo": "", "requerido": "SI", "descripcion": "", "nombre": "Lavanderia", "validacion": "", "form_asociado": null}, "model": "registro.entrada", "pk": 98}, {"fields": {"tipo": "1", "respuesta": [], "defecto": "", "precargado": "NO", "minimo": "", "maximo": "", "requerido": "SI", "descripcion": "", "nombre": "Otros", "validacion": "", "form_asociado": null}, "model": "registro.entrada", "pk": 99}, {"fields": {"tipo": "8", "respuesta": [], "defecto": "", "precargado": "NO", "minimo": "", "maximo": "", "requerido": "SI", "descripcion": "", "nombre": "Total alcobas", "validacion": "", "form_asociado": null}, "model": "registro.entrada", "pk": 100}, {"fields": {"tipo": "8", "respuesta": [], "defecto": "", "precargado": "NO", "minimo": "", "maximo": "", "requerido": "SI", "descripcion": "", "nombre": "Total ba\u00f1os", "validacion": "", "form_asociado": null}, "model": "registro.entrada", "pk": 101}, {"fields": {"tipo": "4", "respuesta": [27, 28], "defecto": "", "precargado": "NO", "minimo": "", "maximo": "", "requerido": "SI", "descripcion": "", "nombre": "Sala comedor", "validacion": "", "form_asociado": null}, "model": "registro.entrada", "pk": 102}, {"fields": {"tipo": "4", "respuesta": [27, 28], "defecto": "", "precargado": "NO", "minimo": "", "maximo": "", "requerido": "SI", "descripcion": "", "nombre": "Biblioteca / Estudio", "validacion": "", "form_asociado": null}, "model": "registro.entrada", "pk": 103}, {"fields": {"tipo": "4", "respuesta": [27, 28], "defecto": "", "precargado": "NO", "minimo": "", "maximo": "", "requerido": "SI", "descripcion": "", "nombre": "Estadero", "validacion": "", "form_asociado": null}, "model": "registro.entrada", "pk": 104}, {"fields": {"tipo": "4", "respuesta": [27, 28], "defecto": "", "precargado": "NO", "minimo": "", "maximo": "", "requerido": "SI", "descripcion": "", "nombre": "Alcoba servicio", "validacion": "", "form_asociado": null}, "model": "registro.entrada", "pk": 105}, {"fields": {"tipo": "4", "respuesta": [27, 28], "defecto": "", "precargado": "NO", "minimo": "", "maximo": "", "requerido": "SI", "descripcion": "", "nombre": "Ba\u00f1o servicio", "validacion": "", "form_asociado": null}, "model": "registro.entrada", "pk": 106}, {"fields": {"tipo": "4", "respuesta": [27, 28], "defecto": "", "precargado": "NO", "minimo": "", "maximo": "", "requerido": "SI", "descripcion": "", "nombre": "Deposito", "validacion": "", "form_asociado": null}, "model": "registro.entrada", "pk": 107}, {"fields": {"tipo": "4", "respuesta": [27, 28], "defecto": "", "precargado": "NO", "minimo": "", "maximo": "", "requerido": "SI", "descripcion": "", "nombre": "Cocina tradicional", "validacion": "", "form_asociado": null}, "model": "registro.entrada", "pk": 108}, {"fields": {"tipo": "4", "respuesta": [27, 28], "defecto": "", "precargado": "NO", "minimo": "", "maximo": "", "requerido": "SI", "descripcion": "", "nombre": "Cocina Integral", "validacion": "", "form_asociado": null}, "model": "registro.entrada", "pk": 109}, {"fields": {"tipo": "4", "respuesta": [27, 28], "defecto": "", "precargado": "NO", "minimo": "", "maximo": "", "requerido": "SI", "descripcion": "", "nombre": "Cocina abierta", "validacion": "", "form_asociado": null}, "model": "registro.entrada", "pk": 110}, {"fields": {"tipo": "4", "respuesta": [27, 28], "defecto": "", "precargado": "NO", "minimo": "", "maximo": "", "requerido": "SI", "descripcion": "", "nombre": "Horno", "validacion": "", "form_asociado": null}, "model": "registro.entrada", "pk": 111}, {"fields": {"tipo": "4", "respuesta": [27, 28], "defecto": "", "precargado": "NO", "minimo": "", "maximo": "", "requerido": "SI", "descripcion": "", "nombre": "Gas", "validacion": "", "form_asociado": null}, "model": "registro.entrada", "pk": 112}, {"fields": {"tipo": "4", "respuesta": [27, 28], "defecto": "", "precargado": "NO", "minimo": "", "maximo": "", "requerido": "SI", "descripcion": "", "nombre": "Calentador", "validacion": "", "form_asociado": null}, "model": "registro.entrada", "pk": 113}, {"fields": {"tipo": "4", "respuesta": [27, 28], "defecto": "", "precargado": "NO", "minimo": "", "maximo": "", "requerido": "SI", "descripcion": "", "nombre": "Campana", "validacion": "", "form_asociado": null}, "model": "registro.entrada", "pk": 114}, {"fields": {"tipo": "4", "respuesta": [27, 28], "defecto": "", "precargado": "NO", "minimo": "", "maximo": "", "requerido": "SI", "descripcion": "", "nombre": "Zona de oficios", "validacion": "", "form_asociado": null}, "model": "registro.entrada", "pk": 115}, {"fields": {"tipo": "1", "respuesta": [], "defecto": "", "precargado": "NO", "minimo": "", "maximo": "", "requerido": "SI", "descripcion": "", "nombre": "Pisos tipo", "validacion": "", "form_asociado": null}, "model": "registro.entrada", "pk": 116}, {"fields": {"tipo": "4", "respuesta": [27, 28], "defecto": "", "precargado": "NO", "minimo": "", "maximo": "", "requerido": "SI", "descripcion": "", "nombre": "Terraza", "validacion": "", "form_asociado": null}, "model": "registro.entrada", "pk": 117}, {"fields": {"tipo": "4", "respuesta": [27, 28], "defecto": "", "precargado": "NO", "minimo": "", "maximo": "", "requerido": "SI", "descripcion": "", "nombre": "Balc\u00f3n", "validacion": "", "form_asociado": null}, "model": "registro.entrada", "pk": 118}, {"fields": {"tipo": "4", "respuesta": [27, 28], "defecto": "", "precargado": "NO", "minimo": "", "maximo": "", "requerido": "SI", "descripcion": "", "nombre": "Patio", "validacion": "", "form_asociado": null}, "model": "registro.entrada", "pk": 119}, {"fields": {"tipo": "4", "respuesta": [27, 28], "defecto": "", "precargado": "NO", "minimo": "", "maximo": "", "requerido": "SI", "descripcion": "", "nombre": "Jardin", "validacion": "", "form_asociado": null}, "model": "registro.entrada", "pk": 120}, {"fields": {"tipo": "4", "respuesta": [27, 28], "defecto": "", "precargado": "NO", "minimo": "", "maximo": "", "requerido": "SI", "descripcion": "", "nombre": "Aire acondicionado", "validacion": "", "form_asociado": null}, "model": "registro.entrada", "pk": 121}, {"fields": {"tipo": "4", "respuesta": [27, 28], "defecto": "", "precargado": "NO", "minimo": "", "maximo": "", "requerido": "SI", "descripcion": "", "nombre": "Piscina privada", "validacion": "", "form_asociado": null}, "model": "registro.entrada", "pk": 122}, {"fields": {"tipo": "4", "respuesta": [27, 28], "defecto": "", "precargado": "NO", "minimo": "", "maximo": "", "requerido": "SI", "descripcion": "", "nombre": "Jacuzzi privado", "validacion": "", "form_asociado": null}, "model": "registro.entrada", "pk": 123}, {"fields": {"tipo": "4", "respuesta": [27, 28], "defecto": "", "precargado": "NO", "minimo": "", "maximo": "", "requerido": "SI", "descripcion": "", "nombre": "Vista privada", "validacion": "", "form_asociado": null}, "model": "registro.entrada", "pk": 124}, {"fields": {"tipo": "1", "respuesta": [], "defecto": "", "precargado": "NO", "minimo": "", "maximo": "", "requerido": "SI", "descripcion": "", "nombre": "Acabados cocina", "validacion": "", "form_asociado": null}, "model": "registro.entrada", "pk": 125}, {"fields": {"tipo": "1", "respuesta": [], "defecto": "", "precargado": "NO", "minimo": "", "maximo": "", "requerido": "SI", "descripcion": "", "nombre": "Acabados ba\u00f1o", "validacion": "", "form_asociado": null}, "model": "registro.entrada", "pk": 126}, {"fields": {"tipo": "2", "respuesta": [], "defecto": "", "precargado": "NO", "minimo": "", "maximo": "", "requerido": "SI", "descripcion": "", "nombre": "OBSERVACIONES", "validacion": "", "form_asociado": null}, "model": "registro.entrada", "pk": 127}, {"fields": {"tipo": "1", "respuesta": [], "defecto": "", "precargado": "NO", "minimo": "", "maximo": "", "requerido": "SI", "descripcion": "", "nombre": "Nombre Captador", "validacion": "", "form_asociado": null}, "model": "registro.entrada", "pk": 128}, {"fields": {"tipo": "8", "respuesta": [], "defecto": "", "precargado": "NO", "minimo": "", "maximo": "", "requerido": "SI", "descripcion": "", "nombre": "Celular captador", "validacion": "", "form_asociado": null}, "model": "registro.entrada", "pk": 129}, {"fields": {"tipo": "7", "respuesta": [], "defecto": "", "precargado": "NO", "minimo": "", "maximo": "", "requerido": "SI", "descripcion": "", "nombre": "Fecha Captaci\u00f3n", "validacion": "", "form_asociado": null}, "model": "registro.entrada", "pk": 130}, {"fields": {"tipo": "1", "respuesta": [], "defecto": "", "precargado": "NO", "minimo": "", "maximo": "", "requerido": "SI", "descripcion": "", "nombre": "C\u00f3digo web", "validacion": "", "form_asociado": null}, "model": "registro.entrada", "pk": 131}, {"fields": {"tipo": "1", "respuesta": [], "defecto": "", "precargado": "NO", "minimo": "", "maximo": "", "requerido": "SI", "descripcion": "", "nombre": "ENTRADA TEST 1", "validacion": "", "form_asociado": null}, "model": "registro.entrada", "pk": 132}, {"fields": {"tipo": "1", "respuesta": [], "defecto": "", "precargado": "NO", "minimo": "", "maximo": "", "requerido": "SI", "descripcion": "", "nombre": "ENTRADA TEST 2", "validacion": "", "form_asociado": null}, "model": "registro.entrada", "pk": 133}, {"fields": {"tipo": "4", "respuesta": [8, 9, 10], "defecto": "", "precargado": "NO", "minimo": "", "maximo": "", "requerido": "SI", "descripcion": "", "nombre": "PEDIDO", "validacion": "", "form_asociado": null}, "model": "registro.entrada", "pk": 134}, {"fields": {"tipo": "1", "respuesta": [], "defecto": "", "precargado": "NO", "minimo": "", "maximo": "", "requerido": "SI", "descripcion": "", "nombre": "Contract No.", "validacion": "", "form_asociado": null}, "model": "registro.entrada", "pk": 135}, {"fields": {"tipo": "1", "respuesta": [], "defecto": "", "precargado": "NO", "minimo": "", "maximo": "", "requerido": "SI", "descripcion": "", "nombre": "PIN", "validacion": "", "form_asociado": null}, "model": "registro.entrada", "pk": 136}, {"fields": {"tipo": "1", "respuesta": [], "defecto": "", "precargado": "NO", "minimo": "", "maximo": "", "requerido": "SI", "descripcion": "", "nombre": "  Contractor", "validacion": "", "form_asociado": null}, "model": "registro.entrada", "pk": 137}, {"fields": {"tipo": "1", "respuesta": [], "defecto": "", "precargado": "NO", "minimo": "", "maximo": "", "requerido": "SI", "descripcion": "", "nombre": "Federal EIN", "validacion": "", "form_asociado": null}, "model": "registro.entrada", "pk": 138}, {"fields": {"tipo": "4", "respuesta": [60, 61, 62, 63, 64, 65, 66, 67, 68, 69, 70, 71, 72, 73, 74, 75, 76, 77, 78, 79, 80, 81, 82, 83, 84, 85, 86, 87, 88, 89, 90, 91, 92, 93, 94, 95, 96, 97, 98, 99, 100, 101, 102, 103, 104, 105, 106, 107, 108, 109, 110, 111, 112, 113, 114, 115, 116, 117, 118, 119, 120, 121], "defecto": "", "precargado": "NO", "minimo": "", "maximo": "", "requerido": "SI", "descripcion": "", "nombre": "County", "validacion": "", "form_asociado": null}, "model": "registro.entrada", "pk": 139}, {"fields": {"tipo": "8", "respuesta": [], "defecto": "", "precargado": "NO", "minimo": "", "maximo": "", "requerido": "SI", "descripcion": "", "nombre": "Minority Goal\t(%)", "validacion": "", "form_asociado": null}, "model": "registro.entrada", "pk": 140}, {"fields": {"tipo": "8", "respuesta": [], "defecto": "", "precargado": "NO", "minimo": "", "maximo": "", "requerido": "SI", "descripcion": "", "nombre": "Female Goal (%)", "validacion": "", "form_asociado": null}, "model": "registro.entrada", "pk": 141}, {"fields": {"tipo": "7", "respuesta": [], "defecto": "", "precargado": "NO", "minimo": "", "maximo": "", "requerido": "SI", "descripcion": "", "nombre": "Date", "validacion": "", "form_asociado": null}, "model": "registro.entrada", "pk": 142}, {"fields": {"tipo": "4", "respuesta": [28, 44], "defecto": "", "precargado": "NO", "minimo": "", "maximo": "", "requerido": "SI", "descripcion": "", "nombre": "Final Report?", "validacion": "", "form_asociado": null}, "model": "registro.entrada", "pk": 143}, {"fields": {"tipo": "4", "respuesta": [48, 49, 50, 51, 52, 53, 54, 55, 56, 57], "defecto": "", "precargado": "NO", "minimo": "", "maximo": "", "requerido": "SI", "descripcion": "", "nombre": "TRADE", "validacion": "", "form_asociado": null}, "model": "registro.entrada", "pk": 144}, {"fields": {"tipo": "4", "respuesta": [58, 59], "defecto": "", "precargado": "NO", "minimo": "", "maximo": "", "requerido": "SI", "descripcion": "", "nombre": "Level", "validacion": "", "form_asociado": null}, "model": "registro.entrada", "pk": 145}, {"fields": {"tipo": "8", "respuesta": [], "defecto": "", "precargado": "NO", "minimo": "", "maximo": "", "requerido": "SI", "descripcion": "", "nombre": "TOTAL M", "validacion": "", "form_asociado": null}, "model": "registro.entrada", "pk": 146}, {"fields": {"tipo": "8", "respuesta": [], "defecto": "", "precargado": "NO", "minimo": "", "maximo": "", "requerido": "SI", "descripcion": "", "nombre": "TOTAL F", "validacion": "", "form_asociado": null}, "model": "registro.entrada", "pk": 147}, {"fields": {"tipo": "8", "respuesta": [], "defecto": "", "precargado": "NO", "minimo": "", "maximo": "", "requerido": "SI", "descripcion": "", "nombre": "Black M", "validacion": "", "form_asociado": null}, "model": "registro.entrada", "pk": 148}, {"fields": {"tipo": "8", "respuesta": [], "defecto": "", "precargado": "NO", "minimo": "", "maximo": "", "requerido": "SI", "descripcion": "", "nombre": "Black F", "validacion": "", "form_asociado": null}, "model": "registro.entrada", "pk": 149}, {"fields": {"tipo": "8", "respuesta": [], "defecto": "", "precargado": "NO", "minimo": "", "maximo": "", "requerido": "SI", "descripcion": "", "nombre": "Hispanic M", "validacion": "", "form_asociado": null}, "model": "registro.entrada", "pk": 150}, {"fields": {"tipo": "8", "respuesta": [], "defecto": "", "precargado": "NO", "minimo": "", "maximo": "", "requerido": "SI", "descripcion": "", "nombre": "Hispanic F", "validacion": "", "form_asociado": null}, "model": "registro.entrada", "pk": 151}, {"fields": {"tipo": "8", "respuesta": [], "defecto": "", "precargado": "NO", "minimo": "", "maximo": "", "requerido": "SI", "descripcion": "", "nombre": "Asian or Pacific Islander M", "validacion": "", "form_asociado": null}, "model": "registro.entrada", "pk": 152}, {"fields": {"tipo": "8", "respuesta": [], "defecto": "", "precargado": "NO", "minimo": "", "maximo": "", "requerido": "SI", "descripcion": "", "nombre": "Asian or Pacific Islander F", "validacion": "", "form_asociado": null}, "model": "registro.entrada", "pk": 153}, {"fields": {"tipo": "8", "respuesta": [], "defecto": "", "precargado": "NO", "minimo": "", "maximo": "", "requerido": "SI", "descripcion": "", "nombre": "American Indian or Alaskan Native M", "validacion": "", "form_asociado": null}, "model": "registro.entrada", "pk": 154}, {"fields": {"tipo": "8", "respuesta": [], "defecto": "", "precargado": "NO", "minimo": "", "maximo": "", "requerido": "SI", "descripcion": "", "nombre": "American Indian or Alaskan Native F", "validacion": "", "form_asociado": null}, "model": "registro.entrada", "pk": 155}, {"fields": {"tipo": "8", "respuesta": [], "defecto": "", "precargado": "NO", "minimo": "", "maximo": "", "requerido": "SI", "descripcion": "", "nombre": "TOTAL EMPLOYEES M", "validacion": "", "form_asociado": null}, "model": "registro.entrada", "pk": 156}, {"fields": {"tipo": "8", "respuesta": [], "defecto": "", "precargado": "NO", "minimo": "", "maximo": "", "requerido": "SI", "descripcion": "", "nombre": "TOTAL EMPLOYEES F", "validacion": "", "form_asociado": null}, "model": "registro.entrada", "pk": 157}, {"fields": {"tipo": "8", "respuesta": [], "defecto": "", "precargado": "NO", "minimo": "", "maximo": "", "requerido": "SI", "descripcion": "", "nombre": "TOTAL MINORITY M", "validacion": "", "form_asociado": null}, "model": "registro.entrada", "pk": 158}, {"fields": {"tipo": "8", "respuesta": [], "defecto": "", "precargado": "NO", "minimo": "", "maximo": "", "requerido": "SI", "descripcion": "", "nombre": "TOTAL MINORITY F", "validacion": "", "form_asociado": null}, "model": "registro.entrada", "pk": 159}, {"fields": {"tipo": "1", "respuesta": [], "defecto": "", "precargado": "NO", "minimo": "", "maximo": "", "requerido": "SI", "descripcion": "", "nombre": "Name", "validacion": "", "form_asociado": null}, "model": "registro.entrada", "pk": 160}, {"fields": {"tipo": "8", "respuesta": [], "defecto": "", "precargado": "NO", "minimo": "", "maximo": "", "requerido": "SI", "descripcion": "", "nombre": "Phone", "validacion": "", "form_asociado": null}, "model": "registro.entrada", "pk": 161}, {"fields": {"tipo": "1", "respuesta": [], "defecto": "", "precargado": "NO", "minimo": "", "maximo": "", "requerido": "SI", "descripcion": "", "nombre": "Brand", "validacion": "", "form_asociado": null}, "model": "registro.entrada", "pk": 162}, {"fields": {"tipo": "1", "respuesta": [], "defecto": "", "precargado": "NO", "minimo": "", "maximo": "", "requerido": "SI", "descripcion": "", "nombre": "Tag", "validacion": "", "form_asociado": null}, "model": "registro.entrada", "pk": 163}, {"fields": {"tipo": "1", "respuesta": [], "defecto": "", "precargado": "NO", "minimo": "", "maximo": "", "requerido": "SI", "descripcion": "", "nombre": "Color", "validacion": "", "form_asociado": null}, "model": "registro.entrada", "pk": 164}, {"fields": {"tipo": "4", "respuesta": [122, 123, 124, 125, 126, 127, 128], "defecto": "", "precargado": "NO", "minimo": "", "maximo": "", "requerido": "SI", "descripcion": "", "nombre": "Services", "validacion": "", "form_asociado": null}, "model": "registro.entrada", "pk": 165}, {"fields": {"tipo": "4", "respuesta": [129, 130, 131, 132], "defecto": "", "precargado": "NO", "minimo": "", "maximo": "", "requerido": "SI", "descripcion": "", "nombre": "Vehicle size", "validacion": "", "form_asociado": null}, "model": "registro.entrada", "pk": 166}, {"fields": {"tipo": "2", "respuesta": [], "defecto": "", "precargado": "NO", "minimo": "", "maximo": "", "requerido": "SI", "descripcion": "", "nombre": "Notes", "validacion": "", "form_asociado": null}, "model": "registro.entrada", "pk": 167}, {"fields": {"tipo": "1", "respuesta": [], "defecto": "", "precargado": "NO", "minimo": "", "maximo": "", "requerido": "SI", "descripcion": "", "nombre": "Descripcion Producto", "validacion": "", "form_asociado": null}, "model": "registro.entrada", "pk": 168}, {"fields": {"tipo": "8", "respuesta": [], "defecto": "", "precargado": "NO", "minimo": "", "maximo": "", "requerido": "SI", "descripcion": "", "nombre": "Stock", "validacion": "", "form_asociado": null}, "model": "registro.entrada", "pk": 169}, {"fields": {"tipo": "1", "respuesta": [], "defecto": "", "precargado": "NO", "minimo": "", "maximo": "", "requerido": "SI", "descripcion": "", "nombre": "Unidad", "validacion": "", "form_asociado": null}, "model": "registro.entrada", "pk": 170}, {"fields": {"tipo": "8", "respuesta": [], "defecto": "0", "precargado": "NO", "minimo": "0", "maximo": "1000000", "requerido": "SI", "descripcion": "", "nombre": "_PRECIO", "validacion": "", "form_asociado": null}, "model": "registro.entrada", "pk": 171}, {"fields": {"tipo": "8", "respuesta": [], "defecto": "", "precargado": "NO", "minimo": "", "maximo": "", "requerido": "SI", "descripcion": "", "nombre": "_IVA", "validacion": "", "form_asociado": null}, "model": "registro.entrada", "pk": 172}, {"fields": {"tipo": "11", "respuesta": [], "defecto": "", "precargado": "NO", "minimo": "", "maximo": "", "requerido": "SI", "descripcion": "Trae lista productos de otro formulario asociado", "nombre": "Productos entrada dinamica", "validacion": "", "form_asociado": null}, "model": "registro.entrada", "pk": 173}, {"fields": {"tipo": "8", "respuesta": [], "defecto": "", "precargado": "NO", "minimo": "", "maximo": "", "requerido": "SI", "descripcion": "", "nombre": "Cantidad", "validacion": "", "form_asociado": null}, "model": "registro.entrada", "pk": 174}, {"fields": {"tipo": "8", "respuesta": [], "defecto": "", "precargado": "NO", "minimo": "", "maximo": "", "requerido": "SI", "descripcion": "", "nombre": "Precio (Toma valor del producto seleccionado)", "validacion": "", "form_asociado": null}, "model": "registro.entrada", "pk": 175}, {"fields": {"tipo": "8", "respuesta": [], "defecto": "", "precargado": "NO", "minimo": "", "maximo": "", "requerido": "SI", "descripcion": "", "nombre": "TOTAL (precio*cantidad) Tipo calculo", "validacion": "", "form_asociado": null}, "model": "registro.entrada", "pk": 176}, {"fields": {"tipo": "11", "respuesta": [], "defecto": "", "precargado": "NO", "minimo": "", "maximo": "", "requerido": "SI", "descripcion": "Permite seleccionar multiples opciones dinamicas", "nombre": "Dinamica Multiple", "validacion": "", "form_asociado": null}, "model": "registro.entrada", "pk": 177}, {"fields": {"tipo": "5", "respuesta": [41, 42, 43], "defecto": "", "precargado": "NO", "minimo": "", "maximo": "", "requerido": "SI", "descripcion": "", "nombre": "Contractor type", "validacion": "", "form_asociado": null}, "model": "registro.entrada", "pk": 178}, {"fields": {"tipo": "1", "respuesta": [], "defecto": "", "precargado": "NO", "minimo": "", "maximo": "", "requerido": "SI", "descripcion": "", "nombre": "Prepared by", "validacion": "", "form_asociado": null}, "model": "registro.entrada", "pk": 179}, {"fields": {"tipo": "1", "respuesta": [], "defecto": "", "precargado": "NO", "minimo": "", "maximo": "", "requerido": "SI", "descripcion": "", "nombre": "Title", "validacion": "", "form_asociado": null}, "model": "registro.entrada", "pk": 180}, {"fields": {"tipo": "6", "respuesta": [], "defecto": "", "precargado": "NO", "minimo": "", "maximo": "", "requerido": "SI", "descripcion": "", "nombre": "Sign", "validacion": "", "form_asociado": null}, "model": "registro.entrada", "pk": 181}, {"fields": {"tipo": "1", "respuesta": [], "defecto": "", "precargado": "NO", "minimo": "", "maximo": "", "requerido": "SI", "descripcion": "", "nombre": "Project Sponsor", "validacion": "", "form_asociado": null}, "model": "registro.entrada", "pk": 182}, {"fields": {"tipo": "10", "respuesta": [], "defecto": "", "precargado": "NO", "minimo": "", "maximo": "", "requerido": "SI", "descripcion": "Select a contractor", "nombre": "Contractor", "validacion": "", "form_asociado": null}, "model": "registro.entrada", "pk": 183}, {"fields": {"valor": "respuesta 1"}, "model": "registro.respuesta", "pk": 1}, {"fields": {"valor": "respuesta 2"}, "model": "registro.respuesta", "pk": 2}, {"fields": {"valor": "respuesta 3"}, "model": "registro.respuesta", "pk": 3}, {"fields": {"valor": "cedula"}, "model": "registro.respuesta", "pk": 4}, {"fields": {"valor": "nombre"}, "model": "registro.respuesta", "pk": 5}, {"fields": {"valor": "sku"}, "model": "registro.respuesta", "pk": 6}, {"fields": {"valor": "proveedor"}, "model": "registro.respuesta", "pk": 7}, {"fields": {"valor": "SELECT1"}, "model": "registro.respuesta", "pk": 8}, {"fields": {"valor": "SELECT2"}, "model": "registro.respuesta", "pk": 9}, {"fields": {"valor": "SELECT3"}, "model": "registro.respuesta", "pk": 10}, {"fields": {"valor": "RADIO1"}, "model": "registro.respuesta", "pk": 11}, {"fields": {"valor": "RADIO2"}, "model": "registro.respuesta", "pk": 12}, {"fields": {"valor": "RADIO3"}, "model": "registro.respuesta", "pk": 13}, {"fields": {"valor": "CHECKBOX1"}, "model": "registro.respuesta", "pk": 14}, {"fields": {"valor": "CHECKBOX2"}, "model": "registro.respuesta", "pk": 15}, {"fields": {"valor": "CHECKBOX3"}, "model": "registro.respuesta", "pk": 16}, {"fields": {"valor": "15-20"}, "model": "registro.respuesta", "pk": 17}, {"fields": {"valor": "20-30"}, "model": "registro.respuesta", "pk": 18}, {"fields": {"valor": "mas de 30"}, "model": "registro.respuesta", "pk": 19}, {"fields": {"valor": "Casa"}, "model": "registro.respuesta", "pk": 20}, {"fields": {"valor": "Apto"}, "model": "registro.respuesta", "pk": 21}, {"fields": {"valor": "Local"}, "model": "registro.respuesta", "pk": 22}, {"fields": {"valor": "Oficina"}, "model": "registro.respuesta", "pk": 23}, {"fields": {"valor": "Bodega"}, "model": "registro.respuesta", "pk": 24}, {"fields": {"valor": "Edificio"}, "model": "registro.respuesta", "pk": 25}, {"fields": {"valor": "Otro"}, "model": "registro.respuesta", "pk": 26}, {"fields": {"valor": "Si"}, "model": "registro.respuesta", "pk": 27}, {"fields": {"valor": "No"}, "model": "registro.respuesta", "pk": 28}, {"fields": {"valor": "Corriente"}, "model": "registro.respuesta", "pk": 29}, {"fields": {"valor": "Ahorros"}, "model": "registro.respuesta", "pk": 30}, {"fields": {"valor": "Acepto"}, "model": "registro.respuesta", "pk": 31}, {"fields": {"valor": "No acepto"}, "model": "registro.respuesta", "pk": 32}, {"fields": {"valor": "Estrato 1"}, "model": "registro.respuesta", "pk": 33}, {"fields": {"valor": "Estrato 2"}, "model": "registro.respuesta", "pk": 34}, {"fields": {"valor": "Estrato 3"}, "model": "registro.respuesta", "pk": 35}, {"fields": {"valor": "Estrato 4"}, "model": "registro.respuesta", "pk": 36}, {"fields": {"valor": "Estrato 5"}, "model": "registro.respuesta", "pk": 37}, {"fields": {"valor": "Estrato 6"}, "model": "registro.respuesta", "pk": 38}, {"fields": {"valor": "Cubierto"}, "model": "registro.respuesta", "pk": 39}, {"fields": {"valor": "Descubierto"}, "model": "registro.respuesta", "pk": 40}, {"fields": {"valor": "Prime"}, "model": "registro.respuesta", "pk": 41}, {"fields": {"valor": "Sub"}, "model": "registro.respuesta", "pk": 42}, {"fields": {"valor": "Composite"}, "model": "registro.respuesta", "pk": 43}, {"fields": {"valor": "Yes"}, "model": "registro.respuesta", "pk": 44}, {"fields": {"valor": "Laborers J"}, "model": "registro.respuesta", "pk": 45}, {"fields": {"valor": "Laborers A/T"}, "model": "registro.respuesta", "pk": 46}, {"fields": {"valor": "Equipment Operators J"}, "model": "registro.respuesta", "pk": 47}, {"fields": {"valor": "Laborers"}, "model": "registro.respuesta", "pk": 48}, {"fields": {"valor": "Equipment Operators"}, "model": "registro.respuesta", "pk": 49}, {"fields": {"valor": "Surveyors"}, "model": "registro.respuesta", "pk": 50}, {"fields": {"valor": "Truck Drivers"}, "model": "registro.respuesta", "pk": 51}, {"fields": {"valor": "Ironworkers"}, "model": "registro.respuesta", "pk": 52}, {"fields": {"valor": "Carpenters"}, "model": "registro.respuesta", "pk": 53}, {"fields": {"valor": "Masons"}, "model": "registro.respuesta", "pk": 54}, {"fields": {"valor": "Painters"}, "model": "registro.respuesta", "pk": 55}, {"fields": {"valor": "Electricians"}, "model": "registro.respuesta", "pk": 56}, {"fields": {"valor": "Others"}, "model": "registro.respuesta", "pk": 57}, {"fields": {"valor": "Jorneyman"}, "model": "registro.respuesta", "pk": 58}, {"fields": {"valor": "Trainee/Apprentice"}, "model": "registro.respuesta", "pk": 59}, {"fields": {"valor": "Albany County"}, "model": "registro.respuesta", "pk": 60}, {"fields": {"valor": "Allegany County"}, "model": "registro.respuesta", "pk": 61}, {"fields": {"valor": "Bronx County"}, "model": "registro.respuesta", "pk": 62}, {"fields": {"valor": "Broome County"}, "model": "registro.respuesta", "pk": 63}, {"fields": {"valor": "Cattaraugus County"}, "model": "registro.respuesta", "pk": 64}, {"fields": {"valor": "Cayuga County"}, "model": "registro.respuesta", "pk": 65}, {"fields": {"valor": "Chautauqua County"}, "model": "registro.respuesta", "pk": 66}, {"fields": {"valor": "Chemung County"}, "model": "registro.respuesta", "pk": 67}, {"fields": {"valor": "Chenango County"}, "model": "registro.respuesta", "pk": 68}, {"fields": {"valor": "Clinton County"}, "model": "registro.respuesta", "pk": 69}, {"fields": {"valor": "Columbia County"}, "model": "registro.respuesta", "pk": 70}, {"fields": {"valor": "Cortland County"}, "model": "registro.respuesta", "pk": 71}, {"fields": {"valor": "Delaware County"}, "model": "registro.respuesta", "pk": 72}, {"fields": {"valor": "Dutchess County"}, "model": "registro.respuesta", "pk": 73}, {"fields": {"valor": "Erie County"}, "model": "registro.respuesta", "pk": 74}, {"fields": {"valor": "Essex County"}, "model": "registro.respuesta", "pk": 75}, {"fields": {"valor": "Franklin County"}, "model": "registro.respuesta", "pk": 76}, {"fields": {"valor": "Fulton County"}, "model": "registro.respuesta", "pk": 77}, {"fields": {"valor": "Genesee County"}, "model": "registro.respuesta", "pk": 78}, {"fields": {"valor": "Greene County"}, "model": "registro.respuesta", "pk": 79}, {"fields": {"valor": "Hamilton County"}, "model": "registro.respuesta", "pk": 80}, {"fields": {"valor": "Herkimer County"}, "model": "registro.respuesta", "pk": 81}, {"fields": {"valor": "Jefferson County"}, "model": "registro.respuesta", "pk": 82}, {"fields": {"valor": "Kings County"}, "model": "registro.respuesta", "pk": 83}, {"fields": {"valor": "Lewis County"}, "model": "registro.respuesta", "pk": 84}, {"fields": {"valor": "Livingston County"}, "model": "registro.respuesta", "pk": 85}, {"fields": {"valor": "Madison County"}, "model": "registro.respuesta", "pk": 86}, {"fields": {"valor": "Monroe County"}, "model": "registro.respuesta", "pk": 87}, {"fields": {"valor": "Montgomery County"}, "model": "registro.respuesta", "pk": 88}, {"fields": {"valor": "Nassau County"}, "model": "registro.respuesta", "pk": 89}, {"fields": {"valor": "New York County"}, "model": "registro.respuesta", "pk": 90}, {"fields": {"valor": "Niagara County"}, "model": "registro.respuesta", "pk": 91}, {"fields": {"valor": "Oneida County"}, "model": "registro.respuesta", "pk": 92}, {"fields": {"valor": "Onondaga County"}, "model": "registro.respuesta", "pk": 93}, {"fields": {"valor": "Ontario County"}, "model": "registro.respuesta", "pk": 94}, {"fields": {"valor": "Orange County"}, "model": "registro.respuesta", "pk": 95}, {"fields": {"valor": "Orleans County"}, "model": "registro.respuesta", "pk": 96}, {"fields": {"valor": "Oswego County"}, "model": "registro.respuesta", "pk": 97}, {"fields": {"valor": "Otsego County"}, "model": "registro.respuesta", "pk": 98}, {"fields": {"valor": "Putnam County"}, "model": "registro.respuesta", "pk": 99}, {"fields": {"valor": "Queens County"}, "model": "registro.respuesta", "pk": 100}, {"fields": {"valor": "Rensselaer County"}, "model": "registro.respuesta", "pk": 101}, {"fields": {"valor": "Richmond County"}, "model": "registro.respuesta", "pk": 102}, {"fields": {"valor": "Rockland County"}, "model": "registro.respuesta", "pk": 103}, {"fields": {"valor": "Saratoga County"}, "model": "registro.respuesta", "pk": 104}, {"fields": {"valor": "Schenectady County"}, "model": "registro.respuesta", "pk": 105}, {"fields": {"valor": "Schoharie County"}, "model": "registro.respuesta", "pk": 106}, {"fields": {"valor": "Schuyler County"}, "model": "registro.respuesta", "pk": 107}, {"fields": {"valor": "Seneca County"}, "model": "registro.respuesta", "pk": 108}, {"fields": {"valor": "St. Lawrence County"}, "model": "registro.respuesta", "pk": 109}, {"fields": {"valor": "Steuben County"}, "model": "registro.respuesta", "pk": 110}, {"fields": {"valor": "Suffolk County"}, "model": "registro.respuesta", "pk": 111}, {"fields": {"valor": "Sullivan County"}, "model": "registro.respuesta", "pk": 112}, {"fields": {"valor": "Tioga County"}, "model": "registro.respuesta", "pk": 113}, {"fields": {"valor": "Tompkins County"}, "model": "registro.respuesta", "pk": 114}, {"fields": {"valor": "Ulster County"}, "model": "registro.respuesta", "pk": 115}, {"fields": {"valor": "Warren County"}, "model": "registro.respuesta", "pk": 116}, {"fields": {"valor": "Washington County"}, "model": "registro.respuesta", "pk": 117}, {"fields": {"valor": "Wayne County"}, "model": "registro.respuesta", "pk": 118}, {"fields": {"valor": "Westchester County"}, "model": "registro.respuesta", "pk": 119}, {"fields": {"valor": "Wyoming County"}, "model": "registro.respuesta", "pk": 120}, {"fields": {"valor": "Yates County"}, "model": "registro.respuesta", "pk": 121}, {"fields": {"valor": "Regular Wash"}, "model": "registro.respuesta", "pk": 122}, {"fields": {"valor": "Super clean interior"}, "model": "registro.respuesta", "pk": 123}, {"fields": {"valor": "Express wash"}, "model": "registro.respuesta", "pk": 124}, {"fields": {"valor": "Detail interior (Shampoo)"}, "model": "registro.respuesta", "pk": 125}, {"fields": {"valor": "Leather condition"}, "model": "registro.respuesta", "pk": 126}, {"fields": {"valor": "Lights cleaning"}, "model": "registro.respuesta", "pk": 127}, {"fields": {"valor": "Engine cleaning"}, "model": "registro.respuesta", "pk": 128}, {"fields": {"valor": "Small"}, "model": "registro.respuesta", "pk": 129}, {"fields": {"valor": "Medium"}, "model": "registro.respuesta", "pk": 130}, {"fields": {"valor": "Large"}, "model": "registro.respuesta", "pk": 131}, {"fields": {"valor": "Extra large"}, "model": "registro.respuesta", "pk": 132}, {"fields": {"empresa": null, "respuesta": null, "fecha_creacion": "2015-08-17T18:35:22.823Z", "colector": null, "nombre": "a", "entrada": null, "gps": ""}, "model": "registro.formulariodiligenciado", "pk": 1}, {"fields": {"empresa": 1, "valor": "d208ffcfcb94431aa49cb47758927ad7"}, "model": "auth_token_middleware.token", "pk": 3}, {"fields": {"empresa": 6, "valor": "52c5706bc98f911ffbc794f5ffab068d"}, "model": "auth_token_middleware.token", "pk": 5}, {"fields": {"empresa": 5, "valor": "e3c0e5492db05ba3b4249978a39f1214"}, "model": "auth_token_middleware.token", "pk": 6}, {"fields": {"empresa": 7, "valor": "2f6733e0c41a328f3c5b2508af46fae1"}, "model": "auth_token_middleware.token", "pk": 7}, {"fields": {"empresa": 8, "valor": "dc647eb65e6711e155375218212b3964"}, "model": "auth_token_middleware.token", "pk": 8}, {"fields": {"codename": "add_logentry", "name": "Can add log entry", "content_type": 1}, "model": "auth.permission", "pk": 1}, {"fields": {"codename": "change_logentry", "name": "Can change log entry", "content_type": 1}, "model": "auth.permission", "pk": 2}, {"fields": {"codename": "delete_logentry", "name": "Can delete log entry", "content_type": 1}, "model": "auth.permission", "pk": 3}, {"fields": {"codename": "add_permission", "name": "Can add permission", "content_type": 2}, "model": "auth.permission", "pk": 4}, {"fields": {"codename": "change_permission", "name": "Can change permission", "content_type": 2}, "model": "auth.permission", "pk": 5}, {"fields": {"codename": "delete_permission", "name": "Can delete permission", "content_type": 2}, "model": "auth.permission", "pk": 6}, {"fields": {"codename": "add_group", "name": "Can add group", "content_type": 3}, "model": "auth.permission", "pk": 7}, {"fields": {"codename": "change_group", "name": "Can change group", "content_type": 3}, "model": "auth.permission", "pk": 8}, {"fields": {"codename": "delete_group", "name": "Can delete group", "content_type": 3}, "model": "auth.permission", "pk": 9}, {"fields": {"codename": "add_user", "name": "Can add user", "content_type": 4}, "model": "auth.permission", "pk": 10}, {"fields": {"codename": "change_user", "name": "Can change user", "content_type": 4}, "model": "auth.permission", "pk": 11}, {"fields": {"codename": "delete_user", "name": "Can delete user", "content_type": 4}, "model": "auth.permission", "pk": 12}, {"fields": {"codename": "add_contenttype", "name": "Can add content type", "content_type": 5}, "model": "auth.permission", "pk": 13}, {"fields": {"codename": "change_contenttype", "name": "Can change content type", "content_type": 5}, "model": "auth.permission", "pk": 14}, {"fields": {"codename": "delete_contenttype", "name": "Can delete content type", "content_type": 5}, "model": "auth.permission", "pk": 15}, {"fields": {"codename": "add_session", "name": "Can add session", "content_type": 6}, "model": "auth.permission", "pk": 16}, {"fields": {"codename": "change_session", "name": "Can change session", "content_type": 6}, "model": "auth.permission", "pk": 17}, {"fields": {"codename": "delete_session", "name": "Can delete session", "content_type": 6}, "model": "auth.permission", "pk": 18}, {"fields": {"codename": "add_empresa", "name": "Can add empresa", "content_type": 7}, "model": "auth.permission", "pk": 19}, {"fields": {"codename": "change_empresa", "name": "Can change empresa", "content_type": 7}, "model": "auth.permission", "pk": 20}, {"fields": {"codename": "delete_empresa", "name": "Can delete empresa", "content_type": 7}, "model": "auth.permission", "pk": 21}, {"fields": {"codename": "add_colector", "name": "Can add colector", "content_type": 8}, "model": "auth.permission", "pk": 22}, {"fields": {"codename": "change_colector", "name": "Can change colector", "content_type": 8}, "model": "auth.permission", "pk": 23}, {"fields": {"codename": "delete_colector", "name": "Can delete colector", "content_type": 8}, "model": "auth.permission", "pk": 24}, {"fields": {"codename": "add_plan", "name": "Can add plan", "content_type": 9}, "model": "auth.permission", "pk": 25}, {"fields": {"codename": "change_plan", "name": "Can change plan", "content_type": 9}, "model": "auth.permission", "pk": 26}, {"fields": {"codename": "delete_plan", "name": "Can delete plan", "content_type": 9}, "model": "auth.permission", "pk": 27}, {"fields": {"codename": "add_formulario", "name": "Can add formulario", "content_type": 10}, "model": "auth.permission", "pk": 28}, {"fields": {"codename": "change_formulario", "name": "Can change formulario", "content_type": 10}, "model": "auth.permission", "pk": 29}, {"fields": {"codename": "delete_formulario", "name": "Can delete formulario", "content_type": 10}, "model": "auth.permission", "pk": 30}, {"fields": {"codename": "add_ficha", "name": "Can add ficha", "content_type": 11}, "model": "auth.permission", "pk": 31}, {"fields": {"codename": "change_ficha", "name": "Can change ficha", "content_type": 11}, "model": "auth.permission", "pk": 32}, {"fields": {"codename": "delete_ficha", "name": "Can delete ficha", "content_type": 11}, "model": "auth.permission", "pk": 33}, {"fields": {"codename": "add_entrada", "name": "Can add entrada", "content_type": 12}, "model": "auth.permission", "pk": 34}, {"fields": {"codename": "change_entrada", "name": "Can change entrada", "content_type": 12}, "model": "auth.permission", "pk": 35}, {"fields": {"codename": "delete_entrada", "name": "Can delete entrada", "content_type": 12}, "model": "auth.permission", "pk": 36}, {"fields": {"codename": "add_respuesta", "name": "Can add respuesta", "content_type": 13}, "model": "auth.permission", "pk": 37}, {"fields": {"codename": "change_respuesta", "name": "Can change respuesta", "content_type": 13}, "model": "auth.permission", "pk": 38}, {"fields": {"codename": "delete_respuesta", "name": "Can delete respuesta", "content_type": 13}, "model": "auth.permission", "pk": 39}, {"fields": {"codename": "add_tablet", "name": "Can add tablet", "content_type": 15}, "model": "auth.permission", "pk": 43}, {"fields": {"codename": "change_tablet", "name": "Can change tablet", "content_type": 15}, "model": "auth.permission", "pk": 44}, {"fields": {"codename": "delete_tablet", "name": "Can delete tablet", "content_type": 15}, "model": "auth.permission", "pk": 45}, {"fields": {"codename": "add_permisoformulario", "name": "Can add permiso formulario", "content_type": 16}, "model": "auth.permission", "pk": 46}, {"fields": {"codename": "change_permisoformulario", "name": "Can change permiso formulario", "content_type": 16}, "model": "auth.permission", "pk": 47}, {"fields": {"codename": "delete_permisoformulario", "name": "Can delete permiso formulario", "content_type": 16}, "model": "auth.permission", "pk": 48}, {"fields": {"codename": "add_formulariodiligenciado", "name": "Can add formulario diligenciado", "content_type": 17}, "model": "auth.permission", "pk": 49}, {"fields": {"codename": "change_formulariodiligenciado", "name": "Can change formulario diligenciado", "content_type": 17}, "model": "auth.permission", "pk": 50}, {"fields": {"codename": "delete_formulariodiligenciado", "name": "Can delete formulario diligenciado", "content_type": 17}, "model": "auth.permission", "pk": 51}, {"fields": {"codename": "add_token", "name": "Can add token", "content_type": 18}, "model": "auth.permission", "pk": 52}, {"fields": {"codename": "change_token", "name": "Can change token", "content_type": 18}, "model": "auth.permission", "pk": 53}, {"fields": {"codename": "delete_token", "name": "Can delete token", "content_type": 18}, "model": "auth.permission", "pk": 54}, {"fields": {"name": "administradores", "permissions": [1, 2, 3, 22, 23, 24, 34, 35, 36, 31, 32, 33, 28, 29, 30, 46, 47, 48, 37, 38, 39, 43, 44, 45]}, "model": "auth.group", "pk": 1}, {"fields": {"username": "admin", "first_name": "", "last_name": "", "is_active": true, "is_superuser": true, "is_staff": true, "last_login": "2016-02-10T22:33:31.587Z", "groups": [], "user_permissions": [], "password": "pbkdf2_sha256$20000$eRdV8o0tkWaN$nNTTxJcBlIc8iVi/0s+vtIgu44L9eLbouf4+LxuHjIY=", "email": "admin@colector.com", "date_joined": "2015-08-10T10:42:18.817Z"}, "model": "auth.user", "pk": 1}, {"fields": {"username": "colector1", "first_name": "", "last_name": "", "is_active": true, "is_superuser": false, "is_staff": false, "last_login": null, "groups": [], "user_permissions": [], "password": "pbkdf2_sha256$20000$CSOFhEiHB6pu$tGOMGvRUO3AwepM9skkaX0NkgBzveR0/rzCLCyjQhNA=", "email": "", "date_joined": "2015-08-10T10:49:52Z"}, "model": "auth.user", "pk": 2}, {"fields": {"username": "empresa1", "first_name": "", "last_name": "", "is_active": true, "is_superuser": false, "is_staff": false, "last_login": "2015-09-27T22:38:25.726Z", "groups": [], "user_permissions": [], "password": "pbkdf2_sha256$20000$0XxHIAFcigvO$C4+sakPgodcVQ7f+3adABxS7MvuuEBFOa14Ul3jlLwE=", "email": "", "date_joined": "2015-08-17T21:29:38.574Z"}, "model": "auth.user", "pk": 3}, {"fields": {"username": "colector2", "first_name": "", "last_name": "", "is_active": true, "is_superuser": false, "is_staff": false, "last_login": "2015-10-01T00:29:06.026Z", "groups": [], "user_permissions": [], "password": "pbkdf2_sha256$20000$jKYGx2Bqjnrn$qZZS6Wo9VpF9y8+fYqElTXendrnWm27eDvEuIpFzi7Q=", "email": "", "date_joined": "2015-09-27T18:22:36.953Z"}, "model": "auth.user", "pk": 4}, {"fields": {"username": "colectortest", "first_name": "", "last_name": "", "is_active": true, "is_superuser": true, "is_staff": true, "last_login": "2016-02-15T17:29:07.254Z", "groups": [1], "user_permissions": [], "password": "pbkdf2_sha256$20000$WRLpXlIOgMNd$xXPfXVDg2aBeaWg5i+rUFaOW4SdPBDkrH2trguLIWF4=", "email": "", "date_joined": "2015-10-10T08:57:21Z"}, "model": "auth.user", "pk": 5}, {"fields": {"username": "galmendras", "first_name": "Gerardo", "last_name": "Almendras", "is_active": true, "is_superuser": false, "is_staff": false, "last_login": "2016-02-03T16:45:19.321Z", "groups": [1], "user_permissions": [], "password": "pbkdf2_sha256$20000$oqdMeVKvII2k$l0AQQb0iKcwXxMM0CfcUu8LgLIeTl173HlxEbVQsUxg=", "email": "gerardo.almendras@sertelchile.cl", "date_joined": "2015-11-03T00:09:15Z"}, "model": "auth.user", "pk": 6}, {"fields": {"username": "jorgallegor@hotmail.com", "first_name": "Jorge", "last_name": "Gallego", "is_active": true, "is_superuser": true, "is_staff": true, "last_login": null, "groups": [], "user_permissions": [], "password": "pbkdf2_sha256$20000$DKH5cULiNDDj$LUMrikzn0yfVQkThcys4NCJk4+NqiHs0JacVgdFbY3g=", "email": "jorge@colector.co", "date_joined": "2015-11-13T17:42:55Z"}, "model": "auth.user", "pk": 7}, {"fields": {"username": "jm", "first_name": "", "last_name": "", "is_active": true, "is_superuser": false, "is_staff": false, "last_login": "2015-12-04T13:39:23.057Z", "groups": [], "user_permissions": [], "password": "pbkdf2_sha256$20000$LL4XYg4pFdyk$uATl5/megL8FtWTGr2zFjdbQwk66PQ/AkXMlSn0SF7I=", "email": "", "date_joined": "2015-11-23T02:54:12Z"}, "model": "auth.user", "pk": 8}, {"fields": {"username": "mop@min.cl", "first_name": "Ministerio", "last_name": "Obras Publicas", "is_active": true, "is_superuser": false, "is_staff": true, "last_login": "2016-01-27T23:40:46.662Z", "groups": [1], "user_permissions": [], "password": "pbkdf2_sha256$20000$JEVst2u9HUUG$+dLAxPQ/NSFWz2xWLqYdbCBZzeLtWLZfIUq6Ax5zObM=", "email": "mop@min.cl", "date_joined": "2016-01-27T09:45:25Z"}, "model": "auth.user", "pk": 9}, {"fields": {"username": "password", "first_name": "", "last_name": "", "is_active": true, "is_superuser": false, "is_staff": false, "last_login": "2016-02-12T00:54:06.441Z", "groups": [], "user_permissions": [], "password": "pbkdf2_sha256$20000$p9Y25PiblBdx$z9/C6yLE6lQE4XrCpjdhzZyqO6a/bPeHWvZRJhBKSg0=", "email": "", "date_joined": "2016-02-03T17:28:30.520Z"}, "model": "auth.user", "pk": 10}, {"fields": {"nit": 1234, "colector": [5], "usuario": 5, "tablets": [3], "ciudad": "", "correo_empresarial": "", "codigo_secreto": "1234", "formulario": [26, 27, 28], "pais": "", "descripcion": "", "nombre": "Empresa 1", "correo_facturacion": "a", "telefono": 33, "email": "", "industria": "", "plan": null}, "model": "registro.empresa", "pk": 1}, {"fields": {"nit": 0, "colector": [6], "usuario": 6, "tablets": [8, 9], "ciudad": "Concepcion", "correo_empresarial": "", "codigo_secreto": "SERTEL", "formulario": [], "pais": "Chile", "descripcion": "", "nombre": "SERTEL", "correo_facturacion": "gerardo.almendras@sertelchile.cl", "telefono": null, "email": "gerardo.almendras@sertelchile.cl", "industria": "Contratistas DTV", "plan": 2}, "model": "registro.empresa", "pk": 5}, {"fields": {"nit": null, "colector": [7], "usuario": 8, "tablets": [], "ciudad": "cali", "correo_empresarial": "", "codigo_secreto": "JM", "formulario": [14, 15], "pais": "Colombia", "descripcion": "", "nombre": "JM", "correo_facturacion": "facturacion@jm.com", "telefono": null, "email": "", "industria": "", "plan": 2}, "model": "registro.empresa", "pk": 6}, {"fields": {"nit": null, "colector": [8], "usuario": 9, "tablets": [1], "ciudad": "Concepcion", "correo_empresarial": "", "codigo_secreto": "mop2016!", "formulario": [9], "pais": "Chile", "descripcion": "", "nombre": "Ministerio Obras Publicas", "correo_facturacion": "", "telefono": null, "email": "", "industria": "Guvernamental", "plan": 4}, "model": "registro.empresa", "pk": 7}, {"fields": {"nit": null, "colector": [9], "usuario": 10, "tablets": [10], "ciudad": "NY", "correo_empresarial": "", "codigo_secreto": "password", "formulario": [26, 27], "pais": "USA", "descripcion": "", "nombre": "Password", "correo_facturacion": "password@password.com", "telefono": null, "email": "", "industria": "", "plan": null}, "model": "registro.empresa", "pk": 8}, {"fields": {"usuario": 2}, "model": "registro.colector", "pk": 1}, {"fields": {"usuario": 4}, "model": "registro.colector", "pk": 3}, {"fields": {"usuario": 1}, "model": "registro.colector", "pk": 4}, {"fields": {"usuario": 5}, "model": "registro.colector", "pk": 5}, {"fields": {"usuario": 6}, "model": "registro.colector", "pk": 6}, {"fields": {"usuario": 8}, "model": "registro.colector", "pk": 7}, {"fields": {"usuario": 9}, "model": "registro.colector", "pk": 8}, {"fields": {"usuario": 10}, "model": "registro.colector", "pk": 9}, {"fields": {"action_flag": 1, "action_time": "2015-08-10T10:49:52.637Z", "object_repr": "colector1", "object_id": "2", "change_message": "", "user": 1, "content_type": 4}, "model": "admin.logentry", "pk": 1}, {"fields": {"action_flag": 1, "action_time": "2015-08-10T10:53:54.311Z", "object_repr": "colector1", "object_id": "1", "change_message": "", "user": 1, "content_type": 8}, "model": "admin.logentry", "pk": 2}, {"fields": {"action_flag": 1, "action_time": "2015-08-10T11:12:59.495Z", "object_repr": "Empresa 1", "object_id": "1", "change_message": "", "user": 1, "content_type": 7}, "model": "admin.logentry", "pk": 3}, {"fields": {"action_flag": 1, "action_time": "2015-08-12T19:54:48.075Z", "object_repr": "admin", "object_id": "2", "change_message": "", "user": 1, "content_type": 8}, "model": "admin.logentry", "pk": 4}, {"fields": {"action_flag": 1, "action_time": "2015-08-12T20:07:36.828Z", "object_repr": "plan 1", "object_id": "1", "change_message": "", "user": 1, "content_type": 9}, "model": "admin.logentry", "pk": 5}, {"fields": {"action_flag": 1, "action_time": "2015-08-12T20:12:53.062Z", "object_repr": "ficha 1", "object_id": "1", "change_message": "", "user": 1, "content_type": 11}, "model": "admin.logentry", "pk": 6}, {"fields": {"action_flag": 1, "action_time": "2015-08-12T20:14:02.997Z", "object_repr": "", "object_id": "1", "change_message": "", "user": 1, "content_type": 10}, "model": "admin.logentry", "pk": 7}, {"fields": {"action_flag": 1, "action_time": "2015-08-12T20:15:41.541Z", "object_repr": "formulario 2", "object_id": "2", "change_message": "", "user": 1, "content_type": 10}, "model": "admin.logentry", "pk": 8}, {"fields": {"action_flag": 3, "action_time": "2015-08-12T20:16:04.108Z", "object_repr": "formulario 2", "object_id": "2", "change_message": "", "user": 1, "content_type": 10}, "model": "admin.logentry", "pk": 9}, {"fields": {"action_flag": 3, "action_time": "2015-08-12T20:16:04.115Z", "object_repr": "", "object_id": "1", "change_message": "", "user": 1, "content_type": 10}, "model": "admin.logentry", "pk": 10}, {"fields": {"action_flag": 1, "action_time": "2015-08-12T20:16:18.992Z", "object_repr": "formulario 1", "object_id": "3", "change_message": "", "user": 1, "content_type": 10}, "model": "admin.logentry", "pk": 11}, {"fields": {"action_flag": 1, "action_time": "2015-08-12T20:36:25.649Z", "object_repr": "entrada 1", "object_id": "1", "change_message": "", "user": 1, "content_type": 12}, "model": "admin.logentry", "pk": 12}, {"fields": {"action_flag": 1, "action_time": "2015-08-12T20:37:56.912Z", "object_repr": "respuesta 1", "object_id": "1", "change_message": "", "user": 1, "content_type": 13}, "model": "admin.logentry", "pk": 13}, {"fields": {"action_flag": 1, "action_time": "2015-08-17T18:35:22.824Z", "object_repr": "a", "object_id": "1", "change_message": "", "user": 1, "content_type": 17}, "model": "admin.logentry", "pk": 15}, {"fields": {"action_flag": 3, "action_time": "2015-08-17T20:29:52.647Z", "object_repr": "admin", "object_id": "2", "change_message": "", "user": 1, "content_type": 8}, "model": "admin.logentry", "pk": 16}, {"fields": {"action_flag": 2, "action_time": "2015-08-17T20:31:58.418Z", "object_repr": "colector1", "object_id": "2", "change_message": "Modificado/a password.", "user": 1, "content_type": 4}, "model": "admin.logentry", "pk": 17}, {"fields": {"action_flag": 1, "action_time": "2015-08-17T21:17:08.312Z", "object_repr": "Empresa 1", "object_id": "1", "change_message": "", "user": 1, "content_type": 18}, "model": "admin.logentry", "pk": 18}, {"fields": {"action_flag": 2, "action_time": "2015-08-17T21:18:34.032Z", "object_repr": "Empresa 1", "object_id": "1", "change_message": "No ha cambiado ning\u00fan campo.", "user": 1, "content_type": 18}, "model": "admin.logentry", "pk": 19}, {"fields": {"action_flag": 1, "action_time": "2015-08-17T21:29:38.665Z", "object_repr": "empresa1", "object_id": "3", "change_message": "", "user": 1, "content_type": 4}, "model": "admin.logentry", "pk": 20}, {"fields": {"action_flag": 2, "action_time": "2015-08-17T21:29:43.642Z", "object_repr": "Empresa 1", "object_id": "1", "change_message": "Modificado/a usuario.", "user": 1, "content_type": 7}, "model": "admin.logentry", "pk": 21}, {"fields": {"action_flag": 3, "action_time": "2015-08-17T21:50:50.867Z", "object_repr": "Empresa 1", "object_id": "1", "change_message": "", "user": 1, "content_type": 18}, "model": "admin.logentry", "pk": 22}, {"fields": {"action_flag": 1, "action_time": "2015-08-17T21:51:13.010Z", "object_repr": "Empresa 1", "object_id": "2", "change_message": "", "user": 1, "content_type": 18}, "model": "admin.logentry", "pk": 23}, {"fields": {"action_flag": 2, "action_time": "2015-08-18T14:33:59.994Z", "object_repr": "Empresa 1", "object_id": "1", "change_message": "No ha cambiado ning\u00fan campo.", "user": 1, "content_type": 7}, "model": "admin.logentry", "pk": 24}, {"fields": {"action_flag": 2, "action_time": "2015-08-18T14:34:38.988Z", "object_repr": "Empresa 1", "object_id": "1", "change_message": "Modificado/a telefono.", "user": 1, "content_type": 7}, "model": "admin.logentry", "pk": 25}, {"fields": {"action_flag": 2, "action_time": "2015-08-18T14:35:27.617Z", "object_repr": "Empresa 1", "object_id": "1", "change_message": "Modificado/a codigo_secreto.", "user": 1, "content_type": 7}, "model": "admin.logentry", "pk": 26}, {"fields": {"action_flag": 3, "action_time": "2015-08-18T14:51:10.728Z", "object_repr": "Empresa 1", "object_id": "2", "change_message": "", "user": 1, "content_type": 18}, "model": "admin.logentry", "pk": 27}, {"fields": {"action_flag": 1, "action_time": "2015-08-18T14:51:21.319Z", "object_repr": "Empresa 1", "object_id": "3", "change_message": "", "user": 1, "content_type": 18}, "model": "admin.logentry", "pk": 28}, {"fields": {"action_flag": 1, "action_time": "2015-08-20T15:33:13.790Z", "object_repr": "formulario 1", "object_id": "1", "change_message": "", "user": 1, "content_type": 16}, "model": "admin.logentry", "pk": 29}, {"fields": {"action_flag": 3, "action_time": "2015-08-20T15:48:45.139Z", "object_repr": "formulario 1", "object_id": "1", "change_message": "", "user": 1, "content_type": 16}, "model": "admin.logentry", "pk": 30}, {"fields": {"action_flag": 1, "action_time": "2015-08-20T15:50:40.553Z", "object_repr": "formulario 1", "object_id": "2", "change_message": "", "user": 1, "content_type": 16}, "model": "admin.logentry", "pk": 31}, {"fields": {"action_flag": 1, "action_time": "2015-08-20T15:56:21.114Z", "object_repr": "formulario 2", "object_id": "4", "change_message": "", "user": 1, "content_type": 10}, "model": "admin.logentry", "pk": 32}, {"fields": {"action_flag": 1, "action_time": "2015-08-20T15:56:30.946Z", "object_repr": "formulario 2", "object_id": "3", "change_message": "", "user": 1, "content_type": 16}, "model": "admin.logentry", "pk": 33}, {"fields": {"action_flag": 2, "action_time": "2015-08-20T15:56:48.862Z", "object_repr": "formulario 2", "object_id": "3", "change_message": "No ha cambiado ning\u00fan campo.", "user": 1, "content_type": 16}, "model": "admin.logentry", "pk": 34}, {"fields": {"action_flag": 2, "action_time": "2015-08-24T15:53:51.401Z", "object_repr": "formulario 1", "object_id": "3", "change_message": "Modificado/a ficha.", "user": 1, "content_type": 10}, "model": "admin.logentry", "pk": 35}, {"fields": {"action_flag": 2, "action_time": "2015-08-24T15:54:05.277Z", "object_repr": "formulario 1", "object_id": "3", "change_message": "Modificado/a ficha.", "user": 1, "content_type": 10}, "model": "admin.logentry", "pk": 36}, {"fields": {"action_flag": 1, "action_time": "2015-08-24T15:57:42.274Z", "object_repr": "ficha 2", "object_id": "2", "change_message": "", "user": 1, "content_type": 11}, "model": "admin.logentry", "pk": 37}, {"fields": {"action_flag": 2, "action_time": "2015-08-24T15:57:48.048Z", "object_repr": "formulario 1", "object_id": "3", "change_message": "Modificado/a ficha.", "user": 1, "content_type": 10}, "model": "admin.logentry", "pk": 38}, {"fields": {"action_flag": 2, "action_time": "2015-08-24T16:02:27.596Z", "object_repr": "ficha 1", "object_id": "1", "change_message": "Modificado/a entrada.", "user": 1, "content_type": 11}, "model": "admin.logentry", "pk": 39}, {"fields": {"action_flag": 2, "action_time": "2015-08-24T16:41:42.539Z", "object_repr": "entrada 1", "object_id": "1", "change_message": "Modificado/a respuesta.", "user": 1, "content_type": 12}, "model": "admin.logentry", "pk": 40}, {"fields": {"action_flag": 1, "action_time": "2015-08-24T16:42:10.062Z", "object_repr": "respuesta 2", "object_id": "2", "change_message": "", "user": 1, "content_type": 13}, "model": "admin.logentry", "pk": 41}, {"fields": {"action_flag": 2, "action_time": "2015-08-24T16:42:12.118Z", "object_repr": "entrada 1", "object_id": "1", "change_message": "Modificado/a respuesta.", "user": 1, "content_type": 12}, "model": "admin.logentry", "pk": 42}, {"fields": {"action_flag": 1, "action_time": "2015-08-24T16:46:36.360Z", "object_repr": "respuesta 3", "object_id": "3", "change_message": "", "user": 1, "content_type": 13}, "model": "admin.logentry", "pk": 43}, {"fields": {"action_flag": 1, "action_time": "2015-08-24T16:46:39.694Z", "object_repr": "entrada 2", "object_id": "2", "change_message": "", "user": 1, "content_type": 12}, "model": "admin.logentry", "pk": 44}, {"fields": {"action_flag": 2, "action_time": "2015-08-24T16:46:41.688Z", "object_repr": "ficha 1", "object_id": "1", "change_message": "Modificado/a entrada.", "user": 1, "content_type": 11}, "model": "admin.logentry", "pk": 45}, {"fields": {"action_flag": 1, "action_time": "2015-08-24T16:47:11.051Z", "object_repr": "entrada 3", "object_id": "3", "change_message": "", "user": 1, "content_type": 12}, "model": "admin.logentry", "pk": 46}, {"fields": {"action_flag": 2, "action_time": "2015-08-24T16:47:16.256Z", "object_repr": "ficha 1", "object_id": "1", "change_message": "Modificado/a entrada.", "user": 1, "content_type": 11}, "model": "admin.logentry", "pk": 47}, {"fields": {"action_flag": 2, "action_time": "2015-08-24T16:48:08.569Z", "object_repr": "entrada 3", "object_id": "3", "change_message": "Modificado/a tipo.", "user": 1, "content_type": 12}, "model": "admin.logentry", "pk": 48}, {"fields": {"action_flag": 1, "action_time": "2015-09-16T13:46:25.204Z", "object_repr": "cliente", "object_id": "3", "change_message": "", "user": 1, "content_type": 11}, "model": "admin.logentry", "pk": 49}, {"fields": {"action_flag": 1, "action_time": "2015-09-16T13:46:33.173Z", "object_repr": "productos", "object_id": "4", "change_message": "", "user": 1, "content_type": 11}, "model": "admin.logentry", "pk": 50}, {"fields": {"action_flag": 1, "action_time": "2015-09-16T13:46:35.010Z", "object_repr": "Pedido", "object_id": "5", "change_message": "", "user": 1, "content_type": 10}, "model": "admin.logentry", "pk": 51}, {"fields": {"action_flag": 1, "action_time": "2015-09-16T13:46:55.646Z", "object_repr": "cedula", "object_id": "4", "change_message": "", "user": 1, "content_type": 12}, "model": "admin.logentry", "pk": 52}, {"fields": {"action_flag": 1, "action_time": "2015-09-16T13:47:10.802Z", "object_repr": "nombre", "object_id": "5", "change_message": "", "user": 1, "content_type": 12}, "model": "admin.logentry", "pk": 53}, {"fields": {"action_flag": 2, "action_time": "2015-09-16T13:47:24.762Z", "object_repr": "cliente", "object_id": "3", "change_message": "Modificado/a entrada.", "user": 1, "content_type": 11}, "model": "admin.logentry", "pk": 54}, {"fields": {"action_flag": 1, "action_time": "2015-09-16T13:49:42.033Z", "object_repr": "informacin personal", "object_id": "5", "change_message": "", "user": 1, "content_type": 11}, "model": "admin.logentry", "pk": 55}, {"fields": {"action_flag": 1, "action_time": "2015-09-16T13:49:50.785Z", "object_repr": "persona", "object_id": "6", "change_message": "", "user": 1, "content_type": 10}, "model": "admin.logentry", "pk": 56}, {"fields": {"action_flag": 1, "action_time": "2015-09-16T13:51:13.136Z", "object_repr": "id", "object_id": "6", "change_message": "", "user": 1, "content_type": 12}, "model": "admin.logentry", "pk": 57}, {"fields": {"action_flag": 1, "action_time": "2015-09-16T13:51:40.955Z", "object_repr": "proveedor", "object_id": "7", "change_message": "", "user": 1, "content_type": 12}, "model": "admin.logentry", "pk": 58}, {"fields": {"action_flag": 1, "action_time": "2015-09-16T13:51:51.887Z", "object_repr": "informacion del producto", "object_id": "6", "change_message": "", "user": 1, "content_type": 11}, "model": "admin.logentry", "pk": 59}, {"fields": {"action_flag": 1, "action_time": "2015-09-16T13:53:20.454Z", "object_repr": "sub total", "object_id": "8", "change_message": "", "user": 1, "content_type": 12}, "model": "admin.logentry", "pk": 60}, {"fields": {"action_flag": 1, "action_time": "2015-09-16T13:53:28.728Z", "object_repr": "iva", "object_id": "9", "change_message": "", "user": 1, "content_type": 12}, "model": "admin.logentry", "pk": 61}, {"fields": {"action_flag": 1, "action_time": "2015-09-16T13:53:34.868Z", "object_repr": "total", "object_id": "10", "change_message": "", "user": 1, "content_type": 12}, "model": "admin.logentry", "pk": 62}, {"fields": {"action_flag": 1, "action_time": "2015-09-16T13:53:37.143Z", "object_repr": "totales", "object_id": "7", "change_message": "", "user": 1, "content_type": 11}, "model": "admin.logentry", "pk": 63}, {"fields": {"action_flag": 1, "action_time": "2015-09-16T13:54:28.489Z", "object_repr": "producto", "object_id": "7", "change_message": "", "user": 1, "content_type": 10}, "model": "admin.logentry", "pk": 64}, {"fields": {"action_flag": 3, "action_time": "2015-09-16T13:54:47.750Z", "object_repr": "formulario 2", "object_id": "4", "change_message": "", "user": 1, "content_type": 10}, "model": "admin.logentry", "pk": 65}, {"fields": {"action_flag": 3, "action_time": "2015-09-16T13:54:47.756Z", "object_repr": "formulario 1", "object_id": "3", "change_message": "", "user": 1, "content_type": 10}, "model": "admin.logentry", "pk": 66}, {"fields": {"action_flag": 1, "action_time": "2015-09-16T13:56:47.262Z", "object_repr": "producto", "object_id": "11", "change_message": "", "user": 1, "content_type": 12}, "model": "admin.logentry", "pk": 67}, {"fields": {"action_flag": 2, "action_time": "2015-09-16T13:57:30.779Z", "object_repr": "productos", "object_id": "4", "change_message": "Modificado/a entrada.", "user": 1, "content_type": 11}, "model": "admin.logentry", "pk": 68}, {"fields": {"action_flag": 1, "action_time": "2015-09-16T16:04:59.738Z", "object_repr": "Pedido", "object_id": "4", "change_message": "", "user": 1, "content_type": 16}, "model": "admin.logentry", "pk": 69}, {"fields": {"action_flag": 1, "action_time": "2015-09-16T16:53:28.485Z", "object_repr": "cedula", "object_id": "4", "change_message": "", "user": 1, "content_type": 13}, "model": "admin.logentry", "pk": 70}, {"fields": {"action_flag": 1, "action_time": "2015-09-16T16:53:37.120Z", "object_repr": "nombre", "object_id": "5", "change_message": "", "user": 1, "content_type": 13}, "model": "admin.logentry", "pk": 71}, {"fields": {"action_flag": 1, "action_time": "2015-09-16T16:53:39.577Z", "object_repr": "persona", "object_id": "12", "change_message": "", "user": 1, "content_type": 12}, "model": "admin.logentry", "pk": 72}, {"fields": {"action_flag": 2, "action_time": "2015-09-16T16:53:41.622Z", "object_repr": "informacin personal", "object_id": "5", "change_message": "Modificado/a entrada.", "user": 1, "content_type": 11}, "model": "admin.logentry", "pk": 73}, {"fields": {"action_flag": 2, "action_time": "2015-09-16T16:54:00.749Z", "object_repr": "Pedido", "object_id": "5", "change_message": "Modificado/a ficha.", "user": 1, "content_type": 10}, "model": "admin.logentry", "pk": 74}, {"fields": {"action_flag": 2, "action_time": "2015-09-16T16:54:50.447Z", "object_repr": "informacin personal", "object_id": "5", "change_message": "Modificado/a entrada.", "user": 1, "content_type": 11}, "model": "admin.logentry", "pk": 75}, {"fields": {"action_flag": 2, "action_time": "2015-09-16T16:55:06.743Z", "object_repr": "persona", "object_id": "12", "change_message": "Modificado/a form_asociado y tipo.", "user": 1, "content_type": 12}, "model": "admin.logentry", "pk": 76}, {"fields": {"action_flag": 2, "action_time": "2015-09-16T17:01:40.286Z", "object_repr": "persona", "object_id": "12", "change_message": "Modificado/a respuesta.", "user": 1, "content_type": 12}, "model": "admin.logentry", "pk": 77}, {"fields": {"action_flag": 2, "action_time": "2015-09-16T17:11:40.404Z", "object_repr": "informacion del producto", "object_id": "11", "change_message": "Modificado/a nombre.", "user": 1, "content_type": 12}, "model": "admin.logentry", "pk": 78}, {"fields": {"action_flag": 1, "action_time": "2015-09-16T17:11:57.437Z", "object_repr": "sku", "object_id": "6", "change_message": "", "user": 1, "content_type": 13}, "model": "admin.logentry", "pk": 79}, {"fields": {"action_flag": 1, "action_time": "2015-09-16T17:12:16.967Z", "object_repr": "proveedor", "object_id": "7", "change_message": "", "user": 1, "content_type": 13}, "model": "admin.logentry", "pk": 80}, {"fields": {"action_flag": 1, "action_time": "2015-09-16T17:12:19.841Z", "object_repr": "producto", "object_id": "13", "change_message": "", "user": 1, "content_type": 12}, "model": "admin.logentry", "pk": 81}, {"fields": {"action_flag": 2, "action_time": "2015-09-16T17:12:31.676Z", "object_repr": "informacion del producto", "object_id": "11", "change_message": "No ha cambiado ning\u00fan campo.", "user": 1, "content_type": 12}, "model": "admin.logentry", "pk": 82}, {"fields": {"action_flag": 2, "action_time": "2015-09-16T17:14:07.377Z", "object_repr": "Pedido", "object_id": "5", "change_message": "Modificado/a ficha.", "user": 1, "content_type": 10}, "model": "admin.logentry", "pk": 83}, {"fields": {"action_flag": 2, "action_time": "2015-09-16T17:15:26.733Z", "object_repr": "informacion del producto", "object_id": "6", "change_message": "Modificado/a entrada.", "user": 1, "content_type": 11}, "model": "admin.logentry", "pk": 84}, {"fields": {"action_flag": 2, "action_time": "2015-09-16T17:17:08.851Z", "object_repr": "producto", "object_id": "13", "change_message": "Modificado/a form_asociado.", "user": 1, "content_type": 12}, "model": "admin.logentry", "pk": 85}, {"fields": {"action_flag": 3, "action_time": "2015-09-16T17:17:16.837Z", "object_repr": "informacion del producto", "object_id": "11", "change_message": "", "user": 1, "content_type": 12}, "model": "admin.logentry", "pk": 86}, {"fields": {"action_flag": 2, "action_time": "2015-09-16T17:19:08.519Z", "object_repr": "informacion del producto", "object_id": "6", "change_message": "Modificado/a entrada.", "user": 1, "content_type": 11}, "model": "admin.logentry", "pk": 87}, {"fields": {"action_flag": 2, "action_time": "2015-09-16T17:19:57.609Z", "object_repr": "informacion del producto", "object_id": "6", "change_message": "Modificado/a entrada.", "user": 1, "content_type": 11}, "model": "admin.logentry", "pk": 88}, {"fields": {"action_flag": 2, "action_time": "2015-09-16T17:20:21.466Z", "object_repr": "producto", "object_id": "13", "change_message": "Modificado/a respuesta.", "user": 1, "content_type": 12}, "model": "admin.logentry", "pk": 89}, {"fields": {"action_flag": 2, "action_time": "2015-09-16T17:21:23.696Z", "object_repr": "informacion del producto", "object_id": "6", "change_message": "No ha cambiado ning\u00fan campo.", "user": 1, "content_type": 11}, "model": "admin.logentry", "pk": 90}, {"fields": {"action_flag": 2, "action_time": "2015-09-16T17:21:30.060Z", "object_repr": "informacion del producto", "object_id": "6", "change_message": "Modificado/a entrada.", "user": 1, "content_type": 11}, "model": "admin.logentry", "pk": 91}, {"fields": {"action_flag": 1, "action_time": "2015-09-27T18:22:37.056Z", "object_repr": "colector2", "object_id": "4", "change_message": "", "user": 1, "content_type": 4}, "model": "admin.logentry", "pk": 92}, {"fields": {"action_flag": 1, "action_time": "2015-09-27T18:22:40.774Z", "object_repr": "colector2", "object_id": "3", "change_message": "", "user": 1, "content_type": 8}, "model": "admin.logentry", "pk": 93}, {"fields": {"action_flag": 2, "action_time": "2015-09-27T22:29:09.156Z", "object_repr": "Empresa 1", "object_id": "1", "change_message": "Modificado/a colector.", "user": 1, "content_type": 7}, "model": "admin.logentry", "pk": 94}, {"fields": {"action_flag": 2, "action_time": "2015-09-27T22:33:00.021Z", "object_repr": "empresa1", "object_id": "3", "change_message": "Modificado/a password.", "user": 1, "content_type": 4}, "model": "admin.logentry", "pk": 95}, {"fields": {"action_flag": 1, "action_time": "2015-10-01T00:09:01.189Z", "object_repr": "persona", "object_id": "5", "change_message": "", "user": 1, "content_type": 16}, "model": "admin.logentry", "pk": 96}, {"fields": {"action_flag": 1, "action_time": "2015-10-01T00:09:30.965Z", "object_repr": "persona", "object_id": "6", "change_message": "", "user": 1, "content_type": 16}, "model": "admin.logentry", "pk": 97}, {"fields": {"action_flag": 1, "action_time": "2015-10-01T00:10:44.343Z", "object_repr": "Pedido", "object_id": "7", "change_message": "", "user": 1, "content_type": 16}, "model": "admin.logentry", "pk": 98}, {"fields": {"action_flag": 1, "action_time": "2015-10-01T00:10:55.938Z", "object_repr": "producto", "object_id": "8", "change_message": "", "user": 1, "content_type": 16}, "model": "admin.logentry", "pk": 99}, {"fields": {"action_flag": 3, "action_time": "2015-10-01T00:11:17.430Z", "object_repr": "producto", "object_id": "8", "change_message": "", "user": 1, "content_type": 16}, "model": "admin.logentry", "pk": 100}, {"fields": {"action_flag": 3, "action_time": "2015-10-01T00:11:25.842Z", "object_repr": "Pedido", "object_id": "7", "change_message": "", "user": 1, "content_type": 16}, "model": "admin.logentry", "pk": 101}, {"fields": {"action_flag": 3, "action_time": "2015-10-01T00:11:33.335Z", "object_repr": "persona", "object_id": "6", "change_message": "", "user": 1, "content_type": 16}, "model": "admin.logentry", "pk": 102}, {"fields": {"action_flag": 3, "action_time": "2015-10-01T00:11:42.441Z", "object_repr": "persona", "object_id": "5", "change_message": "", "user": 1, "content_type": 16}, "model": "admin.logentry", "pk": 103}, {"fields": {"action_flag": 3, "action_time": "2015-10-01T00:11:42.615Z", "object_repr": "Pedido", "object_id": "4", "change_message": "", "user": 1, "content_type": 16}, "model": "admin.logentry", "pk": 104}, {"fields": {"action_flag": 1, "action_time": "2015-10-01T00:11:56.137Z", "object_repr": "persona", "object_id": "9", "change_message": "", "user": 1, "content_type": 16}, "model": "admin.logentry", "pk": 105}, {"fields": {"action_flag": 2, "action_time": "2015-10-01T00:16:20.800Z", "object_repr": "informaci\u00f3n personal", "object_id": "5", "change_message": "Modificado/a nombre y descripcion.", "user": 1, "content_type": 11}, "model": "admin.logentry", "pk": 106}, {"fields": {"action_flag": 2, "action_time": "2015-10-01T00:26:25.682Z", "object_repr": "colector2", "object_id": "4", "change_message": "Modificado/a password.", "user": 1, "content_type": 4}, "model": "admin.logentry", "pk": 107}, {"fields": {"action_flag": 2, "action_time": "2015-10-01T00:26:51.597Z", "object_repr": "colector2", "object_id": "4", "change_message": "Modificado/a password.", "user": 1, "content_type": 4}, "model": "admin.logentry", "pk": 108}, {"fields": {"action_flag": 2, "action_time": "2015-10-01T00:30:28.694Z", "object_repr": "Empresa 1", "object_id": "1", "change_message": "No ha cambiado ning\u00fan campo.", "user": 1, "content_type": 7}, "model": "admin.logentry", "pk": 109}, {"fields": {"action_flag": 1, "action_time": "2015-10-01T07:30:38.383Z", "object_repr": "admin", "object_id": "4", "change_message": "", "user": 1, "content_type": 8}, "model": "admin.logentry", "pk": 110}, {"fields": {"action_flag": 2, "action_time": "2015-10-01T07:30:42.317Z", "object_repr": "Empresa 1", "object_id": "1", "change_message": "Modificado/a colector.", "user": 1, "content_type": 7}, "model": "admin.logentry", "pk": 111}, {"fields": {"action_flag": 2, "action_time": "2015-10-01T07:31:44.094Z", "object_repr": "Empresa 1", "object_id": "1", "change_message": "Modificado/a usuario.", "user": 1, "content_type": 7}, "model": "admin.logentry", "pk": 112}, {"fields": {"action_flag": 2, "action_time": "2015-10-01T12:21:00.956Z", "object_repr": "Empresa 1", "object_id": "1", "change_message": "Modificado/a formulario.", "user": 1, "content_type": 7}, "model": "admin.logentry", "pk": 113}, {"fields": {"action_flag": 1, "action_time": "2015-10-03T06:08:33.684Z", "object_repr": "TEXT", "object_id": "14", "change_message": "", "user": 1, "content_type": 12}, "model": "admin.logentry", "pk": 114}, {"fields": {"action_flag": 1, "action_time": "2015-10-03T06:08:59.251Z", "object_repr": "PARRAFO", "object_id": "15", "change_message": "", "user": 1, "content_type": 12}, "model": "admin.logentry", "pk": 115}, {"fields": {"action_flag": 1, "action_time": "2015-10-03T06:09:46.551Z", "object_repr": "SELECT1", "object_id": "8", "change_message": "", "user": 1, "content_type": 13}, "model": "admin.logentry", "pk": 116}, {"fields": {"action_flag": 1, "action_time": "2015-10-03T06:09:52.771Z", "object_repr": "SELECT2", "object_id": "9", "change_message": "", "user": 1, "content_type": 13}, "model": "admin.logentry", "pk": 117}, {"fields": {"action_flag": 1, "action_time": "2015-10-03T06:09:59.575Z", "object_repr": "SELECT3", "object_id": "10", "change_message": "", "user": 1, "content_type": 13}, "model": "admin.logentry", "pk": 118}, {"fields": {"action_flag": 1, "action_time": "2015-10-03T06:10:03.808Z", "object_repr": "SELECT", "object_id": "16", "change_message": "", "user": 1, "content_type": 12}, "model": "admin.logentry", "pk": 119}, {"fields": {"action_flag": 1, "action_time": "2015-10-03T06:10:33.730Z", "object_repr": "RADIO1", "object_id": "11", "change_message": "", "user": 1, "content_type": 13}, "model": "admin.logentry", "pk": 120}, {"fields": {"action_flag": 1, "action_time": "2015-10-03T06:10:38.208Z", "object_repr": "RADIO2", "object_id": "12", "change_message": "", "user": 1, "content_type": 13}, "model": "admin.logentry", "pk": 121}, {"fields": {"action_flag": 1, "action_time": "2015-10-03T06:10:43.597Z", "object_repr": "RADIO3", "object_id": "13", "change_message": "", "user": 1, "content_type": 13}, "model": "admin.logentry", "pk": 122}, {"fields": {"action_flag": 1, "action_time": "2015-10-03T06:10:48.299Z", "object_repr": "RADIO", "object_id": "17", "change_message": "", "user": 1, "content_type": 12}, "model": "admin.logentry", "pk": 123}, {"fields": {"action_flag": 1, "action_time": "2015-10-03T06:11:16.502Z", "object_repr": "CHECKBOX1", "object_id": "14", "change_message": "", "user": 1, "content_type": 13}, "model": "admin.logentry", "pk": 124}, {"fields": {"action_flag": 1, "action_time": "2015-10-03T06:11:23.062Z", "object_repr": "CHECKBOX2", "object_id": "15", "change_message": "", "user": 1, "content_type": 13}, "model": "admin.logentry", "pk": 125}, {"fields": {"action_flag": 1, "action_time": "2015-10-03T06:11:30.597Z", "object_repr": "CHECKBOX3", "object_id": "16", "change_message": "", "user": 1, "content_type": 13}, "model": "admin.logentry", "pk": 126}, {"fields": {"action_flag": 1, "action_time": "2015-10-03T06:11:34.006Z", "object_repr": "CHECKBOX", "object_id": "18", "change_message": "", "user": 1, "content_type": 12}, "model": "admin.logentry", "pk": 127}, {"fields": {"action_flag": 1, "action_time": "2015-10-03T06:12:16.010Z", "object_repr": "FOTO", "object_id": "19", "change_message": "", "user": 1, "content_type": 12}, "model": "admin.logentry", "pk": 128}, {"fields": {"action_flag": 1, "action_time": "2015-10-03T06:12:43.749Z", "object_repr": "FECHA", "object_id": "20", "change_message": "", "user": 1, "content_type": 12}, "model": "admin.logentry", "pk": 129}, {"fields": {"action_flag": 1, "action_time": "2015-10-03T06:13:47.445Z", "object_repr": "NUMERO", "object_id": "21", "change_message": "", "user": 1, "content_type": 12}, "model": "admin.logentry", "pk": 130}, {"fields": {"action_flag": 1, "action_time": "2015-10-03T06:15:38.461Z", "object_repr": "FICHA TEST", "object_id": "8", "change_message": "", "user": 1, "content_type": 11}, "model": "admin.logentry", "pk": 131}, {"fields": {"action_flag": 1, "action_time": "2015-10-03T06:15:41.920Z", "object_repr": "TEST", "object_id": "8", "change_message": "", "user": 1, "content_type": 10}, "model": "admin.logentry", "pk": 132}, {"fields": {"action_flag": 2, "action_time": "2015-10-03T06:16:16.306Z", "object_repr": "Empresa 1", "object_id": "1", "change_message": "Modificado/a formulario.", "user": 1, "content_type": 7}, "model": "admin.logentry", "pk": 133}, {"fields": {"action_flag": 1, "action_time": "2015-10-05T21:34:11.316Z", "object_repr": "TO TEST FILLED FORMS", "object_id": "9", "change_message": "", "user": 1, "content_type": 10}, "model": "admin.logentry", "pk": 134}, {"fields": {"action_flag": 2, "action_time": "2015-10-05T21:34:53.397Z", "object_repr": "Empresa 1", "object_id": "1", "change_message": "Modificado/a formulario.", "user": 1, "content_type": 7}, "model": "admin.logentry", "pk": 135}, {"fields": {"action_flag": 1, "action_time": "2015-10-05T21:36:38.392Z", "object_repr": "TEXT TEST", "object_id": "22", "change_message": "", "user": 1, "content_type": 12}, "model": "admin.logentry", "pk": 136}, {"fields": {"action_flag": 1, "action_time": "2015-10-05T21:36:49.558Z", "object_repr": "FICHA TO TEST FILLED FORMS", "object_id": "9", "change_message": "", "user": 1, "content_type": 11}, "model": "admin.logentry", "pk": 137}, {"fields": {"action_flag": 2, "action_time": "2015-10-05T21:36:52.325Z", "object_repr": "TO TEST FILLED FORMS", "object_id": "9", "change_message": "Modificado/a ficha.", "user": 1, "content_type": 10}, "model": "admin.logentry", "pk": 138}, {"fields": {"action_flag": 1, "action_time": "2015-10-06T03:37:22.342Z", "object_repr": "Cual es su nombre?", "object_id": "23", "change_message": "", "user": 1, "content_type": 12}, "model": "admin.logentry", "pk": 139}, {"fields": {"action_flag": 1, "action_time": "2015-10-06T03:38:03.166Z", "object_repr": "15-20", "object_id": "17", "change_message": "", "user": 1, "content_type": 13}, "model": "admin.logentry", "pk": 140}, {"fields": {"action_flag": 1, "action_time": "2015-10-06T03:38:10.553Z", "object_repr": "20-30", "object_id": "18", "change_message": "", "user": 1, "content_type": 13}, "model": "admin.logentry", "pk": 141}, {"fields": {"action_flag": 1, "action_time": "2015-10-06T03:38:18.012Z", "object_repr": "mas de 30", "object_id": "19", "change_message": "", "user": 1, "content_type": 13}, "model": "admin.logentry", "pk": 142}, {"fields": {"action_flag": 1, "action_time": "2015-10-06T03:38:20.874Z", "object_repr": "Cual es su edad?", "object_id": "24", "change_message": "", "user": 1, "content_type": 12}, "model": "admin.logentry", "pk": 143}, {"fields": {"action_flag": 1, "action_time": "2015-10-06T03:38:25.060Z", "object_repr": "Parte 1", "object_id": "10", "change_message": "", "user": 1, "content_type": 11}, "model": "admin.logentry", "pk": 144}, {"fields": {"action_flag": 1, "action_time": "2015-10-06T03:38:34.121Z", "object_repr": "ENCUESTA SATISFACCION", "object_id": "10", "change_message": "", "user": 1, "content_type": 10}, "model": "admin.logentry", "pk": 145}, {"fields": {"action_flag": 2, "action_time": "2015-10-06T03:38:57.045Z", "object_repr": "Empresa 1", "object_id": "1", "change_message": "Modificado/a formulario.", "user": 1, "content_type": 7}, "model": "admin.logentry", "pk": 146}, {"fields": {"action_flag": 1, "action_time": "2015-10-09T16:09:57.652Z", "object_repr": "TELEFONO", "object_id": "25", "change_message": "", "user": 1, "content_type": 12}, "model": "admin.logentry", "pk": 147}, {"fields": {"action_flag": 2, "action_time": "2015-10-09T16:10:16.485Z", "object_repr": "FICHA TO TEST FILLED FORMS", "object_id": "9", "change_message": "Modificado/a entrada.", "user": 1, "content_type": 11}, "model": "admin.logentry", "pk": 148}, {"fields": {"action_flag": 1, "action_time": "2015-10-09T23:40:51.105Z", "object_repr": "001", "object_id": "1", "change_message": "", "user": 1, "content_type": 15}, "model": "admin.logentry", "pk": 149}, {"fields": {"action_flag": 2, "action_time": "2015-10-09T23:40:53.194Z", "object_repr": "Empresa 1", "object_id": "1", "change_message": "Modificado/a tablets.", "user": 1, "content_type": 7}, "model": "admin.logentry", "pk": 150}, {"fields": {"action_flag": 2, "action_time": "2015-10-10T06:11:34.444Z", "object_repr": "NOMBRE DE LA PERSONA", "object_id": "22", "change_message": "Modificado/a nombre.", "user": 1, "content_type": 12}, "model": "admin.logentry", "pk": 151}, {"fields": {"action_flag": 1, "action_time": "2015-10-10T06:15:06.143Z", "object_repr": "CEDULA", "object_id": "26", "change_message": "", "user": 1, "content_type": 12}, "model": "admin.logentry", "pk": 152}, {"fields": {"action_flag": 2, "action_time": "2015-10-10T06:17:43.519Z", "object_repr": "FICHA TO TEST FILLED FORMS", "object_id": "9", "change_message": "Modificado/a entrada.", "user": 1, "content_type": 11}, "model": "admin.logentry", "pk": 153}, {"fields": {"action_flag": 1, "action_time": "2015-10-10T08:57:21.486Z", "object_repr": "colectortest", "object_id": "5", "change_message": "", "user": 1, "content_type": 4}, "model": "admin.logentry", "pk": 154}, {"fields": {"action_flag": 1, "action_time": "2015-10-10T08:58:53.665Z", "object_repr": "colectortest", "object_id": "5", "change_message": "", "user": 1, "content_type": 8}, "model": "admin.logentry", "pk": 155}, {"fields": {"action_flag": 2, "action_time": "2015-10-10T08:59:20.345Z", "object_repr": "Empresa 1", "object_id": "1", "change_message": "Modificado/a colector.", "user": 1, "content_type": 7}, "model": "admin.logentry", "pk": 156}, {"fields": {"action_flag": 1, "action_time": "2015-10-10T09:01:49.577Z", "object_repr": "TO TEST FILLED FORMS", "object_id": "10", "change_message": "", "user": 1, "content_type": 16}, "model": "admin.logentry", "pk": 157}, {"fields": {"action_flag": 1, "action_time": "2015-10-10T09:13:24.965Z", "object_repr": "TEST", "object_id": "11", "change_message": "", "user": 1, "content_type": 16}, "model": "admin.logentry", "pk": 158}, {"fields": {"action_flag": 2, "action_time": "2015-10-10T09:18:41.064Z", "object_repr": "Empresa 1", "object_id": "1", "change_message": "Modificado/a formulario.", "user": 1, "content_type": 7}, "model": "admin.logentry", "pk": 159}, {"fields": {"action_flag": 2, "action_time": "2015-10-10T09:23:54.376Z", "object_repr": "Empresa 1", "object_id": "1", "change_message": "Modificado/a colector y formulario.", "user": 1, "content_type": 7}, "model": "admin.logentry", "pk": 160}, {"fields": {"action_flag": 2, "action_time": "2015-10-10T09:25:01.940Z", "object_repr": "Empresa 1", "object_id": "1", "change_message": "Modificado/a colector y formulario.", "user": 1, "content_type": 7}, "model": "admin.logentry", "pk": 161}, {"fields": {"action_flag": 1, "action_time": "2015-10-10T09:29:25.096Z", "object_repr": "formularioDinamico", "object_id": "11", "change_message": "", "user": 1, "content_type": 10}, "model": "admin.logentry", "pk": 162}, {"fields": {"action_flag": 2, "action_time": "2015-10-10T09:30:22.176Z", "object_repr": "Empresa 1", "object_id": "1", "change_message": "Modificado/a formulario.", "user": 1, "content_type": 7}, "model": "admin.logentry", "pk": 163}, {"fields": {"action_flag": 2, "action_time": "2015-10-10T09:31:07.909Z", "object_repr": "Empresa 1", "object_id": "1", "change_message": "Modificado/a formulario.", "user": 1, "content_type": 7}, "model": "admin.logentry", "pk": 164}, {"fields": {"action_flag": 3, "action_time": "2015-10-10T09:38:26.961Z", "object_repr": "cedula", "object_id": "4", "change_message": "", "user": 1, "content_type": 12}, "model": "admin.logentry", "pk": 165}, {"fields": {"action_flag": 1, "action_time": "2015-10-10T09:52:33.953Z", "object_repr": "formularioDinamico", "object_id": "12", "change_message": "", "user": 1, "content_type": 16}, "model": "admin.logentry", "pk": 166}, {"fields": {"action_flag": 2, "action_time": "2015-10-10T09:53:10.006Z", "object_repr": "formularioBasico", "object_id": "8", "change_message": "Modificado/a nombre.", "user": 1, "content_type": 10}, "model": "admin.logentry", "pk": 167}, {"fields": {"action_flag": 2, "action_time": "2015-10-10T09:53:45.014Z", "object_repr": "formularioInputs", "object_id": "8", "change_message": "Modificado/a nombre.", "user": 1, "content_type": 10}, "model": "admin.logentry", "pk": 168}, {"fields": {"action_flag": 2, "action_time": "2015-10-10T09:54:40.127Z", "object_repr": "formularioBasico", "object_id": "9", "change_message": "Modificado/a nombre y descripcion.", "user": 1, "content_type": 10}, "model": "admin.logentry", "pk": 169}, {"fields": {"action_flag": 2, "action_time": "2015-10-10T09:55:07.486Z", "object_repr": "formularioInputs", "object_id": "8", "change_message": "Modificado/a descripcion.", "user": 1, "content_type": 10}, "model": "admin.logentry", "pk": 170}, {"fields": {"action_flag": 2, "action_time": "2015-10-10T09:57:48.576Z", "object_repr": "formularioDinamico", "object_id": "11", "change_message": "Modificado/a ficha.", "user": 1, "content_type": 10}, "model": "admin.logentry", "pk": 171}, {"fields": {"action_flag": 1, "action_time": "2015-10-10T10:10:38.181Z", "object_repr": "EntradaDinamica", "object_id": "27", "change_message": "", "user": 1, "content_type": 12}, "model": "admin.logentry", "pk": 172}, {"fields": {"action_flag": 1, "action_time": "2015-10-10T10:10:43.929Z", "object_repr": "FICHA ENTRADA DINAMICA", "object_id": "11", "change_message": "", "user": 1, "content_type": 11}, "model": "admin.logentry", "pk": 173}, {"fields": {"action_flag": 2, "action_time": "2015-10-10T10:11:28.786Z", "object_repr": "formularioDinamico", "object_id": "11", "change_message": "Modificado/a ficha.", "user": 1, "content_type": 10}, "model": "admin.logentry", "pk": 174}, {"fields": {"action_flag": 2, "action_time": "2015-10-10T10:17:00.579Z", "object_repr": "Empresa 1", "object_id": "1", "change_message": "Modificado/a formulario.", "user": 1, "content_type": 7}, "model": "admin.logentry", "pk": 175}, {"fields": {"action_flag": 1, "action_time": "2015-10-31T07:03:57.800Z", "object_repr": "2", "object_id": "2", "change_message": "", "user": 1, "content_type": 15}, "model": "admin.logentry", "pk": 176}, {"fields": {"action_flag": 2, "action_time": "2015-10-31T07:04:20.766Z", "object_repr": "Empresa 1", "object_id": "1", "change_message": "Modificado/a tablets.", "user": 1, "content_type": 7}, "model": "admin.logentry", "pk": 177}, {"fields": {"action_flag": 1, "action_time": "2015-10-31T07:06:24.446Z", "object_repr": "003", "object_id": "3", "change_message": "", "user": 1, "content_type": 15}, "model": "admin.logentry", "pk": 178}, {"fields": {"action_flag": 2, "action_time": "2015-10-31T07:06:50.005Z", "object_repr": "Empresa 1", "object_id": "1", "change_message": "Modificado/a tablets.", "user": 1, "content_type": 7}, "model": "admin.logentry", "pk": 179}, {"fields": {"action_flag": 1, "action_time": "2015-10-31T07:07:40.503Z", "object_repr": "000000000000000", "object_id": "4", "change_message": "", "user": 1, "content_type": 15}, "model": "admin.logentry", "pk": 180}, {"fields": {"action_flag": 2, "action_time": "2015-10-31T07:07:56.206Z", "object_repr": "Empresa 1", "object_id": "1", "change_message": "Modificado/a tablets.", "user": 1, "content_type": 7}, "model": "admin.logentry", "pk": 181}, {"fields": {"action_flag": 2, "action_time": "2015-10-31T12:15:03.312Z", "object_repr": "colector1", "object_id": "2", "change_message": "Modificado/a password.", "user": 1, "content_type": 4}, "model": "admin.logentry", "pk": 182}, {"fields": {"action_flag": 2, "action_time": "2015-10-31T12:15:10.969Z", "object_repr": "colector1", "object_id": "2", "change_message": "No ha cambiado ning\u00fan campo.", "user": 1, "content_type": 4}, "model": "admin.logentry", "pk": 183}, {"fields": {"action_flag": 2, "action_time": "2015-10-31T12:15:55.012Z", "object_repr": "formularioBasico", "object_id": "10", "change_message": "Modificado/a colectores.", "user": 1, "content_type": 16}, "model": "admin.logentry", "pk": 184}, {"fields": {"action_flag": 2, "action_time": "2015-10-31T12:16:07.567Z", "object_repr": "formularioDinamico", "object_id": "12", "change_message": "Modificado/a colectores.", "user": 1, "content_type": 16}, "model": "admin.logentry", "pk": 185}, {"fields": {"action_flag": 1, "action_time": "2015-10-31T14:05:29.745Z", "object_repr": "", "object_id": "2", "change_message": "", "user": 1, "content_type": 7}, "model": "admin.logentry", "pk": 186}, {"fields": {"action_flag": 3, "action_time": "2015-10-31T14:05:43.050Z", "object_repr": "", "object_id": "2", "change_message": "", "user": 1, "content_type": 7}, "model": "admin.logentry", "pk": 187}, {"fields": {"action_flag": 1, "action_time": "2015-10-31T14:06:28.725Z", "object_repr": "empresa xxx", "object_id": "3", "change_message": "", "user": 1, "content_type": 7}, "model": "admin.logentry", "pk": 188}, {"fields": {"action_flag": 3, "action_time": "2015-10-31T14:13:31.196Z", "object_repr": "empresa xxx", "object_id": "3", "change_message": "", "user": 1, "content_type": 7}, "model": "admin.logentry", "pk": 189}, {"fields": {"action_flag": 1, "action_time": "2015-10-31T18:27:16.076Z", "object_repr": "empresa xxx", "object_id": "4", "change_message": "", "user": 1, "content_type": 7}, "model": "admin.logentry", "pk": 190}, {"fields": {"action_flag": 1, "action_time": "2015-11-03T00:08:46.542Z", "object_repr": "administradores", "object_id": "1", "change_message": "", "user": 1, "content_type": 3}, "model": "admin.logentry", "pk": 191}, {"fields": {"action_flag": 1, "action_time": "2015-11-03T00:09:15.935Z", "object_repr": "galmendras", "object_id": "6", "change_message": "", "user": 1, "content_type": 4}, "model": "admin.logentry", "pk": 192}, {"fields": {"action_flag": 2, "action_time": "2015-11-03T00:10:45.544Z", "object_repr": "galmendras", "object_id": "6", "change_message": "Modificado/a first_name, last_name, email y groups.", "user": 1, "content_type": 4}, "model": "admin.logentry", "pk": 193}, {"fields": {"action_flag": 1, "action_time": "2015-11-03T00:12:46.018Z", "object_repr": "basico", "object_id": "2", "change_message": "", "user": 1, "content_type": 9}, "model": "admin.logentry", "pk": 194}, {"fields": {"action_flag": 2, "action_time": "2015-11-03T00:15:14.174Z", "object_repr": "profesional", "object_id": "1", "change_message": "Modificado/a nombre, almacenamiento y cantidad_colectores.", "user": 1, "content_type": 9}, "model": "admin.logentry", "pk": 195}, {"fields": {"action_flag": 1, "action_time": "2015-11-03T00:15:46.047Z", "object_repr": "Empresarial", "object_id": "3", "change_message": "", "user": 1, "content_type": 9}, "model": "admin.logentry", "pk": 196}, {"fields": {"action_flag": 1, "action_time": "2015-11-03T00:19:15.093Z", "object_repr": "galmendras", "object_id": "6", "change_message": "", "user": 1, "content_type": 8}, "model": "admin.logentry", "pk": 197}, {"fields": {"action_flag": 1, "action_time": "2015-11-03T00:19:37.646Z", "object_repr": "SERTEL", "object_id": "5", "change_message": "", "user": 1, "content_type": 7}, "model": "admin.logentry", "pk": 198}, {"fields": {"action_flag": 1, "action_time": "2015-11-03T00:22:42.467Z", "object_repr": "Cod Cliente", "object_id": "28", "change_message": "", "user": 1, "content_type": 12}, "model": "admin.logentry", "pk": 199}, {"fields": {"action_flag": 1, "action_time": "2015-11-03T00:24:05.907Z", "object_repr": "S/N Decodificador", "object_id": "29", "change_message": "", "user": 1, "content_type": 12}, "model": "admin.logentry", "pk": 200}, {"fields": {"action_flag": 1, "action_time": "2015-11-03T00:24:40.795Z", "object_repr": "S/N Tarjeta", "object_id": "30", "change_message": "", "user": 1, "content_type": 12}, "model": "admin.logentry", "pk": 201}, {"fields": {"action_flag": 1, "action_time": "2015-11-03T00:25:52.457Z", "object_repr": "Cables M2", "object_id": "31", "change_message": "", "user": 1, "content_type": 12}, "model": "admin.logentry", "pk": 202}, {"fields": {"action_flag": 1, "action_time": "2015-11-03T00:27:32.536Z", "object_repr": "Fotos Internas", "object_id": "32", "change_message": "", "user": 1, "content_type": 12}, "model": "admin.logentry", "pk": 203}, {"fields": {"action_flag": 1, "action_time": "2015-11-03T00:27:53.178Z", "object_repr": "Fotos Externas", "object_id": "33", "change_message": "", "user": 1, "content_type": 12}, "model": "admin.logentry", "pk": 204}, {"fields": {"action_flag": 1, "action_time": "2015-11-03T00:29:01.235Z", "object_repr": "Supervision", "object_id": "12", "change_message": "", "user": 1, "content_type": 11}, "model": "admin.logentry", "pk": 205}, {"fields": {"action_flag": 1, "action_time": "2015-11-03T00:29:44.726Z", "object_repr": "Supervision", "object_id": "12", "change_message": "", "user": 1, "content_type": 10}, "model": "admin.logentry", "pk": 206}, {"fields": {"action_flag": 1, "action_time": "2015-11-03T00:29:59.981Z", "object_repr": "SERTEL", "object_id": "4", "change_message": "", "user": 1, "content_type": 18}, "model": "admin.logentry", "pk": 207}, {"fields": {"action_flag": 1, "action_time": "2015-11-03T00:30:29.036Z", "object_repr": "Supervision", "object_id": "13", "change_message": "", "user": 1, "content_type": 16}, "model": "admin.logentry", "pk": 208}, {"fields": {"action_flag": 2, "action_time": "2015-11-03T00:38:38.108Z", "object_repr": "SERTEL", "object_id": "5", "change_message": "Modificado/a formulario.", "user": 1, "content_type": 7}, "model": "admin.logentry", "pk": 209}, {"fields": {"action_flag": 2, "action_time": "2015-11-05T19:26:39.804Z", "object_repr": "Supervision", "object_id": "13", "change_message": "Modificado/a colectores.", "user": 1, "content_type": 16}, "model": "admin.logentry", "pk": 210}, {"fields": {"action_flag": 1, "action_time": "2015-11-07T20:36:05.974Z", "object_repr": "FICHATESTNOV7", "object_id": "13", "change_message": "", "user": 1, "content_type": 11}, "model": "admin.logentry", "pk": 211}, {"fields": {"action_flag": 1, "action_time": "2015-11-07T20:36:15.478Z", "object_repr": "TESTNOV7", "object_id": "13", "change_message": "", "user": 1, "content_type": 10}, "model": "admin.logentry", "pk": 212}, {"fields": {"action_flag": 1, "action_time": "2015-11-07T20:36:55.192Z", "object_repr": "TESTNOV7", "object_id": "14", "change_message": "", "user": 1, "content_type": 16}, "model": "admin.logentry", "pk": 213}, {"fields": {"action_flag": 2, "action_time": "2015-11-07T20:38:17.243Z", "object_repr": "SERTEL", "object_id": "5", "change_message": "Modificado/a formulario.", "user": 1, "content_type": 7}, "model": "admin.logentry", "pk": 214}, {"fields": {"action_flag": 1, "action_time": "2015-11-13T17:42:55.452Z", "object_repr": "jorgallegor@hotmail.com", "object_id": "7", "change_message": "", "user": 1, "content_type": 4}, "model": "admin.logentry", "pk": 215}, {"fields": {"action_flag": 2, "action_time": "2015-11-13T17:43:33.318Z", "object_repr": "jorgallegor@hotmail.com", "object_id": "7", "change_message": "Modificado/a first_name, last_name, email, is_staff y is_superuser.", "user": 1, "content_type": 4}, "model": "admin.logentry", "pk": 216}, {"fields": {"action_flag": 1, "action_time": "2015-11-13T17:45:54.928Z", "object_repr": "JM", "object_id": "6", "change_message": "", "user": 1, "content_type": 7}, "model": "admin.logentry", "pk": 217}, {"fields": {"action_flag": 1, "action_time": "2015-11-13T17:46:51.907Z", "object_repr": "JM", "object_id": "5", "change_message": "", "user": 1, "content_type": 18}, "model": "admin.logentry", "pk": 218}, {"fields": {"action_flag": 2, "action_time": "2015-11-14T12:24:34.584Z", "object_repr": "SERTEL", "object_id": "5", "change_message": "Modificado/a formulario.", "user": 1, "content_type": 7}, "model": "admin.logentry", "pk": 219}, {"fields": {"action_flag": 2, "action_time": "2015-11-14T12:26:11.075Z", "object_repr": "galmendras", "object_id": "6", "change_message": "Modificado/a password.", "user": 1, "content_type": 4}, "model": "admin.logentry", "pk": 220}, {"fields": {"action_flag": 2, "action_time": "2015-11-14T12:26:15.795Z", "object_repr": "galmendras", "object_id": "6", "change_message": "No ha cambiado ning\u00fan campo.", "user": 1, "content_type": 4}, "model": "admin.logentry", "pk": 221}, {"fields": {"action_flag": 2, "action_time": "2015-11-14T12:26:19.187Z", "object_repr": "galmendras", "object_id": "6", "change_message": "No ha cambiado ning\u00fan campo.", "user": 1, "content_type": 4}, "model": "admin.logentry", "pk": 222}, {"fields": {"action_flag": 3, "action_time": "2015-11-14T12:27:07.753Z", "object_repr": "SERTEL", "object_id": "4", "change_message": "", "user": 1, "content_type": 18}, "model": "admin.logentry", "pk": 223}, {"fields": {"action_flag": 1, "action_time": "2015-11-14T12:27:20.211Z", "object_repr": "SERTEL", "object_id": "6", "change_message": "", "user": 1, "content_type": 18}, "model": "admin.logentry", "pk": 224}, {"fields": {"action_flag": 2, "action_time": "2015-11-14T12:33:08.496Z", "object_repr": "SERTEL", "object_id": "5", "change_message": "Modificado/a tablets.", "user": 1, "content_type": 7}, "model": "admin.logentry", "pk": 225}, {"fields": {"action_flag": 2, "action_time": "2015-11-15T17:42:42.678Z", "object_repr": "SERTEL", "object_id": "5", "change_message": "Modificado/a tablets.", "user": 1, "content_type": 7}, "model": "admin.logentry", "pk": 226}, {"fields": {"action_flag": 2, "action_time": "2015-11-15T17:43:01.142Z", "object_repr": "SERTEL", "object_id": "5", "change_message": "Modificado/a tablets.", "user": 1, "content_type": 7}, "model": "admin.logentry", "pk": 227}, {"fields": {"action_flag": 2, "action_time": "2015-11-15T17:43:21.132Z", "object_repr": "SERTEL", "object_id": "5", "change_message": "Modificado/a tablets.", "user": 1, "content_type": 7}, "model": "admin.logentry", "pk": 228}, {"fields": {"action_flag": 1, "action_time": "2015-11-15T17:51:55.062Z", "object_repr": "359132060946553", "object_id": "5", "change_message": "", "user": 1, "content_type": 15}, "model": "admin.logentry", "pk": 229}, {"fields": {"action_flag": 2, "action_time": "2015-11-15T17:51:57.730Z", "object_repr": "SERTEL", "object_id": "5", "change_message": "Modificado/a tablets.", "user": 1, "content_type": 7}, "model": "admin.logentry", "pk": 230}, {"fields": {"action_flag": 2, "action_time": "2015-11-15T17:55:30.433Z", "object_repr": "SERTEL", "object_id": "5", "change_message": "Modificado/a tablets.", "user": 1, "content_type": 7}, "model": "admin.logentry", "pk": 231}, {"fields": {"action_flag": 2, "action_time": "2015-11-15T18:02:23.835Z", "object_repr": "SERTEL", "object_id": "5", "change_message": "Modificado/a tablets.", "user": 1, "content_type": 7}, "model": "admin.logentry", "pk": 232}, {"fields": {"action_flag": 2, "action_time": "2015-11-15T18:04:27.498Z", "object_repr": "SERTEL", "object_id": "5", "change_message": "Modificado/a tablets.", "user": 1, "content_type": 7}, "model": "admin.logentry", "pk": 233}, {"fields": {"action_flag": 2, "action_time": "2015-11-15T18:13:12.513Z", "object_repr": "SERTEL", "object_id": "5", "change_message": "Modificado/a tablets.", "user": 1, "content_type": 7}, "model": "admin.logentry", "pk": 234}, {"fields": {"action_flag": 2, "action_time": "2015-11-15T21:32:05.765Z", "object_repr": "Empresa 1", "object_id": "1", "change_message": "Modificado/a tablets.", "user": 1, "content_type": 7}, "model": "admin.logentry", "pk": 235}, {"fields": {"action_flag": 2, "action_time": "2015-11-15T21:33:24.977Z", "object_repr": "SERTEL", "object_id": "5", "change_message": "Modificado/a tablets.", "user": 1, "content_type": 7}, "model": "admin.logentry", "pk": 236}, {"fields": {"action_flag": 2, "action_time": "2015-11-15T21:33:28.795Z", "object_repr": "SERTEL", "object_id": "5", "change_message": "No ha cambiado ning\u00fan campo.", "user": 1, "content_type": 7}, "model": "admin.logentry", "pk": 237}, {"fields": {"action_flag": 2, "action_time": "2015-11-15T21:33:46.354Z", "object_repr": "Empresa 1", "object_id": "1", "change_message": "Modificado/a tablets.", "user": 1, "content_type": 7}, "model": "admin.logentry", "pk": 238}, {"fields": {"action_flag": 1, "action_time": "2015-11-16T01:27:41.956Z", "object_repr": "359291054583721", "object_id": "6", "change_message": "", "user": 1, "content_type": 15}, "model": "admin.logentry", "pk": 239}, {"fields": {"action_flag": 2, "action_time": "2015-11-16T01:28:15.734Z", "object_repr": "SERTEL", "object_id": "5", "change_message": "Modificado/a tablets.", "user": 1, "content_type": 7}, "model": "admin.logentry", "pk": 240}, {"fields": {"action_flag": 1, "action_time": "2015-11-16T01:28:33.084Z", "object_repr": "868497012966189", "object_id": "7", "change_message": "", "user": 1, "content_type": 15}, "model": "admin.logentry", "pk": 241}, {"fields": {"action_flag": 2, "action_time": "2015-11-16T01:28:39.027Z", "object_repr": "SERTEL", "object_id": "5", "change_message": "Modificado/a tablets.", "user": 1, "content_type": 7}, "model": "admin.logentry", "pk": 242}, {"fields": {"action_flag": 2, "action_time": "2015-11-16T11:17:19.638Z", "object_repr": "SERTEL", "object_id": "5", "change_message": "Modificado/a tablets.", "user": 1, "content_type": 7}, "model": "admin.logentry", "pk": 243}, {"fields": {"action_flag": 2, "action_time": "2015-11-16T11:17:46.324Z", "object_repr": "SERTEL", "object_id": "5", "change_message": "Modificado/a tablets.", "user": 1, "content_type": 7}, "model": "admin.logentry", "pk": 244}, {"fields": {"action_flag": 2, "action_time": "2015-11-16T11:19:02.384Z", "object_repr": "SERTEL", "object_id": "5", "change_message": "Modificado/a tablets.", "user": 1, "content_type": 7}, "model": "admin.logentry", "pk": 245}, {"fields": {"action_flag": 2, "action_time": "2015-11-16T11:19:13.095Z", "object_repr": "empresa xxx", "object_id": "4", "change_message": "No ha cambiado ning\u00fan campo.", "user": 1, "content_type": 7}, "model": "admin.logentry", "pk": 246}, {"fields": {"action_flag": 2, "action_time": "2015-11-16T11:19:25.387Z", "object_repr": "Empresa 1", "object_id": "1", "change_message": "Modificado/a tablets.", "user": 1, "content_type": 7}, "model": "admin.logentry", "pk": 247}, {"fields": {"action_flag": 2, "action_time": "2015-11-16T11:23:28.797Z", "object_repr": "Empresa 1", "object_id": "1", "change_message": "Modificado/a tablets.", "user": 1, "content_type": 7}, "model": "admin.logentry", "pk": 248}, {"fields": {"action_flag": 2, "action_time": "2015-11-16T11:34:16.048Z", "object_repr": "SERTEL", "object_id": "5", "change_message": "No ha cambiado ning\u00fan campo.", "user": 1, "content_type": 7}, "model": "admin.logentry", "pk": 249}, {"fields": {"action_flag": 2, "action_time": "2015-11-16T16:50:22.843Z", "object_repr": "SERTEL", "object_id": "5", "change_message": "Modificado/a colector y tablets.", "user": 1, "content_type": 7}, "model": "admin.logentry", "pk": 250}, {"fields": {"action_flag": 2, "action_time": "2015-11-16T16:50:56.238Z", "object_repr": "SERTEL", "object_id": "5", "change_message": "No ha cambiado ning\u00fan campo.", "user": 1, "content_type": 7}, "model": "admin.logentry", "pk": 251}, {"fields": {"action_flag": 2, "action_time": "2015-11-16T16:52:25.560Z", "object_repr": "SERTEL", "object_id": "5", "change_message": "Modificado/a colector y tablets.", "user": 1, "content_type": 7}, "model": "admin.logentry", "pk": 252}, {"fields": {"action_flag": 1, "action_time": "2015-11-16T16:56:07.282Z", "object_repr": "354157050628783", "object_id": "8", "change_message": "", "user": 1, "content_type": 15}, "model": "admin.logentry", "pk": 253}, {"fields": {"action_flag": 2, "action_time": "2015-11-16T16:56:25.586Z", "object_repr": "SERTEL", "object_id": "5", "change_message": "Modificado/a tablets.", "user": 1, "content_type": 7}, "model": "admin.logentry", "pk": 254}, {"fields": {"action_flag": 1, "action_time": "2015-11-20T00:53:22.092Z", "object_repr": "353414070073214", "object_id": "9", "change_message": "", "user": 1, "content_type": 15}, "model": "admin.logentry", "pk": 255}, {"fields": {"action_flag": 2, "action_time": "2015-11-20T00:53:33.555Z", "object_repr": "SERTEL", "object_id": "5", "change_message": "Modificado/a tablets.", "user": 1, "content_type": 7}, "model": "admin.logentry", "pk": 256}, {"fields": {"action_flag": 2, "action_time": "2015-11-20T10:57:22.548Z", "object_repr": "JM", "object_id": "6", "change_message": "Modificado/a tablets.", "user": 1, "content_type": 7}, "model": "admin.logentry", "pk": 257}, {"fields": {"action_flag": 2, "action_time": "2015-11-20T10:59:35.646Z", "object_repr": "SECCION TEST", "object_id": "8", "change_message": "Modificado/a nombre.", "user": 1, "content_type": 11}, "model": "admin.logentry", "pk": 258}, {"fields": {"action_flag": 2, "action_time": "2015-11-20T11:00:42.924Z", "object_repr": "SECCION TEST 2", "object_id": "9", "change_message": "Modificado/a nombre.", "user": 1, "content_type": 11}, "model": "admin.logentry", "pk": 259}, {"fields": {"action_flag": 2, "action_time": "2015-11-20T22:04:01.031Z", "object_repr": "JM", "object_id": "6", "change_message": "Modificado/a tablets.", "user": 1, "content_type": 7}, "model": "admin.logentry", "pk": 260}, {"fields": {"action_flag": 1, "action_time": "2015-11-20T22:12:03.817Z", "object_repr": "Fecha", "object_id": "34", "change_message": "", "user": 1, "content_type": 12}, "model": "admin.logentry", "pk": 261}, {"fields": {"action_flag": 1, "action_time": "2015-11-20T22:13:28.081Z", "object_repr": "Propietario(a)", "object_id": "35", "change_message": "", "user": 1, "content_type": 12}, "model": "admin.logentry", "pk": 262}, {"fields": {"action_flag": 1, "action_time": "2015-11-20T22:14:13.872Z", "object_repr": "Telefonos", "object_id": "36", "change_message": "", "user": 1, "content_type": 12}, "model": "admin.logentry", "pk": 263}, {"fields": {"action_flag": 1, "action_time": "2015-11-20T22:15:11.983Z", "object_repr": "Casa", "object_id": "20", "change_message": "", "user": 1, "content_type": 13}, "model": "admin.logentry", "pk": 264}, {"fields": {"action_flag": 1, "action_time": "2015-11-20T22:15:22.145Z", "object_repr": "Apto", "object_id": "21", "change_message": "", "user": 1, "content_type": 13}, "model": "admin.logentry", "pk": 265}, {"fields": {"action_flag": 1, "action_time": "2015-11-20T22:15:29.816Z", "object_repr": "Local", "object_id": "22", "change_message": "", "user": 1, "content_type": 13}, "model": "admin.logentry", "pk": 266}, {"fields": {"action_flag": 1, "action_time": "2015-11-20T22:15:37.969Z", "object_repr": "Oficina", "object_id": "23", "change_message": "", "user": 1, "content_type": 13}, "model": "admin.logentry", "pk": 267}, {"fields": {"action_flag": 1, "action_time": "2015-11-20T22:16:06.118Z", "object_repr": "Bodega", "object_id": "24", "change_message": "", "user": 1, "content_type": 13}, "model": "admin.logentry", "pk": 268}, {"fields": {"action_flag": 1, "action_time": "2015-11-20T22:16:14.479Z", "object_repr": "Edificio", "object_id": "25", "change_message": "", "user": 1, "content_type": 13}, "model": "admin.logentry", "pk": 269}, {"fields": {"action_flag": 1, "action_time": "2015-11-20T22:16:25.676Z", "object_repr": "Otro", "object_id": "26", "change_message": "", "user": 1, "content_type": 13}, "model": "admin.logentry", "pk": 270}, {"fields": {"action_flag": 1, "action_time": "2015-11-20T22:18:32.249Z", "object_repr": "Entrega de propiedad para alquiler", "object_id": "14", "change_message": "", "user": 1, "content_type": 11}, "model": "admin.logentry", "pk": 271}, {"fields": {"action_flag": 1, "action_time": "2015-11-20T22:18:37.043Z", "object_repr": "ENTREGA DE PROPIEDAD PARA ALQUILER", "object_id": "14", "change_message": "", "user": 1, "content_type": 10}, "model": "admin.logentry", "pk": 272}, {"fields": {"action_flag": 1, "action_time": "2015-11-20T22:19:55.327Z", "object_repr": "Inmueble", "object_id": "37", "change_message": "", "user": 1, "content_type": 12}, "model": "admin.logentry", "pk": 273}, {"fields": {"action_flag": 1, "action_time": "2015-11-20T22:20:28.034Z", "object_repr": "Direccion", "object_id": "38", "change_message": "", "user": 1, "content_type": 12}, "model": "admin.logentry", "pk": 274}, {"fields": {"action_flag": 1, "action_time": "2015-11-20T22:20:39.221Z", "object_repr": "Barrio", "object_id": "39", "change_message": "", "user": 1, "content_type": 12}, "model": "admin.logentry", "pk": 275}, {"fields": {"action_flag": 1, "action_time": "2015-11-20T22:21:02.668Z", "object_repr": "Nombre Copropiedad", "object_id": "40", "change_message": "", "user": 1, "content_type": 12}, "model": "admin.logentry", "pk": 276}, {"fields": {"action_flag": 1, "action_time": "2015-11-20T22:21:21.434Z", "object_repr": "Canon", "object_id": "41", "change_message": "", "user": 1, "content_type": 12}, "model": "admin.logentry", "pk": 277}, {"fields": {"action_flag": 1, "action_time": "2015-11-20T22:21:36.128Z", "object_repr": "Administracion", "object_id": "42", "change_message": "", "user": 1, "content_type": 12}, "model": "admin.logentry", "pk": 278}, {"fields": {"action_flag": 1, "action_time": "2015-11-20T22:21:48.278Z", "object_repr": "Valor total", "object_id": "43", "change_message": "", "user": 1, "content_type": 12}, "model": "admin.logentry", "pk": 279}, {"fields": {"action_flag": 1, "action_time": "2015-11-20T22:43:41.902Z", "object_repr": "Si", "object_id": "27", "change_message": "", "user": 1, "content_type": 13}, "model": "admin.logentry", "pk": 280}, {"fields": {"action_flag": 1, "action_time": "2015-11-20T22:43:50.731Z", "object_repr": "No", "object_id": "28", "change_message": "", "user": 1, "content_type": 13}, "model": "admin.logentry", "pk": 281}, {"fields": {"action_flag": 1, "action_time": "2015-11-20T22:44:01.752Z", "object_repr": "Poliza Servicios Publicos", "object_id": "44", "change_message": "", "user": 1, "content_type": 12}, "model": "admin.logentry", "pk": 282}, {"fields": {"action_flag": 1, "action_time": "2015-11-20T22:44:57.078Z", "object_repr": "Clasificados", "object_id": "45", "change_message": "", "user": 1, "content_type": 12}, "model": "admin.logentry", "pk": 283}, {"fields": {"action_flag": 1, "action_time": "2015-11-20T22:47:13.103Z", "object_repr": "Valor", "object_id": "46", "change_message": "", "user": 1, "content_type": 12}, "model": "admin.logentry", "pk": 284}, {"fields": {"action_flag": 1, "action_time": "2015-11-20T23:00:57.794Z", "object_repr": "Direccion Correspondencia", "object_id": "47", "change_message": "", "user": 1, "content_type": 12}, "model": "admin.logentry", "pk": 285}, {"fields": {"action_flag": 1, "action_time": "2015-11-20T23:02:23.429Z", "object_repr": "Corriente", "object_id": "29", "change_message": "", "user": 1, "content_type": 13}, "model": "admin.logentry", "pk": 286}, {"fields": {"action_flag": 1, "action_time": "2015-11-20T23:02:32.370Z", "object_repr": "Ahorros", "object_id": "30", "change_message": "", "user": 1, "content_type": 13}, "model": "admin.logentry", "pk": 287}, {"fields": {"action_flag": 1, "action_time": "2015-11-20T23:02:39.813Z", "object_repr": "Cuenta Tipo", "object_id": "48", "change_message": "", "user": 1, "content_type": 12}, "model": "admin.logentry", "pk": 288}, {"fields": {"action_flag": 1, "action_time": "2015-11-20T23:03:23.541Z", "object_repr": "Numero Cuenta", "object_id": "49", "change_message": "", "user": 1, "content_type": 12}, "model": "admin.logentry", "pk": 289}, {"fields": {"action_flag": 1, "action_time": "2015-11-20T23:03:43.809Z", "object_repr": "Entidad", "object_id": "50", "change_message": "", "user": 1, "content_type": 12}, "model": "admin.logentry", "pk": 290}, {"fields": {"action_flag": 1, "action_time": "2015-11-20T23:04:03.860Z", "object_repr": "Observaciones", "object_id": "51", "change_message": "", "user": 1, "content_type": 12}, "model": "admin.logentry", "pk": 291}, {"fields": {"action_flag": 1, "action_time": "2015-11-20T23:08:39.445Z", "object_repr": "Cedula propietario", "object_id": "52", "change_message": "", "user": 1, "content_type": 12}, "model": "admin.logentry", "pk": 292}, {"fields": {"action_flag": 1, "action_time": "2015-11-20T23:09:44.482Z", "object_repr": "Acepto", "object_id": "31", "change_message": "", "user": 1, "content_type": 13}, "model": "admin.logentry", "pk": 293}, {"fields": {"action_flag": 1, "action_time": "2015-11-20T23:09:53.001Z", "object_repr": "No acepto", "object_id": "32", "change_message": "", "user": 1, "content_type": 13}, "model": "admin.logentry", "pk": 294}, {"fields": {"action_flag": 1, "action_time": "2015-11-20T23:09:58.171Z", "object_repr": "Aceptacion del propietario", "object_id": "53", "change_message": "", "user": 1, "content_type": 12}, "model": "admin.logentry", "pk": 295}, {"fields": {"action_flag": 2, "action_time": "2015-11-20T23:13:22.791Z", "object_repr": "Entrega de propiedad para alquiler", "object_id": "14", "change_message": "Modificado/a entrada.", "user": 1, "content_type": 11}, "model": "admin.logentry", "pk": 296}, {"fields": {"action_flag": 1, "action_time": "2015-11-20T23:18:20.908Z", "object_repr": "ENTREGA DE PROPIEDAD PARA ALQUILER", "object_id": "15", "change_message": "", "user": 1, "content_type": 16}, "model": "admin.logentry", "pk": 297}, {"fields": {"action_flag": 2, "action_time": "2015-11-20T23:35:19.126Z", "object_repr": "colectortest", "object_id": "5", "change_message": "Modificado/a is_staff.", "user": 1, "content_type": 4}, "model": "admin.logentry", "pk": 298}, {"fields": {"action_flag": 2, "action_time": "2015-11-20T23:42:47.930Z", "object_repr": "colectortest", "object_id": "5", "change_message": "Modificado/a is_superuser.", "user": 1, "content_type": 4}, "model": "admin.logentry", "pk": 299}, {"fields": {"action_flag": 2, "action_time": "2015-11-20T23:43:40.239Z", "object_repr": "colectortest", "object_id": "5", "change_message": "Modificado/a groups.", "user": 1, "content_type": 4}, "model": "admin.logentry", "pk": 300}, {"fields": {"action_flag": 2, "action_time": "2015-11-20T23:47:42.153Z", "object_repr": "JM", "object_id": "6", "change_message": "Modificado/a plan y formulario.", "user": 1, "content_type": 7}, "model": "admin.logentry", "pk": 301}, {"fields": {"action_flag": 2, "action_time": "2015-11-20T23:49:01.320Z", "object_repr": "ENTREGA DE PROPIEDAD PARA ALQUILER", "object_id": "15", "change_message": "No ha cambiado ning\u00fan campo.", "user": 1, "content_type": 16}, "model": "admin.logentry", "pk": 302}, {"fields": {"action_flag": 2, "action_time": "2015-11-21T00:29:21.694Z", "object_repr": "Empresa 1", "object_id": "1", "change_message": "Modificado/a colector.", "user": 1, "content_type": 7}, "model": "admin.logentry", "pk": 303}, {"fields": {"action_flag": 3, "action_time": "2015-11-22T16:40:10.989Z", "object_repr": "empresa xxx", "object_id": "4", "change_message": "", "user": 1, "content_type": 7}, "model": "admin.logentry", "pk": 304}, {"fields": {"action_flag": 2, "action_time": "2015-11-22T16:40:48.847Z", "object_repr": "JM", "object_id": "6", "change_message": "Modificado/a colector y tablets.", "user": 1, "content_type": 7}, "model": "admin.logentry", "pk": 305}, {"fields": {"action_flag": 2, "action_time": "2015-11-22T16:43:18.648Z", "object_repr": "Empresa 1", "object_id": "1", "change_message": "Modificado/a usuario.", "user": 1, "content_type": 7}, "model": "admin.logentry", "pk": 306}, {"fields": {"action_flag": 1, "action_time": "2015-11-22T16:47:20.455Z", "object_repr": "GPS TEST", "object_id": "54", "change_message": "", "user": 1, "content_type": 12}, "model": "admin.logentry", "pk": 307}, {"fields": {"action_flag": 2, "action_time": "2015-11-22T16:47:23.087Z", "object_repr": "SECCION TEST 2", "object_id": "9", "change_message": "Modificado/a entrada.", "user": 1, "content_type": 11}, "model": "admin.logentry", "pk": 308}, {"fields": {"action_flag": 2, "action_time": "2015-11-22T17:23:02.878Z", "object_repr": "SECCION TEST 2", "object_id": "9", "change_message": "No ha cambiado ning\u00fan campo.", "user": 1, "content_type": 11}, "model": "admin.logentry", "pk": 309}, {"fields": {"action_flag": 1, "action_time": "2015-11-23T01:56:50.404Z", "object_repr": "Estrato 1", "object_id": "33", "change_message": "", "user": 1, "content_type": 13}, "model": "admin.logentry", "pk": 310}, {"fields": {"action_flag": 1, "action_time": "2015-11-23T01:56:57.609Z", "object_repr": "Estrato 2", "object_id": "34", "change_message": "", "user": 1, "content_type": 13}, "model": "admin.logentry", "pk": 311}, {"fields": {"action_flag": 1, "action_time": "2015-11-23T01:57:05.791Z", "object_repr": "Estrato 3", "object_id": "35", "change_message": "", "user": 1, "content_type": 13}, "model": "admin.logentry", "pk": 312}, {"fields": {"action_flag": 1, "action_time": "2015-11-23T01:57:16.377Z", "object_repr": "Estrato 4", "object_id": "36", "change_message": "", "user": 1, "content_type": 13}, "model": "admin.logentry", "pk": 313}, {"fields": {"action_flag": 1, "action_time": "2015-11-23T01:57:23.981Z", "object_repr": "Estrato 5", "object_id": "37", "change_message": "", "user": 1, "content_type": 13}, "model": "admin.logentry", "pk": 314}, {"fields": {"action_flag": 1, "action_time": "2015-11-23T01:57:32.371Z", "object_repr": "Estrato 6", "object_id": "38", "change_message": "", "user": 1, "content_type": 13}, "model": "admin.logentry", "pk": 315}, {"fields": {"action_flag": 1, "action_time": "2015-11-23T01:57:39.878Z", "object_repr": "Estrato", "object_id": "55", "change_message": "", "user": 1, "content_type": 12}, "model": "admin.logentry", "pk": 316}, {"fields": {"action_flag": 1, "action_time": "2015-11-23T01:58:06.493Z", "object_repr": "Matricula Inmobiliaria", "object_id": "56", "change_message": "", "user": 1, "content_type": 12}, "model": "admin.logentry", "pk": 317}, {"fields": {"action_flag": 1, "action_time": "2015-11-23T01:58:35.281Z", "object_repr": "Avaluo Catastral", "object_id": "57", "change_message": "", "user": 1, "content_type": 12}, "model": "admin.logentry", "pk": 318}, {"fields": {"action_flag": 1, "action_time": "2015-11-23T01:59:03.973Z", "object_repr": "Avaluo Comercial", "object_id": "58", "change_message": "", "user": 1, "content_type": 12}, "model": "admin.logentry", "pk": 319}, {"fields": {"action_flag": 1, "action_time": "2015-11-23T01:59:39.002Z", "object_repr": "Area Lote", "object_id": "59", "change_message": "", "user": 1, "content_type": 12}, "model": "admin.logentry", "pk": 320}, {"fields": {"action_flag": 1, "action_time": "2015-11-23T02:00:15.328Z", "object_repr": "Area Construida", "object_id": "60", "change_message": "", "user": 1, "content_type": 12}, "model": "admin.logentry", "pk": 321}, {"fields": {"action_flag": 1, "action_time": "2015-11-23T02:02:12.907Z", "object_repr": "Area Privada", "object_id": "61", "change_message": "", "user": 1, "content_type": 12}, "model": "admin.logentry", "pk": 322}, {"fields": {"action_flag": 1, "action_time": "2015-11-23T02:02:49.985Z", "object_repr": "A\u00f1o de construccion", "object_id": "62", "change_message": "", "user": 1, "content_type": 12}, "model": "admin.logentry", "pk": 323}, {"fields": {"action_flag": 1, "action_time": "2015-11-23T02:03:12.351Z", "object_repr": "Ubicaci\u00f3n Llaves", "object_id": "63", "change_message": "", "user": 1, "content_type": 12}, "model": "admin.logentry", "pk": 324}, {"fields": {"action_flag": 1, "action_time": "2015-11-23T02:04:28.719Z", "object_repr": "Frente", "object_id": "64", "change_message": "", "user": 1, "content_type": 12}, "model": "admin.logentry", "pk": 325}, {"fields": {"action_flag": 1, "action_time": "2015-11-23T02:04:42.149Z", "object_repr": "Fondo", "object_id": "65", "change_message": "", "user": 1, "content_type": 12}, "model": "admin.logentry", "pk": 326}, {"fields": {"action_flag": 1, "action_time": "2015-11-23T02:05:09.371Z", "object_repr": "Telefono Porter\u00eda", "object_id": "66", "change_message": "", "user": 1, "content_type": 12}, "model": "admin.logentry", "pk": 327}, {"fields": {"action_flag": 1, "action_time": "2015-11-23T02:05:30.993Z", "object_repr": "Contacto de visita", "object_id": "67", "change_message": "", "user": 1, "content_type": 12}, "model": "admin.logentry", "pk": 328}, {"fields": {"action_flag": 1, "action_time": "2015-11-23T02:05:46.833Z", "object_repr": "Horario", "object_id": "68", "change_message": "", "user": 1, "content_type": 12}, "model": "admin.logentry", "pk": 329}, {"fields": {"action_flag": 1, "action_time": "2015-11-23T02:06:40.204Z", "object_repr": "Celular", "object_id": "69", "change_message": "", "user": 1, "content_type": 12}, "model": "admin.logentry", "pk": 330}, {"fields": {"action_flag": 1, "action_time": "2015-11-23T02:07:04.445Z", "object_repr": "Precio de venta", "object_id": "70", "change_message": "", "user": 1, "content_type": 12}, "model": "admin.logentry", "pk": 331}, {"fields": {"action_flag": 1, "action_time": "2015-11-23T02:10:02.945Z", "object_repr": "Cta. Admon", "object_id": "71", "change_message": "", "user": 1, "content_type": 12}, "model": "admin.logentry", "pk": 332}, {"fields": {"action_flag": 1, "action_time": "2015-11-23T02:10:41.055Z", "object_repr": "Hipoteca", "object_id": "72", "change_message": "", "user": 1, "content_type": 12}, "model": "admin.logentry", "pk": 333}, {"fields": {"action_flag": 1, "action_time": "2015-11-23T02:11:06.384Z", "object_repr": "Valor Hipoteca", "object_id": "73", "change_message": "", "user": 1, "content_type": 12}, "model": "admin.logentry", "pk": 334}, {"fields": {"action_flag": 1, "action_time": "2015-11-23T02:11:39.841Z", "object_repr": "Banco Hipoteca", "object_id": "74", "change_message": "", "user": 1, "content_type": 12}, "model": "admin.logentry", "pk": 335}, {"fields": {"action_flag": 1, "action_time": "2015-11-23T02:11:48.226Z", "object_repr": "Otro gravamen", "object_id": "75", "change_message": "", "user": 1, "content_type": 12}, "model": "admin.logentry", "pk": 336}, {"fields": {"action_flag": 1, "action_time": "2015-11-23T02:11:58.123Z", "object_repr": "TIPO DE INMUEBLE UBICACI\u00d3N Y CONTACTO", "object_id": "15", "change_message": "", "user": 1, "content_type": 11}, "model": "admin.logentry", "pk": 337}, {"fields": {"action_flag": 1, "action_time": "2015-11-23T02:13:58.986Z", "object_repr": "Pisos del edificio", "object_id": "76", "change_message": "", "user": 1, "content_type": 12}, "model": "admin.logentry", "pk": 338}, {"fields": {"action_flag": 1, "action_time": "2015-11-23T02:14:25.200Z", "object_repr": "Aptos por piso", "object_id": "77", "change_message": "", "user": 1, "content_type": 12}, "model": "admin.logentry", "pk": 339}, {"fields": {"action_flag": 1, "action_time": "2015-11-23T02:15:14.553Z", "object_repr": "Ascensor", "object_id": "78", "change_message": "", "user": 1, "content_type": 12}, "model": "admin.logentry", "pk": 340}, {"fields": {"action_flag": 1, "action_time": "2015-11-23T02:16:12.854Z", "object_repr": "Escaleras", "object_id": "79", "change_message": "", "user": 1, "content_type": 12}, "model": "admin.logentry", "pk": 341}, {"fields": {"action_flag": 1, "action_time": "2015-11-23T02:16:37.447Z", "object_repr": "Parqueaderos privados", "object_id": "80", "change_message": "", "user": 1, "content_type": 12}, "model": "admin.logentry", "pk": 342}, {"fields": {"action_flag": 1, "action_time": "2015-11-23T02:17:28.198Z", "object_repr": "Cubierto", "object_id": "39", "change_message": "", "user": 1, "content_type": 13}, "model": "admin.logentry", "pk": 343}, {"fields": {"action_flag": 1, "action_time": "2015-11-23T02:17:35.503Z", "object_repr": "Descubierto", "object_id": "40", "change_message": "", "user": 1, "content_type": 13}, "model": "admin.logentry", "pk": 344}, {"fields": {"action_flag": 1, "action_time": "2015-11-23T02:17:44.629Z", "object_repr": "Tipo parqueadero", "object_id": "81", "change_message": "", "user": 1, "content_type": 12}, "model": "admin.logentry", "pk": 345}, {"fields": {"action_flag": 1, "action_time": "2015-11-23T02:18:04.303Z", "object_repr": "Parqueaderos visitantes", "object_id": "82", "change_message": "", "user": 1, "content_type": 12}, "model": "admin.logentry", "pk": 346}, {"fields": {"action_flag": 1, "action_time": "2015-11-23T02:18:43.651Z", "object_repr": "Tipo parqueadero visitantes", "object_id": "83", "change_message": "", "user": 1, "content_type": 12}, "model": "admin.logentry", "pk": 347}, {"fields": {"action_flag": 1, "action_time": "2015-11-23T02:19:09.551Z", "object_repr": "Vigilancia", "object_id": "84", "change_message": "", "user": 1, "content_type": 12}, "model": "admin.logentry", "pk": 348}, {"fields": {"action_flag": 1, "action_time": "2015-11-23T02:19:28.892Z", "object_repr": "Circuito cerrado tv", "object_id": "85", "change_message": "", "user": 1, "content_type": 12}, "model": "admin.logentry", "pk": 349}, {"fields": {"action_flag": 1, "action_time": "2015-11-23T02:19:51.773Z", "object_repr": "Citofono", "object_id": "86", "change_message": "", "user": 1, "content_type": 12}, "model": "admin.logentry", "pk": 350}, {"fields": {"action_flag": 1, "action_time": "2015-11-23T02:20:37.069Z", "object_repr": "Recepci\u00f3n-porter\u00eda", "object_id": "87", "change_message": "", "user": 1, "content_type": 12}, "model": "admin.logentry", "pk": 351}, {"fields": {"action_flag": 1, "action_time": "2015-11-23T02:21:51.875Z", "object_repr": "Puerta Seguridad", "object_id": "88", "change_message": "", "user": 1, "content_type": 12}, "model": "admin.logentry", "pk": 352}, {"fields": {"action_flag": 1, "action_time": "2015-11-23T02:22:17.741Z", "object_repr": "Alarma", "object_id": "89", "change_message": "", "user": 1, "content_type": 12}, "model": "admin.logentry", "pk": 353}, {"fields": {"action_flag": 1, "action_time": "2015-11-23T02:22:43.113Z", "object_repr": "Sede social", "object_id": "90", "change_message": "", "user": 1, "content_type": 12}, "model": "admin.logentry", "pk": 354}, {"fields": {"action_flag": 1, "action_time": "2015-11-23T02:23:29.888Z", "object_repr": "Piscina", "object_id": "91", "change_message": "", "user": 1, "content_type": 12}, "model": "admin.logentry", "pk": 355}, {"fields": {"action_flag": 1, "action_time": "2015-11-23T02:23:56.294Z", "object_repr": "Zona Infantil", "object_id": "92", "change_message": "", "user": 1, "content_type": 12}, "model": "admin.logentry", "pk": 356}, {"fields": {"action_flag": 1, "action_time": "2015-11-23T02:24:24.710Z", "object_repr": "Jacuzzi", "object_id": "93", "change_message": "", "user": 1, "content_type": 12}, "model": "admin.logentry", "pk": 357}, {"fields": {"action_flag": 1, "action_time": "2015-11-23T02:24:53.273Z", "object_repr": "Gimnasio", "object_id": "94", "change_message": "", "user": 1, "content_type": 12}, "model": "admin.logentry", "pk": 358}, {"fields": {"action_flag": 1, "action_time": "2015-11-23T02:25:17.938Z", "object_repr": "Planta el\u00e9ctrica", "object_id": "95", "change_message": "", "user": 1, "content_type": 12}, "model": "admin.logentry", "pk": 359}, {"fields": {"action_flag": 1, "action_time": "2015-11-23T02:25:39.836Z", "object_repr": "Sauna", "object_id": "96", "change_message": "", "user": 1, "content_type": 12}, "model": "admin.logentry", "pk": 360}, {"fields": {"action_flag": 1, "action_time": "2015-11-23T02:26:08.599Z", "object_repr": "Turco", "object_id": "97", "change_message": "", "user": 1, "content_type": 12}, "model": "admin.logentry", "pk": 361}, {"fields": {"action_flag": 1, "action_time": "2015-11-23T02:26:31.053Z", "object_repr": "Lavanderia", "object_id": "98", "change_message": "", "user": 1, "content_type": 12}, "model": "admin.logentry", "pk": 362}, {"fields": {"action_flag": 1, "action_time": "2015-11-23T02:26:43.892Z", "object_repr": "Otros", "object_id": "99", "change_message": "", "user": 1, "content_type": 12}, "model": "admin.logentry", "pk": 363}, {"fields": {"action_flag": 1, "action_time": "2015-11-23T02:27:04.714Z", "object_repr": "DATOS GENERALES DEL INMUEBLE", "object_id": "16", "change_message": "", "user": 1, "content_type": 11}, "model": "admin.logentry", "pk": 364}, {"fields": {"action_flag": 1, "action_time": "2015-11-23T02:29:29.146Z", "object_repr": "Total alcobas", "object_id": "100", "change_message": "", "user": 1, "content_type": 12}, "model": "admin.logentry", "pk": 365}, {"fields": {"action_flag": 1, "action_time": "2015-11-23T02:29:41.262Z", "object_repr": "Total ba\u00f1os", "object_id": "101", "change_message": "", "user": 1, "content_type": 12}, "model": "admin.logentry", "pk": 366}, {"fields": {"action_flag": 1, "action_time": "2015-11-23T02:30:26.867Z", "object_repr": "Sala comedor", "object_id": "102", "change_message": "", "user": 1, "content_type": 12}, "model": "admin.logentry", "pk": 367}, {"fields": {"action_flag": 1, "action_time": "2015-11-23T02:30:57.235Z", "object_repr": "Biblioteca / Estudio", "object_id": "103", "change_message": "", "user": 1, "content_type": 12}, "model": "admin.logentry", "pk": 368}, {"fields": {"action_flag": 1, "action_time": "2015-11-23T02:31:31.942Z", "object_repr": "Estadero", "object_id": "104", "change_message": "", "user": 1, "content_type": 12}, "model": "admin.logentry", "pk": 369}, {"fields": {"action_flag": 1, "action_time": "2015-11-23T02:32:22.684Z", "object_repr": "Alcoba servicio", "object_id": "105", "change_message": "", "user": 1, "content_type": 12}, "model": "admin.logentry", "pk": 370}, {"fields": {"action_flag": 1, "action_time": "2015-11-23T02:33:01.839Z", "object_repr": "Ba\u00f1o servicio", "object_id": "106", "change_message": "", "user": 1, "content_type": 12}, "model": "admin.logentry", "pk": 371}, {"fields": {"action_flag": 1, "action_time": "2015-11-23T02:33:39.999Z", "object_repr": "Deposito", "object_id": "107", "change_message": "", "user": 1, "content_type": 12}, "model": "admin.logentry", "pk": 372}, {"fields": {"action_flag": 1, "action_time": "2015-11-23T02:34:06.256Z", "object_repr": "Cocina tradicional", "object_id": "108", "change_message": "", "user": 1, "content_type": 12}, "model": "admin.logentry", "pk": 373}, {"fields": {"action_flag": 1, "action_time": "2015-11-23T02:34:56.451Z", "object_repr": "Cocina Integral", "object_id": "109", "change_message": "", "user": 1, "content_type": 12}, "model": "admin.logentry", "pk": 374}, {"fields": {"action_flag": 1, "action_time": "2015-11-23T02:35:21.739Z", "object_repr": "Cocina abierta", "object_id": "110", "change_message": "", "user": 1, "content_type": 12}, "model": "admin.logentry", "pk": 375}, {"fields": {"action_flag": 1, "action_time": "2015-11-23T02:35:55.969Z", "object_repr": "Horno", "object_id": "111", "change_message": "", "user": 1, "content_type": 12}, "model": "admin.logentry", "pk": 376}, {"fields": {"action_flag": 1, "action_time": "2015-11-23T02:36:22.943Z", "object_repr": "Gas", "object_id": "112", "change_message": "", "user": 1, "content_type": 12}, "model": "admin.logentry", "pk": 377}, {"fields": {"action_flag": 2, "action_time": "2015-11-23T02:37:05.429Z", "object_repr": "Gas", "object_id": "112", "change_message": "Modificado/a tipo.", "user": 1, "content_type": 12}, "model": "admin.logentry", "pk": 378}, {"fields": {"action_flag": 2, "action_time": "2015-11-23T02:37:37.181Z", "object_repr": "Citofono", "object_id": "86", "change_message": "Modificado/a tipo.", "user": 1, "content_type": 12}, "model": "admin.logentry", "pk": 379}, {"fields": {"action_flag": 1, "action_time": "2015-11-23T02:38:30.217Z", "object_repr": "Calentador", "object_id": "113", "change_message": "", "user": 1, "content_type": 12}, "model": "admin.logentry", "pk": 380}, {"fields": {"action_flag": 1, "action_time": "2015-11-23T02:38:53.052Z", "object_repr": "Campana", "object_id": "114", "change_message": "", "user": 1, "content_type": 12}, "model": "admin.logentry", "pk": 381}, {"fields": {"action_flag": 1, "action_time": "2015-11-23T02:39:23.887Z", "object_repr": "Zona de oficios", "object_id": "115", "change_message": "", "user": 1, "content_type": 12}, "model": "admin.logentry", "pk": 382}, {"fields": {"action_flag": 1, "action_time": "2015-11-23T02:39:41.229Z", "object_repr": "Pisos tipo", "object_id": "116", "change_message": "", "user": 1, "content_type": 12}, "model": "admin.logentry", "pk": 383}, {"fields": {"action_flag": 1, "action_time": "2015-11-23T02:40:05.084Z", "object_repr": "Terraza", "object_id": "117", "change_message": "", "user": 1, "content_type": 12}, "model": "admin.logentry", "pk": 384}, {"fields": {"action_flag": 1, "action_time": "2015-11-23T02:40:35.641Z", "object_repr": "Balc\u00f3n", "object_id": "118", "change_message": "", "user": 1, "content_type": 12}, "model": "admin.logentry", "pk": 385}, {"fields": {"action_flag": 1, "action_time": "2015-11-23T02:41:01.910Z", "object_repr": "Patio", "object_id": "119", "change_message": "", "user": 1, "content_type": 12}, "model": "admin.logentry", "pk": 386}, {"fields": {"action_flag": 1, "action_time": "2015-11-23T02:41:23.312Z", "object_repr": "Jardin", "object_id": "120", "change_message": "", "user": 1, "content_type": 12}, "model": "admin.logentry", "pk": 387}, {"fields": {"action_flag": 1, "action_time": "2015-11-23T02:42:14.938Z", "object_repr": "Aire acondicionado", "object_id": "121", "change_message": "", "user": 1, "content_type": 12}, "model": "admin.logentry", "pk": 388}, {"fields": {"action_flag": 1, "action_time": "2015-11-23T02:43:59.702Z", "object_repr": "Piscina privada", "object_id": "122", "change_message": "", "user": 1, "content_type": 12}, "model": "admin.logentry", "pk": 389}, {"fields": {"action_flag": 1, "action_time": "2015-11-23T02:44:25.940Z", "object_repr": "Jacuzzi privado", "object_id": "123", "change_message": "", "user": 1, "content_type": 12}, "model": "admin.logentry", "pk": 390}, {"fields": {"action_flag": 1, "action_time": "2015-11-23T02:44:57.773Z", "object_repr": "Vista privada", "object_id": "124", "change_message": "", "user": 1, "content_type": 12}, "model": "admin.logentry", "pk": 391}, {"fields": {"action_flag": 1, "action_time": "2015-11-23T02:45:23.709Z", "object_repr": "Acabados cocina", "object_id": "125", "change_message": "", "user": 1, "content_type": 12}, "model": "admin.logentry", "pk": 392}, {"fields": {"action_flag": 1, "action_time": "2015-11-23T02:49:38.915Z", "object_repr": "Acabados ba\u00f1o", "object_id": "126", "change_message": "", "user": 1, "content_type": 12}, "model": "admin.logentry", "pk": 393}, {"fields": {"action_flag": 1, "action_time": "2015-11-23T02:50:06.128Z", "object_repr": "OBSERVACIONES", "object_id": "127", "change_message": "", "user": 1, "content_type": 12}, "model": "admin.logentry", "pk": 394}, {"fields": {"action_flag": 1, "action_time": "2015-11-23T02:50:29.661Z", "object_repr": "Nombre Captador", "object_id": "128", "change_message": "", "user": 1, "content_type": 12}, "model": "admin.logentry", "pk": 395}, {"fields": {"action_flag": 1, "action_time": "2015-11-23T02:50:57.739Z", "object_repr": "Celular captador", "object_id": "129", "change_message": "", "user": 1, "content_type": 12}, "model": "admin.logentry", "pk": 396}, {"fields": {"action_flag": 1, "action_time": "2015-11-23T02:51:55.674Z", "object_repr": "Fecha Captaci\u00f3n", "object_id": "130", "change_message": "", "user": 1, "content_type": 12}, "model": "admin.logentry", "pk": 397}, {"fields": {"action_flag": 1, "action_time": "2015-11-23T02:52:12.292Z", "object_repr": "C\u00f3digo web", "object_id": "131", "change_message": "", "user": 1, "content_type": 12}, "model": "admin.logentry", "pk": 398}, {"fields": {"action_flag": 1, "action_time": "2015-11-23T02:52:33.195Z", "object_repr": "DESCRIPCI\u00d3N DEL INMUEBLE", "object_id": "17", "change_message": "", "user": 1, "content_type": 11}, "model": "admin.logentry", "pk": 399}, {"fields": {"action_flag": 1, "action_time": "2015-11-23T02:52:46.566Z", "object_repr": "FICHA CAPTACION DE INMUEBLES PARA VENTA", "object_id": "15", "change_message": "", "user": 1, "content_type": 10}, "model": "admin.logentry", "pk": 400}, {"fields": {"action_flag": 1, "action_time": "2015-11-23T02:54:12.630Z", "object_repr": "jm", "object_id": "8", "change_message": "", "user": 1, "content_type": 4}, "model": "admin.logentry", "pk": 401}, {"fields": {"action_flag": 2, "action_time": "2015-11-23T02:54:28.211Z", "object_repr": "jm", "object_id": "8", "change_message": "No ha cambiado ning\u00fan campo.", "user": 1, "content_type": 4}, "model": "admin.logentry", "pk": 402}, {"fields": {"action_flag": 2, "action_time": "2015-11-23T02:55:38.563Z", "object_repr": "JM", "object_id": "6", "change_message": "Modificado/a usuario, formulario y tablets.", "user": 1, "content_type": 7}, "model": "admin.logentry", "pk": 403}, {"fields": {"action_flag": 2, "action_time": "2015-11-23T02:56:01.065Z", "object_repr": "Empresa 1", "object_id": "1", "change_message": "No ha cambiado ning\u00fan campo.", "user": 1, "content_type": 7}, "model": "admin.logentry", "pk": 404}, {"fields": {"action_flag": 1, "action_time": "2015-11-23T02:56:51.608Z", "object_repr": "jm", "object_id": "7", "change_message": "", "user": 1, "content_type": 8}, "model": "admin.logentry", "pk": 405}, {"fields": {"action_flag": 1, "action_time": "2015-11-23T02:57:16.755Z", "object_repr": "ENTREGA DE PROPIEDAD PARA ALQUILER", "object_id": "16", "change_message": "", "user": 1, "content_type": 16}, "model": "admin.logentry", "pk": 406}, {"fields": {"action_flag": 3, "action_time": "2015-11-23T02:57:30.588Z", "object_repr": "ENTREGA DE PROPIEDAD PARA ALQUILER", "object_id": "15", "change_message": "", "user": 1, "content_type": 16}, "model": "admin.logentry", "pk": 407}, {"fields": {"action_flag": 1, "action_time": "2015-11-23T02:57:43.640Z", "object_repr": "FICHA CAPTACION DE INMUEBLES PARA VENTA", "object_id": "17", "change_message": "", "user": 1, "content_type": 16}, "model": "admin.logentry", "pk": 408}, {"fields": {"action_flag": 2, "action_time": "2015-11-23T03:00:56.710Z", "object_repr": "Empresa 1", "object_id": "1", "change_message": "Modificado/a tablets.", "user": 1, "content_type": 7}, "model": "admin.logentry", "pk": 409}, {"fields": {"action_flag": 2, "action_time": "2015-11-23T03:07:12.561Z", "object_repr": "DESCRIPCI\u00d3N DEL INMUEBLE", "object_id": "17", "change_message": "Modificado/a entrada.", "user": 1, "content_type": 11}, "model": "admin.logentry", "pk": 410}, {"fields": {"action_flag": 2, "action_time": "2015-11-23T03:25:45.379Z", "object_repr": "1. FICHA CAPTACION DE INMUEBLES PARA VENTA", "object_id": "15", "change_message": "Modificado/a nombre, descripcion y ficha.", "user": 1, "content_type": 10}, "model": "admin.logentry", "pk": 411}, {"fields": {"action_flag": 1, "action_time": "2015-11-23T03:26:27.481Z", "object_repr": "2. FICHA CAPTACION DE INMUEBLES PARA VENTA", "object_id": "16", "change_message": "", "user": 1, "content_type": 10}, "model": "admin.logentry", "pk": 412}, {"fields": {"action_flag": 1, "action_time": "2015-11-23T03:27:13.297Z", "object_repr": "3. FICHA CAPTACION DE INMUEBLES PARA VENTA", "object_id": "17", "change_message": "", "user": 1, "content_type": 10}, "model": "admin.logentry", "pk": 413}, {"fields": {"action_flag": 1, "action_time": "2015-11-23T03:27:40.672Z", "object_repr": "2. FICHA CAPTACION DE INMUEBLES PARA VENTA", "object_id": "18", "change_message": "", "user": 1, "content_type": 16}, "model": "admin.logentry", "pk": 414}, {"fields": {"action_flag": 1, "action_time": "2015-11-23T03:27:50.417Z", "object_repr": "3. FICHA CAPTACION DE INMUEBLES PARA VENTA", "object_id": "19", "change_message": "", "user": 1, "content_type": 16}, "model": "admin.logentry", "pk": 415}, {"fields": {"action_flag": 2, "action_time": "2015-11-24T19:48:21.531Z", "object_repr": "1. FICHA CAPTACION DE INMUEBLES PARA VENTA", "object_id": "15", "change_message": "Modificado/a ficha.", "user": 1, "content_type": 10}, "model": "admin.logentry", "pk": 416}, {"fields": {"action_flag": 1, "action_time": "2015-11-24T21:59:22.412Z", "object_repr": "ENTRADA TEST 1", "object_id": "132", "change_message": "", "user": 1, "content_type": 12}, "model": "admin.logentry", "pk": 417}, {"fields": {"action_flag": 1, "action_time": "2015-11-24T21:59:30.400Z", "object_repr": "FICHA TEST 1", "object_id": "18", "change_message": "", "user": 1, "content_type": 11}, "model": "admin.logentry", "pk": 418}, {"fields": {"action_flag": 1, "action_time": "2015-11-24T21:59:48.008Z", "object_repr": "ENTRADA TEST 2", "object_id": "133", "change_message": "", "user": 1, "content_type": 12}, "model": "admin.logentry", "pk": 419}, {"fields": {"action_flag": 1, "action_time": "2015-11-24T21:59:49.786Z", "object_repr": "FICHA TEST 2", "object_id": "19", "change_message": "", "user": 1, "content_type": 11}, "model": "admin.logentry", "pk": 420}, {"fields": {"action_flag": 1, "action_time": "2015-11-24T21:59:57.678Z", "object_repr": "FORM TEST SECCIONES", "object_id": "18", "change_message": "", "user": 1, "content_type": 10}, "model": "admin.logentry", "pk": 421}, {"fields": {"action_flag": 1, "action_time": "2015-11-24T22:00:39.467Z", "object_repr": "FORM TEST SECCIONES", "object_id": "20", "change_message": "", "user": 1, "content_type": 16}, "model": "admin.logentry", "pk": 422}, {"fields": {"action_flag": 2, "action_time": "2015-11-24T22:03:02.389Z", "object_repr": "JM", "object_id": "6", "change_message": "Modificado/a colector y formulario.", "user": 1, "content_type": 7}, "model": "admin.logentry", "pk": 423}, {"fields": {"action_flag": 3, "action_time": "2015-11-25T15:28:40.346Z", "object_repr": "TESTNOV7", "object_id": "14", "change_message": "", "user": 1, "content_type": 16}, "model": "admin.logentry", "pk": 424}, {"fields": {"action_flag": 2, "action_time": "2015-11-25T15:29:07.680Z", "object_repr": "Supervision", "object_id": "13", "change_message": "Modificado/a colectores.", "user": 1, "content_type": 16}, "model": "admin.logentry", "pk": 425}, {"fields": {"action_flag": 2, "action_time": "2015-11-25T15:29:19.278Z", "object_repr": "formularioDinamico", "object_id": "12", "change_message": "Modificado/a colectores.", "user": 1, "content_type": 16}, "model": "admin.logentry", "pk": 426}, {"fields": {"action_flag": 3, "action_time": "2015-11-25T15:29:28.426Z", "object_repr": "formularioDinamico", "object_id": "12", "change_message": "", "user": 1, "content_type": 16}, "model": "admin.logentry", "pk": 427}, {"fields": {"action_flag": 3, "action_time": "2015-11-25T15:29:39.416Z", "object_repr": "persona", "object_id": "9", "change_message": "", "user": 1, "content_type": 16}, "model": "admin.logentry", "pk": 428}, {"fields": {"action_flag": 2, "action_time": "2015-11-25T15:29:57.187Z", "object_repr": "formularioBasico", "object_id": "10", "change_message": "Modificado/a colectores.", "user": 1, "content_type": 16}, "model": "admin.logentry", "pk": 429}, {"fields": {"action_flag": 2, "action_time": "2015-11-25T15:31:45.294Z", "object_repr": "Empresa 1", "object_id": "1", "change_message": "Modificado/a formulario y tablets.", "user": 1, "content_type": 7}, "model": "admin.logentry", "pk": 430}, {"fields": {"action_flag": 1, "action_time": "2015-11-25T15:36:29.539Z", "object_repr": "SECCION TEST FOTO", "object_id": "20", "change_message": "", "user": 1, "content_type": 11}, "model": "admin.logentry", "pk": 431}, {"fields": {"action_flag": 2, "action_time": "2015-11-25T15:36:50.957Z", "object_repr": "formularioBasico", "object_id": "9", "change_message": "Modificado/a ficha.", "user": 1, "content_type": 10}, "model": "admin.logentry", "pk": 432}, {"fields": {"action_flag": 2, "action_time": "2015-11-25T15:43:38.527Z", "object_repr": "JM", "object_id": "6", "change_message": "Modificado/a tablets.", "user": 1, "content_type": 7}, "model": "admin.logentry", "pk": 433}, {"fields": {"action_flag": 2, "action_time": "2015-12-02T18:08:13.618Z", "object_repr": "JM", "object_id": "6", "change_message": "Modificado/a tablets.", "user": 5, "content_type": 7}, "model": "admin.logentry", "pk": 434}, {"fields": {"action_flag": 2, "action_time": "2015-12-02T18:08:21.390Z", "object_repr": "Empresa 1", "object_id": "1", "change_message": "Modificado/a tablets.", "user": 5, "content_type": 7}, "model": "admin.logentry", "pk": 435}, {"fields": {"action_flag": 2, "action_time": "2015-12-02T18:08:34.592Z", "object_repr": "JM", "object_id": "6", "change_message": "Modificado/a formulario.", "user": 5, "content_type": 7}, "model": "admin.logentry", "pk": 436}, {"fields": {"action_flag": 3, "action_time": "2015-12-02T18:10:06.813Z", "object_repr": "FORM TEST SECCIONES", "object_id": "20", "change_message": "", "user": 5, "content_type": 16}, "model": "admin.logentry", "pk": 437}, {"fields": {"action_flag": 3, "action_time": "2015-12-02T18:10:06.820Z", "object_repr": "3. FICHA CAPTACION DE INMUEBLES PARA VENTA", "object_id": "19", "change_message": "", "user": 5, "content_type": 16}, "model": "admin.logentry", "pk": 438}, {"fields": {"action_flag": 3, "action_time": "2015-12-02T18:10:06.824Z", "object_repr": "2. FICHA CAPTACION DE INMUEBLES PARA VENTA", "object_id": "18", "change_message": "", "user": 5, "content_type": 16}, "model": "admin.logentry", "pk": 439}, {"fields": {"action_flag": 2, "action_time": "2015-12-02T19:05:34.610Z", "object_repr": "formularioBasico", "object_id": "10", "change_message": "Modificado/a colectores.", "user": 5, "content_type": 16}, "model": "admin.logentry", "pk": 440}, {"fields": {"action_flag": 2, "action_time": "2015-12-02T19:14:55.245Z", "object_repr": "Zona Infantil", "object_id": "92", "change_message": "Modificado/a respuesta.", "user": 1, "content_type": 12}, "model": "admin.logentry", "pk": 441}, {"fields": {"action_flag": 2, "action_time": "2015-12-02T19:17:13.603Z", "object_repr": "Sede social", "object_id": "90", "change_message": "Modificado/a respuesta.", "user": 1, "content_type": 12}, "model": "admin.logentry", "pk": 442}, {"fields": {"action_flag": 2, "action_time": "2015-12-02T19:18:10.969Z", "object_repr": "Terraza", "object_id": "117", "change_message": "Modificado/a respuesta.", "user": 1, "content_type": 12}, "model": "admin.logentry", "pk": 443}, {"fields": {"action_flag": 2, "action_time": "2015-12-02T19:18:32.503Z", "object_repr": "Jardin", "object_id": "120", "change_message": "Modificado/a respuesta.", "user": 1, "content_type": 12}, "model": "admin.logentry", "pk": 444}, {"fields": {"action_flag": 1, "action_time": "2015-12-05T15:14:21.479Z", "object_repr": "formularioDinamico", "object_id": "21", "change_message": "", "user": 1, "content_type": 16}, "model": "admin.logentry", "pk": 445}, {"fields": {"action_flag": 2, "action_time": "2015-12-05T15:14:48.275Z", "object_repr": "JM", "object_id": "6", "change_message": "Modificado/a tablets.", "user": 1, "content_type": 7}, "model": "admin.logentry", "pk": 446}, {"fields": {"action_flag": 2, "action_time": "2015-12-05T15:14:57.890Z", "object_repr": "Empresa 1", "object_id": "1", "change_message": "Modificado/a tablets.", "user": 1, "content_type": 7}, "model": "admin.logentry", "pk": 447}, {"fields": {"action_flag": 2, "action_time": "2015-12-05T15:28:08.589Z", "object_repr": "formularioBasico", "object_id": "9", "change_message": "Modificado/a ficha.", "user": 1, "content_type": 10}, "model": "admin.logentry", "pk": 448}, {"fields": {"action_flag": 1, "action_time": "2015-12-05T15:37:39.026Z", "object_repr": "PEDIDO", "object_id": "134", "change_message": "", "user": 1, "content_type": 12}, "model": "admin.logentry", "pk": 449}, {"fields": {"action_flag": 1, "action_time": "2015-12-05T15:38:33.384Z", "object_repr": "FICHA 2 ENTRADA DINAMICA PEDIDO", "object_id": "21", "change_message": "", "user": 1, "content_type": 11}, "model": "admin.logentry", "pk": 450}, {"fields": {"action_flag": 2, "action_time": "2015-12-05T15:39:30.823Z", "object_repr": "formularioDinamico", "object_id": "11", "change_message": "Modificado/a ficha.", "user": 1, "content_type": 10}, "model": "admin.logentry", "pk": 451}, {"fields": {"action_flag": 2, "action_time": "2015-12-05T15:41:31.267Z", "object_repr": "Empresa 1", "object_id": "1", "change_message": "Modificado/a formulario.", "user": 1, "content_type": 7}, "model": "admin.logentry", "pk": 452}, {"fields": {"action_flag": 1, "action_time": "2015-12-08T13:58:12.916Z", "object_repr": "Contract No.", "object_id": "135", "change_message": "", "user": 1, "content_type": 12}, "model": "admin.logentry", "pk": 453}, {"fields": {"action_flag": 1, "action_time": "2015-12-08T13:58:26.335Z", "object_repr": "PIN", "object_id": "136", "change_message": "", "user": 1, "content_type": 12}, "model": "admin.logentry", "pk": 454}, {"fields": {"action_flag": 1, "action_time": "2015-12-08T13:59:08.789Z", "object_repr": "Prime", "object_id": "41", "change_message": "", "user": 1, "content_type": 13}, "model": "admin.logentry", "pk": 455}, {"fields": {"action_flag": 1, "action_time": "2015-12-08T13:59:18.344Z", "object_repr": "Sub", "object_id": "42", "change_message": "", "user": 1, "content_type": 13}, "model": "admin.logentry", "pk": 456}, {"fields": {"action_flag": 1, "action_time": "2015-12-08T13:59:24.345Z", "object_repr": "Composite", "object_id": "43", "change_message": "", "user": 1, "content_type": 13}, "model": "admin.logentry", "pk": 457}, {"fields": {"action_flag": 1, "action_time": "2015-12-08T13:59:33.799Z", "object_repr": "  Contractor", "object_id": "137", "change_message": "", "user": 1, "content_type": 12}, "model": "admin.logentry", "pk": 458}, {"fields": {"action_flag": 1, "action_time": "2015-12-08T14:00:08.414Z", "object_repr": "Federal EIN", "object_id": "138", "change_message": "", "user": 1, "content_type": 12}, "model": "admin.logentry", "pk": 459}, {"fields": {"action_flag": 1, "action_time": "2015-12-08T14:01:26.814Z", "object_repr": "County", "object_id": "139", "change_message": "", "user": 1, "content_type": 12}, "model": "admin.logentry", "pk": 460}, {"fields": {"action_flag": 1, "action_time": "2015-12-08T14:01:50.814Z", "object_repr": "Minority Goal\t(%)", "object_id": "140", "change_message": "", "user": 1, "content_type": 12}, "model": "admin.logentry", "pk": 461}, {"fields": {"action_flag": 1, "action_time": "2015-12-08T14:02:10.303Z", "object_repr": "Female Goal (%)", "object_id": "141", "change_message": "", "user": 1, "content_type": 12}, "model": "admin.logentry", "pk": 462}, {"fields": {"action_flag": 1, "action_time": "2015-12-08T14:02:31.933Z", "object_repr": "Date", "object_id": "142", "change_message": "", "user": 1, "content_type": 12}, "model": "admin.logentry", "pk": 463}, {"fields": {"action_flag": 1, "action_time": "2015-12-08T14:03:01.899Z", "object_repr": "Yes", "object_id": "44", "change_message": "", "user": 1, "content_type": 13}, "model": "admin.logentry", "pk": 464}, {"fields": {"action_flag": 1, "action_time": "2015-12-08T14:03:27.219Z", "object_repr": "Final Report?", "object_id": "143", "change_message": "", "user": 1, "content_type": 12}, "model": "admin.logentry", "pk": 465}, {"fields": {"action_flag": 1, "action_time": "2015-12-08T14:03:38.495Z", "object_repr": "1. EMPLOYMENT UTILIZATION REPORT", "object_id": "22", "change_message": "", "user": 1, "content_type": 11}, "model": "admin.logentry", "pk": 466}, {"fields": {"action_flag": 1, "action_time": "2015-12-08T14:19:34.630Z", "object_repr": "Laborers J", "object_id": "45", "change_message": "", "user": 1, "content_type": 13}, "model": "admin.logentry", "pk": 467}, {"fields": {"action_flag": 1, "action_time": "2015-12-08T14:19:49.712Z", "object_repr": "Laborers A/T", "object_id": "46", "change_message": "", "user": 1, "content_type": 13}, "model": "admin.logentry", "pk": 468}, {"fields": {"action_flag": 1, "action_time": "2015-12-08T14:20:12.993Z", "object_repr": "Equipment Operators J", "object_id": "47", "change_message": "", "user": 1, "content_type": 13}, "model": "admin.logentry", "pk": 469}, {"fields": {"action_flag": 1, "action_time": "2015-12-08T14:21:17.000Z", "object_repr": "Laborers", "object_id": "48", "change_message": "", "user": 1, "content_type": 13}, "model": "admin.logentry", "pk": 470}, {"fields": {"action_flag": 1, "action_time": "2015-12-08T14:21:28.244Z", "object_repr": "Equipment Operators", "object_id": "49", "change_message": "", "user": 1, "content_type": 13}, "model": "admin.logentry", "pk": 471}, {"fields": {"action_flag": 1, "action_time": "2015-12-08T14:21:37.824Z", "object_repr": "Surveyors", "object_id": "50", "change_message": "", "user": 1, "content_type": 13}, "model": "admin.logentry", "pk": 472}, {"fields": {"action_flag": 1, "action_time": "2015-12-08T14:21:47.326Z", "object_repr": "Truck Drivers", "object_id": "51", "change_message": "", "user": 1, "content_type": 13}, "model": "admin.logentry", "pk": 473}, {"fields": {"action_flag": 1, "action_time": "2015-12-08T14:21:59.088Z", "object_repr": "Ironworkers", "object_id": "52", "change_message": "", "user": 1, "content_type": 13}, "model": "admin.logentry", "pk": 474}, {"fields": {"action_flag": 1, "action_time": "2015-12-08T14:22:09.847Z", "object_repr": "Carpenters", "object_id": "53", "change_message": "", "user": 1, "content_type": 13}, "model": "admin.logentry", "pk": 475}, {"fields": {"action_flag": 1, "action_time": "2015-12-08T14:22:22.890Z", "object_repr": "Masons", "object_id": "54", "change_message": "", "user": 1, "content_type": 13}, "model": "admin.logentry", "pk": 476}, {"fields": {"action_flag": 1, "action_time": "2015-12-08T14:22:37.594Z", "object_repr": "Painters", "object_id": "55", "change_message": "", "user": 1, "content_type": 13}, "model": "admin.logentry", "pk": 477}, {"fields": {"action_flag": 1, "action_time": "2015-12-08T14:22:58.120Z", "object_repr": "Electricians", "object_id": "56", "change_message": "", "user": 1, "content_type": 13}, "model": "admin.logentry", "pk": 478}, {"fields": {"action_flag": 1, "action_time": "2015-12-08T14:23:24.864Z", "object_repr": "Others", "object_id": "57", "change_message": "", "user": 1, "content_type": 13}, "model": "admin.logentry", "pk": 479}, {"fields": {"action_flag": 1, "action_time": "2015-12-08T14:24:12.520Z", "object_repr": "TRADE", "object_id": "144", "change_message": "", "user": 1, "content_type": 12}, "model": "admin.logentry", "pk": 480}, {"fields": {"action_flag": 1, "action_time": "2015-12-08T14:25:07.518Z", "object_repr": "J", "object_id": "58", "change_message": "", "user": 1, "content_type": 13}, "model": "admin.logentry", "pk": 481}, {"fields": {"action_flag": 1, "action_time": "2015-12-08T14:25:17.729Z", "object_repr": "A/T", "object_id": "59", "change_message": "", "user": 1, "content_type": 13}, "model": "admin.logentry", "pk": 482}, {"fields": {"action_flag": 1, "action_time": "2015-12-08T14:25:25.543Z", "object_repr": "J | A/T", "object_id": "145", "change_message": "", "user": 1, "content_type": 12}, "model": "admin.logentry", "pk": 483}, {"fields": {"action_flag": 1, "action_time": "2015-12-08T14:27:18.548Z", "object_repr": "TOTAL M", "object_id": "146", "change_message": "", "user": 1, "content_type": 12}, "model": "admin.logentry", "pk": 484}, {"fields": {"action_flag": 1, "action_time": "2015-12-08T14:27:31.878Z", "object_repr": "TOTAL F", "object_id": "147", "change_message": "", "user": 1, "content_type": 12}, "model": "admin.logentry", "pk": 485}, {"fields": {"action_flag": 1, "action_time": "2015-12-08T14:27:54.662Z", "object_repr": "Black M", "object_id": "148", "change_message": "", "user": 1, "content_type": 12}, "model": "admin.logentry", "pk": 486}, {"fields": {"action_flag": 1, "action_time": "2015-12-08T14:28:04.042Z", "object_repr": "Black F", "object_id": "149", "change_message": "", "user": 1, "content_type": 12}, "model": "admin.logentry", "pk": 487}, {"fields": {"action_flag": 1, "action_time": "2015-12-08T14:28:22.315Z", "object_repr": "Hispanic M", "object_id": "150", "change_message": "", "user": 1, "content_type": 12}, "model": "admin.logentry", "pk": 488}, {"fields": {"action_flag": 1, "action_time": "2015-12-08T14:28:34.002Z", "object_repr": "Hispanic F", "object_id": "151", "change_message": "", "user": 1, "content_type": 12}, "model": "admin.logentry", "pk": 489}, {"fields": {"action_flag": 1, "action_time": "2015-12-08T14:29:13.809Z", "object_repr": "Asian or Pacific Islander M", "object_id": "152", "change_message": "", "user": 1, "content_type": 12}, "model": "admin.logentry", "pk": 490}, {"fields": {"action_flag": 1, "action_time": "2015-12-08T14:29:28.978Z", "object_repr": "Asian or Pacific Islander F", "object_id": "153", "change_message": "", "user": 1, "content_type": 12}, "model": "admin.logentry", "pk": 491}, {"fields": {"action_flag": 1, "action_time": "2015-12-08T14:29:45.237Z", "object_repr": "American Indian or Alaskan Native M", "object_id": "154", "change_message": "", "user": 1, "content_type": 12}, "model": "admin.logentry", "pk": 492}, {"fields": {"action_flag": 1, "action_time": "2015-12-08T14:29:57.775Z", "object_repr": "American Indian or Alaskan Native F", "object_id": "155", "change_message": "", "user": 1, "content_type": 12}, "model": "admin.logentry", "pk": 493}, {"fields": {"action_flag": 1, "action_time": "2015-12-08T14:35:31.854Z", "object_repr": "WORK HOURS OF EMPLOYMENT", "object_id": "23", "change_message": "", "user": 1, "content_type": 11}, "model": "admin.logentry", "pk": 494}, {"fields": {"action_flag": 1, "action_time": "2015-12-08T14:37:16.482Z", "object_repr": "TOTAL EMPLOYEES M", "object_id": "156", "change_message": "", "user": 1, "content_type": 12}, "model": "admin.logentry", "pk": 495}, {"fields": {"action_flag": 1, "action_time": "2015-12-08T14:37:29.861Z", "object_repr": "TOTAL EMPLOYEES F", "object_id": "157", "change_message": "", "user": 1, "content_type": 12}, "model": "admin.logentry", "pk": 496}, {"fields": {"action_flag": 1, "action_time": "2015-12-08T14:37:49.002Z", "object_repr": "TOTAL MINORITY M", "object_id": "158", "change_message": "", "user": 1, "content_type": 12}, "model": "admin.logentry", "pk": 497}, {"fields": {"action_flag": 1, "action_time": "2015-12-08T14:38:05.506Z", "object_repr": "TOTAL MINORITY F", "object_id": "159", "change_message": "", "user": 1, "content_type": 12}, "model": "admin.logentry", "pk": 498}, {"fields": {"action_flag": 1, "action_time": "2015-12-08T14:38:16.918Z", "object_repr": "3. NUMBER OF EMPLOYEES", "object_id": "24", "change_message": "", "user": 1, "content_type": 11}, "model": "admin.logentry", "pk": 499}, {"fields": {"action_flag": 1, "action_time": "2015-12-08T14:38:34.460Z", "object_repr": "EMPLOYMENT REPORT", "object_id": "19", "change_message": "", "user": 1, "content_type": 10}, "model": "admin.logentry", "pk": 500}, {"fields": {"action_flag": 2, "action_time": "2015-12-08T14:38:53.116Z", "object_repr": "2. WORK HOURS OF EMPLOYMENT", "object_id": "23", "change_message": "Modificado/a nombre.", "user": 1, "content_type": 11}, "model": "admin.logentry", "pk": 501}, {"fields": {"action_flag": 2, "action_time": "2015-12-08T14:39:38.542Z", "object_repr": "Empresa 1", "object_id": "1", "change_message": "Modificado/a colector y formulario.", "user": 1, "content_type": 7}, "model": "admin.logentry", "pk": 502}, {"fields": {"action_flag": 3, "action_time": "2015-12-08T14:40:05.473Z", "object_repr": "formularioDinamico", "object_id": "21", "change_message": "", "user": 1, "content_type": 16}, "model": "admin.logentry", "pk": 503}, {"fields": {"action_flag": 3, "action_time": "2015-12-08T14:40:05.480Z", "object_repr": "1. FICHA CAPTACION DE INMUEBLES PARA VENTA", "object_id": "17", "change_message": "", "user": 1, "content_type": 16}, "model": "admin.logentry", "pk": 504}, {"fields": {"action_flag": 3, "action_time": "2015-12-08T14:40:05.485Z", "object_repr": "ENTREGA DE PROPIEDAD PARA ALQUILER", "object_id": "16", "change_message": "", "user": 1, "content_type": 16}, "model": "admin.logentry", "pk": 505}, {"fields": {"action_flag": 3, "action_time": "2015-12-08T14:40:05.489Z", "object_repr": "Supervision", "object_id": "13", "change_message": "", "user": 1, "content_type": 16}, "model": "admin.logentry", "pk": 506}, {"fields": {"action_flag": 3, "action_time": "2015-12-08T14:40:05.495Z", "object_repr": "formularioInputs", "object_id": "11", "change_message": "", "user": 1, "content_type": 16}, "model": "admin.logentry", "pk": 507}, {"fields": {"action_flag": 3, "action_time": "2015-12-08T14:40:05.500Z", "object_repr": "formularioBasico", "object_id": "10", "change_message": "", "user": 1, "content_type": 16}, "model": "admin.logentry", "pk": 508}, {"fields": {"action_flag": 1, "action_time": "2015-12-08T14:40:18.541Z", "object_repr": "EMPLOYMENT REPORT", "object_id": "22", "change_message": "", "user": 1, "content_type": 16}, "model": "admin.logentry", "pk": 509}, {"fields": {"action_flag": 2, "action_time": "2015-12-08T16:15:37.904Z", "object_repr": "2. WORK HOURS OF EMPLOYMENT", "object_id": "23", "change_message": "Modificado/a entrada.", "user": 5, "content_type": 11}, "model": "admin.logentry", "pk": 510}, {"fields": {"action_flag": 1, "action_time": "2015-12-08T16:18:22.777Z", "object_repr": "EMPLOYMENT UTILIZATION REPORT", "object_id": "20", "change_message": "", "user": 5, "content_type": 10}, "model": "admin.logentry", "pk": 511}, {"fields": {"action_flag": 2, "action_time": "2015-12-08T16:18:41.327Z", "object_repr": "EMPLOYMENT REPORT", "object_id": "19", "change_message": "Modificado/a ficha.", "user": 5, "content_type": 10}, "model": "admin.logentry", "pk": 512}, {"fields": {"action_flag": 1, "action_time": "2015-12-08T16:19:31.500Z", "object_repr": "EMPLOYMENT UTILIZATION REPORT", "object_id": "23", "change_message": "", "user": 5, "content_type": 16}, "model": "admin.logentry", "pk": 513}, {"fields": {"action_flag": 2, "action_time": "2015-12-08T16:21:06.306Z", "object_repr": "EMPLOYMENT - THIS REPORTING PERIOD (MONTHLY)", "object_id": "19", "change_message": "Modificado/a nombre.", "user": 5, "content_type": 10}, "model": "admin.logentry", "pk": 514}, {"fields": {"action_flag": 2, "action_time": "2015-12-08T16:23:49.509Z", "object_repr": "Empresa 1", "object_id": "1", "change_message": "Modificado/a formulario.", "user": 5, "content_type": 7}, "model": "admin.logentry", "pk": 515}, {"fields": {"action_flag": 1, "action_time": "2015-12-09T14:12:44.233Z", "object_repr": "formularioBasico", "object_id": "24", "change_message": "", "user": 5, "content_type": 16}, "model": "admin.logentry", "pk": 516}, {"fields": {"action_flag": 1, "action_time": "2015-12-09T14:12:59.709Z", "object_repr": "formularioInputs", "object_id": "25", "change_message": "", "user": 5, "content_type": 16}, "model": "admin.logentry", "pk": 517}, {"fields": {"action_flag": 2, "action_time": "2015-12-09T14:14:26.647Z", "object_repr": "Empresa 1", "object_id": "1", "change_message": "Modificado/a formulario.", "user": 5, "content_type": 7}, "model": "admin.logentry", "pk": 518}, {"fields": {"action_flag": 2, "action_time": "2015-12-09T14:21:46.775Z", "object_repr": "Empresa 1", "object_id": "1", "change_message": "Modificado/a formulario.", "user": 5, "content_type": 7}, "model": "admin.logentry", "pk": 519}, {"fields": {"action_flag": 1, "action_time": "2015-12-09T22:56:39.137Z", "object_repr": "CAPTACION", "object_id": "21", "change_message": "", "user": 5, "content_type": 10}, "model": "admin.logentry", "pk": 520}, {"fields": {"action_flag": 1, "action_time": "2015-12-09T22:57:05.120Z", "object_repr": "VISITAS", "object_id": "22", "change_message": "", "user": 5, "content_type": 10}, "model": "admin.logentry", "pk": 521}, {"fields": {"action_flag": 1, "action_time": "2015-12-09T22:57:22.076Z", "object_repr": "ENTREGAS", "object_id": "23", "change_message": "", "user": 5, "content_type": 10}, "model": "admin.logentry", "pk": 522}, {"fields": {"action_flag": 1, "action_time": "2015-12-09T22:57:29.202Z", "object_repr": "RECIBOS", "object_id": "24", "change_message": "", "user": 5, "content_type": 10}, "model": "admin.logentry", "pk": 523}, {"fields": {"action_flag": 2, "action_time": "2015-12-09T22:58:05.630Z", "object_repr": "Empresa 1", "object_id": "1", "change_message": "Modificado/a formulario.", "user": 5, "content_type": 7}, "model": "admin.logentry", "pk": 524}, {"fields": {"action_flag": 2, "action_time": "2015-12-10T00:42:49.896Z", "object_repr": "Empresa 1", "object_id": "1", "change_message": "Modificado/a formulario.", "user": 5, "content_type": 7}, "model": "admin.logentry", "pk": 525}, {"fields": {"action_flag": 1, "action_time": "2015-12-10T14:34:38.852Z", "object_repr": "Albany County", "object_id": "60", "change_message": "", "user": 5, "content_type": 13}, "model": "admin.logentry", "pk": 526}, {"fields": {"action_flag": 1, "action_time": "2015-12-10T14:34:58.246Z", "object_repr": "Allegany County", "object_id": "61", "change_message": "", "user": 5, "content_type": 13}, "model": "admin.logentry", "pk": 527}, {"fields": {"action_flag": 1, "action_time": "2015-12-10T14:35:09.632Z", "object_repr": "Bronx County", "object_id": "62", "change_message": "", "user": 5, "content_type": 13}, "model": "admin.logentry", "pk": 528}, {"fields": {"action_flag": 1, "action_time": "2015-12-10T14:35:22.034Z", "object_repr": "Broome County", "object_id": "63", "change_message": "", "user": 5, "content_type": 13}, "model": "admin.logentry", "pk": 529}, {"fields": {"action_flag": 1, "action_time": "2015-12-10T14:35:32.513Z", "object_repr": "Cattaraugus County", "object_id": "64", "change_message": "", "user": 5, "content_type": 13}, "model": "admin.logentry", "pk": 530}, {"fields": {"action_flag": 1, "action_time": "2015-12-10T14:35:40.085Z", "object_repr": "Cayuga County", "object_id": "65", "change_message": "", "user": 5, "content_type": 13}, "model": "admin.logentry", "pk": 531}, {"fields": {"action_flag": 1, "action_time": "2015-12-10T14:35:47.053Z", "object_repr": "Chautauqua County", "object_id": "66", "change_message": "", "user": 5, "content_type": 13}, "model": "admin.logentry", "pk": 532}, {"fields": {"action_flag": 1, "action_time": "2015-12-10T14:35:53.202Z", "object_repr": "Chemung County", "object_id": "67", "change_message": "", "user": 5, "content_type": 13}, "model": "admin.logentry", "pk": 533}, {"fields": {"action_flag": 1, "action_time": "2015-12-10T14:36:06.301Z", "object_repr": "Chenango County", "object_id": "68", "change_message": "", "user": 5, "content_type": 13}, "model": "admin.logentry", "pk": 534}, {"fields": {"action_flag": 1, "action_time": "2015-12-10T14:36:21.723Z", "object_repr": "Clinton County", "object_id": "69", "change_message": "", "user": 5, "content_type": 13}, "model": "admin.logentry", "pk": 535}, {"fields": {"action_flag": 1, "action_time": "2015-12-10T14:36:31.359Z", "object_repr": "Columbia County", "object_id": "70", "change_message": "", "user": 5, "content_type": 13}, "model": "admin.logentry", "pk": 536}, {"fields": {"action_flag": 1, "action_time": "2015-12-10T14:36:44.988Z", "object_repr": "Cortland County", "object_id": "71", "change_message": "", "user": 5, "content_type": 13}, "model": "admin.logentry", "pk": 537}, {"fields": {"action_flag": 1, "action_time": "2015-12-10T14:36:53.041Z", "object_repr": "Delaware County", "object_id": "72", "change_message": "", "user": 5, "content_type": 13}, "model": "admin.logentry", "pk": 538}, {"fields": {"action_flag": 1, "action_time": "2015-12-10T14:37:00.949Z", "object_repr": "Dutchess County", "object_id": "73", "change_message": "", "user": 5, "content_type": 13}, "model": "admin.logentry", "pk": 539}, {"fields": {"action_flag": 1, "action_time": "2015-12-10T14:37:25.674Z", "object_repr": "Erie County", "object_id": "74", "change_message": "", "user": 5, "content_type": 13}, "model": "admin.logentry", "pk": 540}, {"fields": {"action_flag": 1, "action_time": "2015-12-10T14:37:36.430Z", "object_repr": "Essex County", "object_id": "75", "change_message": "", "user": 5, "content_type": 13}, "model": "admin.logentry", "pk": 541}, {"fields": {"action_flag": 1, "action_time": "2015-12-10T14:37:52.419Z", "object_repr": "Franklin County", "object_id": "76", "change_message": "", "user": 5, "content_type": 13}, "model": "admin.logentry", "pk": 542}, {"fields": {"action_flag": 1, "action_time": "2015-12-10T14:37:59.895Z", "object_repr": "Fulton County", "object_id": "77", "change_message": "", "user": 5, "content_type": 13}, "model": "admin.logentry", "pk": 543}, {"fields": {"action_flag": 1, "action_time": "2015-12-10T14:38:23.328Z", "object_repr": "Genesee County", "object_id": "78", "change_message": "", "user": 5, "content_type": 13}, "model": "admin.logentry", "pk": 544}, {"fields": {"action_flag": 1, "action_time": "2015-12-10T14:38:43.685Z", "object_repr": "Greene County", "object_id": "79", "change_message": "", "user": 5, "content_type": 13}, "model": "admin.logentry", "pk": 545}, {"fields": {"action_flag": 1, "action_time": "2015-12-10T14:38:52.589Z", "object_repr": "Hamilton County", "object_id": "80", "change_message": "", "user": 5, "content_type": 13}, "model": "admin.logentry", "pk": 546}, {"fields": {"action_flag": 1, "action_time": "2015-12-10T14:39:18.796Z", "object_repr": "Herkimer County", "object_id": "81", "change_message": "", "user": 5, "content_type": 13}, "model": "admin.logentry", "pk": 547}, {"fields": {"action_flag": 1, "action_time": "2015-12-10T14:39:27.946Z", "object_repr": "Jefferson County", "object_id": "82", "change_message": "", "user": 5, "content_type": 13}, "model": "admin.logentry", "pk": 548}, {"fields": {"action_flag": 1, "action_time": "2015-12-10T14:39:36.204Z", "object_repr": "Kings County", "object_id": "83", "change_message": "", "user": 5, "content_type": 13}, "model": "admin.logentry", "pk": 549}, {"fields": {"action_flag": 1, "action_time": "2015-12-10T14:39:51.042Z", "object_repr": "Lewis County", "object_id": "84", "change_message": "", "user": 5, "content_type": 13}, "model": "admin.logentry", "pk": 550}, {"fields": {"action_flag": 1, "action_time": "2015-12-10T14:40:04.806Z", "object_repr": "Livingston County", "object_id": "85", "change_message": "", "user": 5, "content_type": 13}, "model": "admin.logentry", "pk": 551}, {"fields": {"action_flag": 1, "action_time": "2015-12-10T14:40:12.685Z", "object_repr": "Madison County", "object_id": "86", "change_message": "", "user": 5, "content_type": 13}, "model": "admin.logentry", "pk": 552}, {"fields": {"action_flag": 1, "action_time": "2015-12-10T14:40:20.452Z", "object_repr": "Monroe County", "object_id": "87", "change_message": "", "user": 5, "content_type": 13}, "model": "admin.logentry", "pk": 553}, {"fields": {"action_flag": 1, "action_time": "2015-12-10T14:40:29.243Z", "object_repr": "Montgomery County", "object_id": "88", "change_message": "", "user": 5, "content_type": 13}, "model": "admin.logentry", "pk": 554}, {"fields": {"action_flag": 1, "action_time": "2015-12-10T14:40:40.431Z", "object_repr": "Nassau County", "object_id": "89", "change_message": "", "user": 5, "content_type": 13}, "model": "admin.logentry", "pk": 555}, {"fields": {"action_flag": 1, "action_time": "2015-12-10T14:40:49.502Z", "object_repr": "New York County", "object_id": "90", "change_message": "", "user": 5, "content_type": 13}, "model": "admin.logentry", "pk": 556}, {"fields": {"action_flag": 1, "action_time": "2015-12-10T14:40:57.022Z", "object_repr": "Niagara County", "object_id": "91", "change_message": "", "user": 5, "content_type": 13}, "model": "admin.logentry", "pk": 557}, {"fields": {"action_flag": 1, "action_time": "2015-12-10T14:41:05.039Z", "object_repr": "Oneida County", "object_id": "92", "change_message": "", "user": 5, "content_type": 13}, "model": "admin.logentry", "pk": 558}, {"fields": {"action_flag": 1, "action_time": "2015-12-10T14:41:11.921Z", "object_repr": "Onondaga County", "object_id": "93", "change_message": "", "user": 5, "content_type": 13}, "model": "admin.logentry", "pk": 559}, {"fields": {"action_flag": 1, "action_time": "2015-12-10T14:41:18.505Z", "object_repr": "Ontario County", "object_id": "94", "change_message": "", "user": 5, "content_type": 13}, "model": "admin.logentry", "pk": 560}, {"fields": {"action_flag": 1, "action_time": "2015-12-10T14:41:25.121Z", "object_repr": "Orange County", "object_id": "95", "change_message": "", "user": 5, "content_type": 13}, "model": "admin.logentry", "pk": 561}, {"fields": {"action_flag": 1, "action_time": "2015-12-10T14:41:32.069Z", "object_repr": "Orleans County", "object_id": "96", "change_message": "", "user": 5, "content_type": 13}, "model": "admin.logentry", "pk": 562}, {"fields": {"action_flag": 1, "action_time": "2015-12-10T14:41:39.173Z", "object_repr": "Oswego County", "object_id": "97", "change_message": "", "user": 5, "content_type": 13}, "model": "admin.logentry", "pk": 563}, {"fields": {"action_flag": 1, "action_time": "2015-12-10T14:41:45.885Z", "object_repr": "Otsego County", "object_id": "98", "change_message": "", "user": 5, "content_type": 13}, "model": "admin.logentry", "pk": 564}, {"fields": {"action_flag": 1, "action_time": "2015-12-10T14:41:52.642Z", "object_repr": "Putnam County", "object_id": "99", "change_message": "", "user": 5, "content_type": 13}, "model": "admin.logentry", "pk": 565}, {"fields": {"action_flag": 1, "action_time": "2015-12-10T14:41:59.595Z", "object_repr": "Queens County", "object_id": "100", "change_message": "", "user": 5, "content_type": 13}, "model": "admin.logentry", "pk": 566}, {"fields": {"action_flag": 1, "action_time": "2015-12-10T14:42:07.852Z", "object_repr": "Rensselaer County", "object_id": "101", "change_message": "", "user": 5, "content_type": 13}, "model": "admin.logentry", "pk": 567}, {"fields": {"action_flag": 1, "action_time": "2015-12-10T14:42:14.981Z", "object_repr": "Richmond County", "object_id": "102", "change_message": "", "user": 5, "content_type": 13}, "model": "admin.logentry", "pk": 568}, {"fields": {"action_flag": 1, "action_time": "2015-12-10T14:42:37.703Z", "object_repr": "Rockland County", "object_id": "103", "change_message": "", "user": 5, "content_type": 13}, "model": "admin.logentry", "pk": 569}, {"fields": {"action_flag": 1, "action_time": "2015-12-10T14:42:49.624Z", "object_repr": "Saratoga County", "object_id": "104", "change_message": "", "user": 5, "content_type": 13}, "model": "admin.logentry", "pk": 570}, {"fields": {"action_flag": 1, "action_time": "2015-12-10T14:42:59.071Z", "object_repr": "Schenectady County", "object_id": "105", "change_message": "", "user": 5, "content_type": 13}, "model": "admin.logentry", "pk": 571}, {"fields": {"action_flag": 1, "action_time": "2015-12-10T14:43:31.233Z", "object_repr": "Schoharie County", "object_id": "106", "change_message": "", "user": 5, "content_type": 13}, "model": "admin.logentry", "pk": 572}, {"fields": {"action_flag": 1, "action_time": "2015-12-10T14:43:40.134Z", "object_repr": "Schuyler County", "object_id": "107", "change_message": "", "user": 5, "content_type": 13}, "model": "admin.logentry", "pk": 573}, {"fields": {"action_flag": 1, "action_time": "2015-12-10T14:43:48.344Z", "object_repr": "Seneca County", "object_id": "108", "change_message": "", "user": 5, "content_type": 13}, "model": "admin.logentry", "pk": 574}, {"fields": {"action_flag": 1, "action_time": "2015-12-10T14:43:59.218Z", "object_repr": "St. Lawrence County", "object_id": "109", "change_message": "", "user": 5, "content_type": 13}, "model": "admin.logentry", "pk": 575}, {"fields": {"action_flag": 1, "action_time": "2015-12-10T14:44:07.120Z", "object_repr": "Steuben County", "object_id": "110", "change_message": "", "user": 5, "content_type": 13}, "model": "admin.logentry", "pk": 576}, {"fields": {"action_flag": 1, "action_time": "2015-12-10T14:44:14.133Z", "object_repr": "Suffolk County", "object_id": "111", "change_message": "", "user": 5, "content_type": 13}, "model": "admin.logentry", "pk": 577}, {"fields": {"action_flag": 1, "action_time": "2015-12-10T14:44:21.807Z", "object_repr": "Sullivan County", "object_id": "112", "change_message": "", "user": 5, "content_type": 13}, "model": "admin.logentry", "pk": 578}, {"fields": {"action_flag": 1, "action_time": "2015-12-10T14:44:29.550Z", "object_repr": "Tioga County", "object_id": "113", "change_message": "", "user": 5, "content_type": 13}, "model": "admin.logentry", "pk": 579}, {"fields": {"action_flag": 1, "action_time": "2015-12-10T14:44:47.750Z", "object_repr": "Tompkins County", "object_id": "114", "change_message": "", "user": 5, "content_type": 13}, "model": "admin.logentry", "pk": 580}, {"fields": {"action_flag": 1, "action_time": "2015-12-10T14:44:59.548Z", "object_repr": "Ulster County", "object_id": "115", "change_message": "", "user": 5, "content_type": 13}, "model": "admin.logentry", "pk": 581}, {"fields": {"action_flag": 1, "action_time": "2015-12-10T14:45:06.786Z", "object_repr": "Warren County", "object_id": "116", "change_message": "", "user": 5, "content_type": 13}, "model": "admin.logentry", "pk": 582}, {"fields": {"action_flag": 1, "action_time": "2015-12-10T14:45:14.714Z", "object_repr": "Washington County", "object_id": "117", "change_message": "", "user": 5, "content_type": 13}, "model": "admin.logentry", "pk": 583}, {"fields": {"action_flag": 1, "action_time": "2015-12-10T14:45:21.452Z", "object_repr": "Wayne County", "object_id": "118", "change_message": "", "user": 5, "content_type": 13}, "model": "admin.logentry", "pk": 584}, {"fields": {"action_flag": 1, "action_time": "2015-12-10T14:45:27.657Z", "object_repr": "Westchester County", "object_id": "119", "change_message": "", "user": 5, "content_type": 13}, "model": "admin.logentry", "pk": 585}, {"fields": {"action_flag": 1, "action_time": "2015-12-10T14:45:34.167Z", "object_repr": "Wyoming County", "object_id": "120", "change_message": "", "user": 5, "content_type": 13}, "model": "admin.logentry", "pk": 586}, {"fields": {"action_flag": 1, "action_time": "2015-12-10T14:45:40.796Z", "object_repr": "Yates County", "object_id": "121", "change_message": "", "user": 5, "content_type": 13}, "model": "admin.logentry", "pk": 587}, {"fields": {"action_flag": 2, "action_time": "2015-12-10T14:55:33.577Z", "object_repr": "County", "object_id": "139", "change_message": "Modificado/a respuesta y tipo.", "user": 5, "content_type": 12}, "model": "admin.logentry", "pk": 588}, {"fields": {"action_flag": 2, "action_time": "2015-12-10T15:06:09.244Z", "object_repr": "Empresa 1", "object_id": "1", "change_message": "Modificado/a formulario.", "user": 5, "content_type": 7}, "model": "admin.logentry", "pk": 589}, {"fields": {"action_flag": 2, "action_time": "2015-12-10T18:55:50.833Z", "object_repr": "Empresa 1", "object_id": "1", "change_message": "Modificado/a formulario.", "user": 5, "content_type": 7}, "model": "admin.logentry", "pk": 590}, {"fields": {"action_flag": 3, "action_time": "2015-12-10T20:13:26.768Z", "object_repr": "formularioInputs", "object_id": "25", "change_message": "", "user": 5, "content_type": 16}, "model": "admin.logentry", "pk": 591}, {"fields": {"action_flag": 3, "action_time": "2015-12-10T20:13:26.773Z", "object_repr": "formularioBasico", "object_id": "24", "change_message": "", "user": 5, "content_type": 16}, "model": "admin.logentry", "pk": 592}, {"fields": {"action_flag": 3, "action_time": "2015-12-10T21:53:29.631Z", "object_repr": "EMPLOYMENT - THIS REPORTING PERIOD (MONTHLY)", "object_id": "22", "change_message": "", "user": 5, "content_type": 16}, "model": "admin.logentry", "pk": 593}, {"fields": {"action_flag": 1, "action_time": "2015-12-10T21:54:38.617Z", "object_repr": "EMPLOYMENT - THIS REPORTING PERIOD (MONTHLY)", "object_id": "26", "change_message": "", "user": 5, "content_type": 16}, "model": "admin.logentry", "pk": 594}, {"fields": {"action_flag": 3, "action_time": "2015-12-10T21:55:12.342Z", "object_repr": "EMPLOYMENT - THIS REPORTING PERIOD (MONTHLY)", "object_id": "26", "change_message": "", "user": 5, "content_type": 16}, "model": "admin.logentry", "pk": 595}, {"fields": {"action_flag": 1, "action_time": "2015-12-11T14:00:13.228Z", "object_repr": "Name", "object_id": "160", "change_message": "", "user": 5, "content_type": 12}, "model": "admin.logentry", "pk": 596}, {"fields": {"action_flag": 1, "action_time": "2015-12-11T14:00:27.024Z", "object_repr": "Phone", "object_id": "161", "change_message": "", "user": 5, "content_type": 12}, "model": "admin.logentry", "pk": 597}, {"fields": {"action_flag": 1, "action_time": "2015-12-11T14:00:38.329Z", "object_repr": "Informaci\u00f3n del cliente", "object_id": "25", "change_message": "", "user": 5, "content_type": 11}, "model": "admin.logentry", "pk": 598}, {"fields": {"action_flag": 1, "action_time": "2015-12-11T14:01:06.786Z", "object_repr": "Brand", "object_id": "162", "change_message": "", "user": 5, "content_type": 12}, "model": "admin.logentry", "pk": 599}, {"fields": {"action_flag": 1, "action_time": "2015-12-11T14:01:19.097Z", "object_repr": "Tag", "object_id": "163", "change_message": "", "user": 5, "content_type": 12}, "model": "admin.logentry", "pk": 600}, {"fields": {"action_flag": 1, "action_time": "2015-12-11T14:02:04.654Z", "object_repr": "Color", "object_id": "164", "change_message": "", "user": 5, "content_type": 12}, "model": "admin.logentry", "pk": 601}, {"fields": {"action_flag": 1, "action_time": "2015-12-11T14:02:51.683Z", "object_repr": "Regular Wash", "object_id": "122", "change_message": "", "user": 5, "content_type": 13}, "model": "admin.logentry", "pk": 602}, {"fields": {"action_flag": 1, "action_time": "2015-12-11T14:04:00.251Z", "object_repr": "Super clean interior", "object_id": "123", "change_message": "", "user": 5, "content_type": 13}, "model": "admin.logentry", "pk": 603}, {"fields": {"action_flag": 1, "action_time": "2015-12-11T14:04:12.494Z", "object_repr": "Express wash", "object_id": "124", "change_message": "", "user": 5, "content_type": 13}, "model": "admin.logentry", "pk": 604}, {"fields": {"action_flag": 1, "action_time": "2015-12-11T14:04:27.884Z", "object_repr": "Detail interior (Shampoo)", "object_id": "125", "change_message": "", "user": 5, "content_type": 13}, "model": "admin.logentry", "pk": 605}, {"fields": {"action_flag": 1, "action_time": "2015-12-11T14:04:38.423Z", "object_repr": "Leather condition", "object_id": "126", "change_message": "", "user": 5, "content_type": 13}, "model": "admin.logentry", "pk": 606}, {"fields": {"action_flag": 1, "action_time": "2015-12-11T14:05:00.888Z", "object_repr": "Lights cleaning", "object_id": "127", "change_message": "", "user": 5, "content_type": 13}, "model": "admin.logentry", "pk": 607}, {"fields": {"action_flag": 1, "action_time": "2015-12-11T14:05:15.691Z", "object_repr": "Engine cleaning", "object_id": "128", "change_message": "", "user": 5, "content_type": 13}, "model": "admin.logentry", "pk": 608}, {"fields": {"action_flag": 1, "action_time": "2015-12-11T14:05:28.069Z", "object_repr": "Services", "object_id": "165", "change_message": "", "user": 5, "content_type": 12}, "model": "admin.logentry", "pk": 609}, {"fields": {"action_flag": 1, "action_time": "2015-12-11T14:06:14.447Z", "object_repr": "Small", "object_id": "129", "change_message": "", "user": 5, "content_type": 13}, "model": "admin.logentry", "pk": 610}, {"fields": {"action_flag": 1, "action_time": "2015-12-11T14:06:27.706Z", "object_repr": "Medium", "object_id": "130", "change_message": "", "user": 5, "content_type": 13}, "model": "admin.logentry", "pk": 611}, {"fields": {"action_flag": 1, "action_time": "2015-12-11T14:06:35.275Z", "object_repr": "Large", "object_id": "131", "change_message": "", "user": 5, "content_type": 13}, "model": "admin.logentry", "pk": 612}, {"fields": {"action_flag": 1, "action_time": "2015-12-11T14:07:05.361Z", "object_repr": "Extra large", "object_id": "132", "change_message": "", "user": 5, "content_type": 13}, "model": "admin.logentry", "pk": 613}, {"fields": {"action_flag": 1, "action_time": "2015-12-11T14:07:46.423Z", "object_repr": "Vehicle size", "object_id": "166", "change_message": "", "user": 5, "content_type": 12}, "model": "admin.logentry", "pk": 614}, {"fields": {"action_flag": 1, "action_time": "2015-12-11T14:09:07.522Z", "object_repr": "Notes", "object_id": "167", "change_message": "", "user": 5, "content_type": 12}, "model": "admin.logentry", "pk": 615}, {"fields": {"action_flag": 1, "action_time": "2015-12-11T14:11:09.873Z", "object_repr": "Vehicle data", "object_id": "26", "change_message": "", "user": 5, "content_type": 11}, "model": "admin.logentry", "pk": 616}, {"fields": {"action_flag": 1, "action_time": "2015-12-11T14:11:15.608Z", "object_repr": "JAVI CAR WASH", "object_id": "25", "change_message": "", "user": 5, "content_type": 10}, "model": "admin.logentry", "pk": 617}, {"fields": {"action_flag": 2, "action_time": "2015-12-11T14:12:33.252Z", "object_repr": "Empresa 1", "object_id": "1", "change_message": "Modificado/a formulario.", "user": 5, "content_type": 7}, "model": "admin.logentry", "pk": 618}, {"fields": {"action_flag": 1, "action_time": "2015-12-11T14:13:09.839Z", "object_repr": "JAVI CAR WASH", "object_id": "27", "change_message": "", "user": 5, "content_type": 16}, "model": "admin.logentry", "pk": 619}, {"fields": {"action_flag": 2, "action_time": "2015-12-11T14:37:31.931Z", "object_repr": "Vehicle size", "object_id": "166", "change_message": "Modificado/a tipo.", "user": 5, "content_type": 12}, "model": "admin.logentry", "pk": 620}, {"fields": {"action_flag": 2, "action_time": "2015-12-14T03:04:09.953Z", "object_repr": "Empresa 1", "object_id": "1", "change_message": "Modificado/a formulario y tablets.", "user": 5, "content_type": 7}, "model": "admin.logentry", "pk": 621}, {"fields": {"action_flag": 2, "action_time": "2015-12-14T03:06:25.053Z", "object_repr": "REPORTING PERIOD (MONTHLY)", "object_id": "19", "change_message": "Modificado/a nombre.", "user": 5, "content_type": 10}, "model": "admin.logentry", "pk": 622}, {"fields": {"action_flag": 2, "action_time": "2015-12-14T03:06:41.221Z", "object_repr": "EMPLOYMENT UTILIZATION", "object_id": "20", "change_message": "Modificado/a nombre.", "user": 5, "content_type": 10}, "model": "admin.logentry", "pk": 623}, {"fields": {"action_flag": 2, "action_time": "2015-12-14T03:08:59.417Z", "object_repr": "EMPLOYMENT UTILIZATION", "object_id": "20", "change_message": "Modificado/a ficha.", "user": 5, "content_type": 10}, "model": "admin.logentry", "pk": 624}, {"fields": {"action_flag": 3, "action_time": "2015-12-14T03:11:12.459Z", "object_repr": "JAVI CAR WASH", "object_id": "27", "change_message": "", "user": 5, "content_type": 16}, "model": "admin.logentry", "pk": 625}, {"fields": {"action_flag": 2, "action_time": "2015-12-14T03:31:18.464Z", "object_repr": "Empresa 1", "object_id": "1", "change_message": "Modificado/a formulario.", "user": 5, "content_type": 7}, "model": "admin.logentry", "pk": 626}, {"fields": {"action_flag": 2, "action_time": "2015-12-14T03:33:44.729Z", "object_repr": "Empresa 1", "object_id": "1", "change_message": "Modificado/a formulario.", "user": 5, "content_type": 7}, "model": "admin.logentry", "pk": 627}, {"fields": {"action_flag": 1, "action_time": "2015-12-14T03:34:41.635Z", "object_repr": "REPORTING PERIOD (MONTHLY)", "object_id": "28", "change_message": "", "user": 5, "content_type": 16}, "model": "admin.logentry", "pk": 628}, {"fields": {"action_flag": 3, "action_time": "2015-12-14T03:35:47.517Z", "object_repr": "EMPLOYMENT UTILIZATION", "object_id": "23", "change_message": "", "user": 5, "content_type": 16}, "model": "admin.logentry", "pk": 629}, {"fields": {"action_flag": 1, "action_time": "2015-12-14T03:43:05.248Z", "object_repr": "EMPLOYMENT UTILIZATION", "object_id": "29", "change_message": "", "user": 5, "content_type": 16}, "model": "admin.logentry", "pk": 630}, {"fields": {"action_flag": 1, "action_time": "2015-12-14T03:43:47.635Z", "object_repr": "formularioBasico", "object_id": "30", "change_message": "", "user": 5, "content_type": 16}, "model": "admin.logentry", "pk": 631}, {"fields": {"action_flag": 2, "action_time": "2015-12-14T03:44:50.592Z", "object_repr": "EMPLOYMENT UTILIZATION", "object_id": "20", "change_message": "Modificado/a ficha.", "user": 5, "content_type": 10}, "model": "admin.logentry", "pk": 632}, {"fields": {"action_flag": 1, "action_time": "2015-12-14T03:49:23.929Z", "object_repr": "Employment Report", "object_id": "26", "change_message": "", "user": 5, "content_type": 10}, "model": "admin.logentry", "pk": 633}, {"fields": {"action_flag": 2, "action_time": "2015-12-14T03:49:52.246Z", "object_repr": "EMPLOYMENT UTILIZATION", "object_id": "20", "change_message": "Modificado/a ficha.", "user": 5, "content_type": 10}, "model": "admin.logentry", "pk": 634}, {"fields": {"action_flag": 2, "action_time": "2015-12-14T03:50:06.686Z", "object_repr": "REPORTING PERIOD (MONTHLY)", "object_id": "19", "change_message": "Modificado/a ficha.", "user": 5, "content_type": 10}, "model": "admin.logentry", "pk": 635}, {"fields": {"action_flag": 2, "action_time": "2015-12-14T03:50:18.157Z", "object_repr": "Employment Report", "object_id": "26", "change_message": "No ha cambiado ning\u00fan campo.", "user": 5, "content_type": 10}, "model": "admin.logentry", "pk": 636}, {"fields": {"action_flag": 3, "action_time": "2015-12-14T03:50:33.321Z", "object_repr": "formularioBasico", "object_id": "30", "change_message": "", "user": 5, "content_type": 16}, "model": "admin.logentry", "pk": 637}, {"fields": {"action_flag": 3, "action_time": "2015-12-14T03:50:33.327Z", "object_repr": "EMPLOYMENT UTILIZATION", "object_id": "29", "change_message": "", "user": 5, "content_type": 16}, "model": "admin.logentry", "pk": 638}, {"fields": {"action_flag": 3, "action_time": "2015-12-14T03:50:33.332Z", "object_repr": "REPORTING PERIOD (MONTHLY)", "object_id": "28", "change_message": "", "user": 5, "content_type": 16}, "model": "admin.logentry", "pk": 639}, {"fields": {"action_flag": 1, "action_time": "2015-12-14T03:50:54.696Z", "object_repr": "Employment Report", "object_id": "31", "change_message": "", "user": 5, "content_type": 16}, "model": "admin.logentry", "pk": 640}, {"fields": {"action_flag": 2, "action_time": "2015-12-14T03:51:52.868Z", "object_repr": "Employment Report", "object_id": "26", "change_message": "Modificado/a ficha.", "user": 5, "content_type": 10}, "model": "admin.logentry", "pk": 641}, {"fields": {"action_flag": 2, "action_time": "2015-12-14T03:52:34.027Z", "object_repr": "Employment Report", "object_id": "26", "change_message": "Modificado/a ficha.", "user": 5, "content_type": 10}, "model": "admin.logentry", "pk": 642}, {"fields": {"action_flag": 2, "action_time": "2015-12-14T03:52:58.442Z", "object_repr": "Employment Report", "object_id": "26", "change_message": "Modificado/a ficha.", "user": 5, "content_type": 10}, "model": "admin.logentry", "pk": 643}, {"fields": {"action_flag": 3, "action_time": "2015-12-14T03:54:08.859Z", "object_repr": "EMPLOYMENT UTILIZATION", "object_id": "20", "change_message": "", "user": 5, "content_type": 10}, "model": "admin.logentry", "pk": 644}, {"fields": {"action_flag": 3, "action_time": "2015-12-14T03:54:08.864Z", "object_repr": "REPORTING PERIOD (MONTHLY)", "object_id": "19", "change_message": "", "user": 5, "content_type": 10}, "model": "admin.logentry", "pk": 645}, {"fields": {"action_flag": 2, "action_time": "2015-12-14T03:55:31.096Z", "object_repr": "Employment Report", "object_id": "26", "change_message": "Modificado/a ficha.", "user": 5, "content_type": 10}, "model": "admin.logentry", "pk": 646}, {"fields": {"action_flag": 3, "action_time": "2015-12-14T03:56:49.592Z", "object_repr": "RECIBOS", "object_id": "24", "change_message": "", "user": 5, "content_type": 10}, "model": "admin.logentry", "pk": 647}, {"fields": {"action_flag": 3, "action_time": "2015-12-14T03:56:49.597Z", "object_repr": "ENTREGAS", "object_id": "23", "change_message": "", "user": 5, "content_type": 10}, "model": "admin.logentry", "pk": 648}, {"fields": {"action_flag": 3, "action_time": "2015-12-14T03:56:49.603Z", "object_repr": "VISITAS", "object_id": "22", "change_message": "", "user": 5, "content_type": 10}, "model": "admin.logentry", "pk": 649}, {"fields": {"action_flag": 3, "action_time": "2015-12-14T03:56:49.608Z", "object_repr": "CAPTACION", "object_id": "21", "change_message": "", "user": 5, "content_type": 10}, "model": "admin.logentry", "pk": 650}, {"fields": {"action_flag": 3, "action_time": "2015-12-14T03:56:49.613Z", "object_repr": "FORM TEST SECCIONES", "object_id": "18", "change_message": "", "user": 5, "content_type": 10}, "model": "admin.logentry", "pk": 651}, {"fields": {"action_flag": 3, "action_time": "2015-12-14T03:56:49.619Z", "object_repr": "TESTNOV7", "object_id": "13", "change_message": "", "user": 5, "content_type": 10}, "model": "admin.logentry", "pk": 652}, {"fields": {"action_flag": 3, "action_time": "2015-12-14T03:56:49.623Z", "object_repr": "Supervision", "object_id": "12", "change_message": "", "user": 5, "content_type": 10}, "model": "admin.logentry", "pk": 653}, {"fields": {"action_flag": 3, "action_time": "2015-12-14T03:56:49.630Z", "object_repr": "ENCUESTA SATISFACCION", "object_id": "10", "change_message": "", "user": 5, "content_type": 10}, "model": "admin.logentry", "pk": 654}, {"fields": {"action_flag": 3, "action_time": "2015-12-14T03:56:49.636Z", "object_repr": "producto", "object_id": "7", "change_message": "", "user": 5, "content_type": 10}, "model": "admin.logentry", "pk": 655}, {"fields": {"action_flag": 3, "action_time": "2015-12-14T03:56:49.641Z", "object_repr": "persona", "object_id": "6", "change_message": "", "user": 5, "content_type": 10}, "model": "admin.logentry", "pk": 656}, {"fields": {"action_flag": 3, "action_time": "2015-12-14T03:56:49.647Z", "object_repr": "Pedido", "object_id": "5", "change_message": "", "user": 5, "content_type": 10}, "model": "admin.logentry", "pk": 657}, {"fields": {"action_flag": 2, "action_time": "2015-12-14T03:57:45.302Z", "object_repr": "Employment Report", "object_id": "26", "change_message": "Modificado/a ficha.", "user": 5, "content_type": 10}, "model": "admin.logentry", "pk": 658}, {"fields": {"action_flag": 2, "action_time": "2015-12-14T03:58:14.682Z", "object_repr": "Employment Report", "object_id": "26", "change_message": "Modificado/a ficha.", "user": 5, "content_type": 10}, "model": "admin.logentry", "pk": 659}, {"fields": {"action_flag": 2, "action_time": "2015-12-14T04:02:15.715Z", "object_repr": "Empresa 1", "object_id": "1", "change_message": "Modificado/a formulario.", "user": 5, "content_type": 7}, "model": "admin.logentry", "pk": 660}, {"fields": {"action_flag": 2, "action_time": "2015-12-14T04:03:21.960Z", "object_repr": "Employment Report", "object_id": "26", "change_message": "Modificado/a ficha.", "user": 5, "content_type": 10}, "model": "admin.logentry", "pk": 661}, {"fields": {"action_flag": 2, "action_time": "2015-12-14T04:04:05.369Z", "object_repr": "Employment Report", "object_id": "26", "change_message": "Modificado/a ficha.", "user": 5, "content_type": 10}, "model": "admin.logentry", "pk": 662}, {"fields": {"action_flag": 1, "action_time": "2015-12-14T04:05:16.561Z", "object_repr": "WORK HOURS OF EMPLOYMENT", "object_id": "27", "change_message": "", "user": 5, "content_type": 11}, "model": "admin.logentry", "pk": 663}, {"fields": {"action_flag": 2, "action_time": "2015-12-14T04:05:39.712Z", "object_repr": "Employment Report", "object_id": "26", "change_message": "Modificado/a ficha.", "user": 5, "content_type": 10}, "model": "admin.logentry", "pk": 664}, {"fields": {"action_flag": 2, "action_time": "2015-12-14T04:06:43.989Z", "object_repr": "Employment Report", "object_id": "26", "change_message": "Modificado/a ficha.", "user": 5, "content_type": 10}, "model": "admin.logentry", "pk": 665}, {"fields": {"action_flag": 1, "action_time": "2015-12-14T04:07:54.963Z", "object_repr": "Work Hours", "object_id": "27", "change_message": "", "user": 5, "content_type": 10}, "model": "admin.logentry", "pk": 666}, {"fields": {"action_flag": 1, "action_time": "2015-12-14T04:08:34.792Z", "object_repr": "Work Hours", "object_id": "32", "change_message": "", "user": 5, "content_type": 16}, "model": "admin.logentry", "pk": 667}, {"fields": {"action_flag": 2, "action_time": "2015-12-14T04:09:56.223Z", "object_repr": "  Contractor", "object_id": "137", "change_message": "Modificado/a respuesta y tipo.", "user": 5, "content_type": 12}, "model": "admin.logentry", "pk": 668}, {"fields": {"action_flag": 3, "action_time": "2015-12-14T04:11:21.011Z", "object_repr": "WORK HOURS OF EMPLOYMENT", "object_id": "27", "change_message": "", "user": 5, "content_type": 11}, "model": "admin.logentry", "pk": 669}, {"fields": {"action_flag": 2, "action_time": "2015-12-14T04:12:00.752Z", "object_repr": "2. WORK HOURS OF EMPLOYMENT", "object_id": "23", "change_message": "Modificado/a entrada.", "user": 5, "content_type": 11}, "model": "admin.logentry", "pk": 670}, {"fields": {"action_flag": 2, "action_time": "2015-12-14T04:14:48.111Z", "object_repr": "Empresa 1", "object_id": "1", "change_message": "Modificado/a formulario.", "user": 5, "content_type": 7}, "model": "admin.logentry", "pk": 671}, {"fields": {"action_flag": 2, "action_time": "2015-12-14T15:58:58.355Z", "object_repr": "colector1", "object_id": "2", "change_message": "Modificado/a password.", "user": 5, "content_type": 4}, "model": "admin.logentry", "pk": 672}, {"fields": {"action_flag": 1, "action_time": "2015-12-14T16:11:32.326Z", "object_repr": "Productos Orden Venta", "object_id": "28", "change_message": "", "user": 5, "content_type": 10}, "model": "admin.logentry", "pk": 673}, {"fields": {"action_flag": 2, "action_time": "2015-12-14T16:12:24.288Z", "object_repr": "Productos Orden Venta", "object_id": "28", "change_message": "Modificado/a ficha.", "user": 5, "content_type": 10}, "model": "admin.logentry", "pk": 674}, {"fields": {"action_flag": 3, "action_time": "2015-12-14T16:12:53.268Z", "object_repr": "productos", "object_id": "4", "change_message": "", "user": 5, "content_type": 11}, "model": "admin.logentry", "pk": 675}, {"fields": {"action_flag": 1, "action_time": "2015-12-15T13:16:17.578Z", "object_repr": "formularioBasico", "object_id": "33", "change_message": "", "user": 5, "content_type": 16}, "model": "admin.logentry", "pk": 676}, {"fields": {"action_flag": 2, "action_time": "2015-12-15T13:17:09.323Z", "object_repr": "formularioBasico", "object_id": "9", "change_message": "Modificado/a ficha.", "user": 5, "content_type": 10}, "model": "admin.logentry", "pk": 677}, {"fields": {"action_flag": 2, "action_time": "2015-12-15T13:29:04.641Z", "object_repr": "Client Info", "object_id": "25", "change_message": "Modificado/a nombre.", "user": 5, "content_type": 11}, "model": "admin.logentry", "pk": 678}, {"fields": {"action_flag": 1, "action_time": "2015-12-15T13:30:15.898Z", "object_repr": "Descripcion Producto", "object_id": "168", "change_message": "", "user": 5, "content_type": 12}, "model": "admin.logentry", "pk": 679}, {"fields": {"action_flag": 1, "action_time": "2015-12-15T13:30:52.959Z", "object_repr": "Stock", "object_id": "169", "change_message": "", "user": 5, "content_type": 12}, "model": "admin.logentry", "pk": 680}, {"fields": {"action_flag": 1, "action_time": "2015-12-15T13:31:22.071Z", "object_repr": "Unidad", "object_id": "170", "change_message": "", "user": 5, "content_type": 12}, "model": "admin.logentry", "pk": 681}, {"fields": {"action_flag": 1, "action_time": "2015-12-15T13:31:38.798Z", "object_repr": "Precio", "object_id": "171", "change_message": "", "user": 5, "content_type": 12}, "model": "admin.logentry", "pk": 682}, {"fields": {"action_flag": 1, "action_time": "2015-12-15T13:31:59.127Z", "object_repr": "IVA (%)", "object_id": "172", "change_message": "", "user": 5, "content_type": 12}, "model": "admin.logentry", "pk": 683}, {"fields": {"action_flag": 2, "action_time": "2015-12-15T13:32:14.834Z", "object_repr": "informacion del producto", "object_id": "6", "change_message": "Modificado/a entrada.", "user": 5, "content_type": 11}, "model": "admin.logentry", "pk": 684}, {"fields": {"action_flag": 2, "action_time": "2015-12-15T13:35:00.217Z", "object_repr": "Seccion Info Producto", "object_id": "6", "change_message": "Modificado/a nombre y descripcion.", "user": 5, "content_type": 11}, "model": "admin.logentry", "pk": 685}, {"fields": {"action_flag": 2, "action_time": "2015-12-15T13:36:27.508Z", "object_repr": "Formulario Productos ", "object_id": "28", "change_message": "Modificado/a nombre, descripcion y ficha.", "user": 5, "content_type": 10}, "model": "admin.logentry", "pk": 686}, {"fields": {"action_flag": 1, "action_time": "2015-12-15T13:38:38.547Z", "object_repr": "Seccion Orden Venta", "object_id": "28", "change_message": "", "user": 5, "content_type": 11}, "model": "admin.logentry", "pk": 687}, {"fields": {"action_flag": 1, "action_time": "2015-12-15T13:38:47.614Z", "object_repr": "Orden Venta", "object_id": "29", "change_message": "", "user": 5, "content_type": 10}, "model": "admin.logentry", "pk": 688}, {"fields": {"action_flag": 1, "action_time": "2015-12-15T13:40:15.239Z", "object_repr": "Productos entrada dinamica", "object_id": "173", "change_message": "", "user": 5, "content_type": 12}, "model": "admin.logentry", "pk": 689}, {"fields": {"action_flag": 1, "action_time": "2015-12-15T14:51:55.171Z", "object_repr": "Cantidad", "object_id": "174", "change_message": "", "user": 5, "content_type": 12}, "model": "admin.logentry", "pk": 690}, {"fields": {"action_flag": 1, "action_time": "2015-12-15T14:55:06.078Z", "object_repr": "Precio (Toma valor del producto seleccionado)", "object_id": "175", "change_message": "", "user": 5, "content_type": 12}, "model": "admin.logentry", "pk": 691}, {"fields": {"action_flag": 1, "action_time": "2015-12-15T14:56:19.200Z", "object_repr": "TOTAL (precio*cantidad) Tipo calculo", "object_id": "176", "change_message": "", "user": 5, "content_type": 12}, "model": "admin.logentry", "pk": 692}, {"fields": {"action_flag": 2, "action_time": "2015-12-15T14:56:34.594Z", "object_repr": "Seccion Orden Venta", "object_id": "28", "change_message": "Modificado/a entrada.", "user": 5, "content_type": 11}, "model": "admin.logentry", "pk": 693}, {"fields": {"action_flag": 2, "action_time": "2015-12-15T14:57:19.300Z", "object_repr": "Orden Venta", "object_id": "29", "change_message": "No ha cambiado ning\u00fan campo.", "user": 5, "content_type": 10}, "model": "admin.logentry", "pk": 694}, {"fields": {"action_flag": 1, "action_time": "2015-12-15T14:58:08.640Z", "object_repr": "Orden Venta", "object_id": "34", "change_message": "", "user": 5, "content_type": 16}, "model": "admin.logentry", "pk": 695}, {"fields": {"action_flag": 1, "action_time": "2015-12-15T14:58:09.280Z", "object_repr": "Orden Venta", "object_id": "35", "change_message": "", "user": 5, "content_type": 16}, "model": "admin.logentry", "pk": 696}, {"fields": {"action_flag": 3, "action_time": "2015-12-15T14:58:39.209Z", "object_repr": "Orden Venta", "object_id": "34", "change_message": "", "user": 5, "content_type": 16}, "model": "admin.logentry", "pk": 697}, {"fields": {"action_flag": 1, "action_time": "2015-12-15T15:23:23.765Z", "object_repr": "Formulario Productos ", "object_id": "36", "change_message": "", "user": 5, "content_type": 16}, "model": "admin.logentry", "pk": 698}, {"fields": {"action_flag": 3, "action_time": "2015-12-15T15:24:02.410Z", "object_repr": "Formulario Productos ", "object_id": "36", "change_message": "", "user": 5, "content_type": 16}, "model": "admin.logentry", "pk": 699}, {"fields": {"action_flag": 1, "action_time": "2015-12-15T15:25:25.288Z", "object_repr": "Formulario Productos ", "object_id": "37", "change_message": "", "user": 5, "content_type": 16}, "model": "admin.logentry", "pk": 700}, {"fields": {"action_flag": 2, "action_time": "2015-12-16T09:52:20.752Z", "object_repr": "formularioBasico", "object_id": "9", "change_message": "Modificado/a ficha.", "user": 1, "content_type": 10}, "model": "admin.logentry", "pk": 701}, {"fields": {"action_flag": 2, "action_time": "2015-12-16T09:53:11.505Z", "object_repr": "formularioBasico", "object_id": "9", "change_message": "Modificado/a ficha.", "user": 1, "content_type": 10}, "model": "admin.logentry", "pk": 702}, {"fields": {"action_flag": 2, "action_time": "2015-12-16T10:07:35.118Z", "object_repr": "formularioBasico", "object_id": "9", "change_message": "Modificado/a ficha.", "user": 1, "content_type": 10}, "model": "admin.logentry", "pk": 703}, {"fields": {"action_flag": 2, "action_time": "2015-12-16T10:09:14.577Z", "object_repr": "formularioBasico", "object_id": "9", "change_message": "Modificado/a ficha.", "user": 1, "content_type": 10}, "model": "admin.logentry", "pk": 704}, {"fields": {"action_flag": 2, "action_time": "2015-12-16T10:10:05.894Z", "object_repr": "formularioBasico", "object_id": "9", "change_message": "Modificado/a ficha.", "user": 1, "content_type": 10}, "model": "admin.logentry", "pk": 705}, {"fields": {"action_flag": 2, "action_time": "2015-12-16T10:17:02.736Z", "object_repr": "formularioBasico", "object_id": "9", "change_message": "Modificado/a ficha.", "user": 1, "content_type": 10}, "model": "admin.logentry", "pk": 706}, {"fields": {"action_flag": 3, "action_time": "2016-01-20T23:08:21.871Z", "object_repr": "formularioBasico", "object_id": "33", "change_message": "", "user": 1, "content_type": 16}, "model": "admin.logentry", "pk": 707}, {"fields": {"action_flag": 3, "action_time": "2016-01-20T23:08:21.877Z", "object_repr": "Work Hours", "object_id": "32", "change_message": "", "user": 1, "content_type": 16}, "model": "admin.logentry", "pk": 708}, {"fields": {"action_flag": 3, "action_time": "2016-01-20T23:08:21.883Z", "object_repr": "Employment Report", "object_id": "31", "change_message": "", "user": 1, "content_type": 16}, "model": "admin.logentry", "pk": 709}, {"fields": {"action_flag": 2, "action_time": "2016-01-20T23:11:29.007Z", "object_repr": "Seccion Orden Venta", "object_id": "28", "change_message": "Modificado/a entrada.", "user": 1, "content_type": 11}, "model": "admin.logentry", "pk": 710}, {"fields": {"action_flag": 1, "action_time": "2016-01-26T15:23:12.855Z", "object_repr": "Employment Report", "object_id": "38", "change_message": "", "user": 5, "content_type": 16}, "model": "admin.logentry", "pk": 711}, {"fields": {"action_flag": 1, "action_time": "2016-01-27T09:45:25.721Z", "object_repr": "mop", "object_id": "9", "change_message": "", "user": 1, "content_type": 4}, "model": "admin.logentry", "pk": 712}, {"fields": {"action_flag": 2, "action_time": "2016-01-27T09:46:33.470Z", "object_repr": "mop", "object_id": "9", "change_message": "Modificado/a first_name, last_name, is_staff y last_login.", "user": 1, "content_type": 4}, "model": "admin.logentry", "pk": 713}, {"fields": {"action_flag": 1, "action_time": "2016-01-27T09:49:32.305Z", "object_repr": "Ministerios", "object_id": "4", "change_message": "", "user": 1, "content_type": 9}, "model": "admin.logentry", "pk": 714}, {"fields": {"action_flag": 1, "action_time": "2016-01-27T09:50:07.622Z", "object_repr": "Ministerio Obras Publicas", "object_id": "7", "change_message": "", "user": 1, "content_type": 7}, "model": "admin.logentry", "pk": 715}, {"fields": {"action_flag": 1, "action_time": "2016-01-27T09:50:47.703Z", "object_repr": "Ministerio Obras Publicas", "object_id": "7", "change_message": "", "user": 1, "content_type": 18}, "model": "admin.logentry", "pk": 716}, {"fields": {"action_flag": 2, "action_time": "2016-01-27T09:50:54.698Z", "object_repr": "Ministerio Obras Publicas", "object_id": "7", "change_message": "No ha cambiado ning\u00fan campo.", "user": 1, "content_type": 18}, "model": "admin.logentry", "pk": 717}, {"fields": {"action_flag": 1, "action_time": "2016-01-27T09:51:36.693Z", "object_repr": "mop", "object_id": "8", "change_message": "", "user": 1, "content_type": 8}, "model": "admin.logentry", "pk": 718}, {"fields": {"action_flag": 2, "action_time": "2016-01-27T09:52:17.552Z", "object_repr": "Ministerio Obras Publicas", "object_id": "7", "change_message": "Modificado/a colector.", "user": 1, "content_type": 7}, "model": "admin.logentry", "pk": 719}, {"fields": {"action_flag": 2, "action_time": "2016-01-27T10:03:13.517Z", "object_repr": "mop@min.cl", "object_id": "9", "change_message": "Modificado/a username.", "user": 1, "content_type": 4}, "model": "admin.logentry", "pk": 720}, {"fields": {"action_flag": 2, "action_time": "2016-01-27T10:03:40.441Z", "object_repr": "mop@min.cl", "object_id": "9", "change_message": "Modificado/a email.", "user": 1, "content_type": 4}, "model": "admin.logentry", "pk": 721}, {"fields": {"action_flag": 2, "action_time": "2016-01-27T10:03:56.400Z", "object_repr": "mop@min.cl", "object_id": "9", "change_message": "Modificado/a password.", "user": 1, "content_type": 4}, "model": "admin.logentry", "pk": 722}, {"fields": {"action_flag": 2, "action_time": "2016-01-27T10:04:24.981Z", "object_repr": "mop@min.cl", "object_id": "9", "change_message": "Modificado/a groups.", "user": 1, "content_type": 4}, "model": "admin.logentry", "pk": 723}, {"fields": {"action_flag": 2, "action_time": "2016-01-27T10:05:52.618Z", "object_repr": "formularioBasico", "object_id": "9", "change_message": "Modificado/a ficha.", "user": 9, "content_type": 10}, "model": "admin.logentry", "pk": 724}, {"fields": {"action_flag": 1, "action_time": "2016-01-27T14:06:58.400Z", "object_repr": "formularioBasico", "object_id": "39", "change_message": "", "user": 5, "content_type": 16}, "model": "admin.logentry", "pk": 725}, {"fields": {"action_flag": 2, "action_time": "2016-01-27T14:23:14.148Z", "object_repr": "Empresa 1", "object_id": "1", "change_message": "Modificado/a tablets.", "user": 5, "content_type": 7}, "model": "admin.logentry", "pk": 726}, {"fields": {"action_flag": 3, "action_time": "2016-01-27T14:38:46.924Z", "object_repr": "Employment Report", "object_id": "38", "change_message": "", "user": 5, "content_type": 16}, "model": "admin.logentry", "pk": 727}, {"fields": {"action_flag": 3, "action_time": "2016-01-27T14:38:46.928Z", "object_repr": "Orden Venta", "object_id": "35", "change_message": "", "user": 5, "content_type": 16}, "model": "admin.logentry", "pk": 728}, {"fields": {"action_flag": 1, "action_time": "2016-01-27T15:37:01.135Z", "object_repr": "Orden Venta", "object_id": "40", "change_message": "", "user": 5, "content_type": 16}, "model": "admin.logentry", "pk": 729}, {"fields": {"action_flag": 2, "action_time": "2016-01-27T16:14:59.120Z", "object_repr": "Orden Venta", "object_id": "29", "change_message": "Modificado/a ficha.", "user": 5, "content_type": 10}, "model": "admin.logentry", "pk": 730}, {"fields": {"action_flag": 2, "action_time": "2016-01-27T17:35:34.423Z", "object_repr": "formularioBasico", "object_id": "9", "change_message": "Modificado/a ficha.", "user": 9, "content_type": 10}, "model": "admin.logentry", "pk": 731}, {"fields": {"action_flag": 2, "action_time": "2016-01-29T13:57:22.733Z", "object_repr": "Empresa 1", "object_id": "1", "change_message": "Modificado/a formulario.", "user": 5, "content_type": 7}, "model": "admin.logentry", "pk": 732}, {"fields": {"action_flag": 2, "action_time": "2016-01-30T14:33:55.622Z", "object_repr": "Orden Venta", "object_id": "29", "change_message": "Modificado/a ficha.", "user": 5, "content_type": 10}, "model": "admin.logentry", "pk": 733}, {"fields": {"action_flag": 2, "action_time": "2016-01-30T14:42:32.239Z", "object_repr": "Empresa 1", "object_id": "1", "change_message": "No ha cambiado ning\u00fan campo.", "user": 5, "content_type": 7}, "model": "admin.logentry", "pk": 734}, {"fields": {"action_flag": 3, "action_time": "2016-01-30T14:49:08.088Z", "object_repr": "Orden Venta", "object_id": "40", "change_message": "", "user": 5, "content_type": 16}, "model": "admin.logentry", "pk": 735}, {"fields": {"action_flag": 3, "action_time": "2016-01-30T14:49:08.092Z", "object_repr": "formularioBasico", "object_id": "39", "change_message": "", "user": 5, "content_type": 16}, "model": "admin.logentry", "pk": 736}, {"fields": {"action_flag": 1, "action_time": "2016-01-30T14:51:50.957Z", "object_repr": "Orden Venta", "object_id": "41", "change_message": "", "user": 5, "content_type": 16}, "model": "admin.logentry", "pk": 737}, {"fields": {"action_flag": 2, "action_time": "2016-01-30T14:52:13.874Z", "object_repr": "Orden Venta", "object_id": "29", "change_message": "Modificado/a ficha.", "user": 5, "content_type": 10}, "model": "admin.logentry", "pk": 738}, {"fields": {"action_flag": 2, "action_time": "2016-01-30T14:53:13.429Z", "object_repr": "Orden Venta", "object_id": "29", "change_message": "Modificado/a ficha.", "user": 5, "content_type": 10}, "model": "admin.logentry", "pk": 739}, {"fields": {"action_flag": 2, "action_time": "2016-01-30T14:54:43.776Z", "object_repr": "Orden Venta", "object_id": "29", "change_message": "Modificado/a ficha.", "user": 5, "content_type": 10}, "model": "admin.logentry", "pk": 740}, {"fields": {"action_flag": 2, "action_time": "2016-01-30T14:55:59.769Z", "object_repr": "Orden Venta", "object_id": "29", "change_message": "Modificado/a ficha.", "user": 5, "content_type": 10}, "model": "admin.logentry", "pk": 741}, {"fields": {"action_flag": 2, "action_time": "2016-01-30T14:56:14.549Z", "object_repr": "Orden Venta", "object_id": "29", "change_message": "No ha cambiado ning\u00fan campo.", "user": 5, "content_type": 10}, "model": "admin.logentry", "pk": 742}, {"fields": {"action_flag": 1, "action_time": "2016-01-30T15:56:01.311Z", "object_repr": "Dinamica Multiple", "object_id": "177", "change_message": "", "user": 5, "content_type": 12}, "model": "admin.logentry", "pk": 743}, {"fields": {"action_flag": 2, "action_time": "2016-01-30T15:56:31.432Z", "object_repr": "Productos entrada dinamica", "object_id": "173", "change_message": "Modificado/a tipo.", "user": 5, "content_type": 12}, "model": "admin.logentry", "pk": 744}, {"fields": {"action_flag": 2, "action_time": "2016-01-30T17:31:00.934Z", "object_repr": "_IVA", "object_id": "172", "change_message": "Modificado/a nombre.", "user": 5, "content_type": 12}, "model": "admin.logentry", "pk": 745}, {"fields": {"action_flag": 2, "action_time": "2016-01-30T17:31:14.949Z", "object_repr": "_PRECIO", "object_id": "171", "change_message": "Modificado/a nombre.", "user": 5, "content_type": 12}, "model": "admin.logentry", "pk": 746}, {"fields": {"action_flag": 2, "action_time": "2016-02-03T17:22:20.877Z", "object_repr": "Contractor", "object_id": "22", "change_message": "Modificado/a nombre, descripcion y entrada.", "user": 1, "content_type": 11}, "model": "admin.logentry", "pk": 747}, {"fields": {"action_flag": 2, "action_time": "2016-02-03T17:23:51.684Z", "object_repr": "Work hours of employment", "object_id": "23", "change_message": "Modificado/a nombre y entrada.", "user": 1, "content_type": 11}, "model": "admin.logentry", "pk": 748}, {"fields": {"action_flag": 2, "action_time": "2016-02-03T17:24:45.148Z", "object_repr": "Level", "object_id": "145", "change_message": "Modificado/a nombre.", "user": 1, "content_type": 12}, "model": "admin.logentry", "pk": 749}, {"fields": {"action_flag": 2, "action_time": "2016-02-03T17:25:42.934Z", "object_repr": "Ttrainee/Apprentice", "object_id": "59", "change_message": "Modificado/a valor.", "user": 1, "content_type": 13}, "model": "admin.logentry", "pk": 750}, {"fields": {"action_flag": 2, "action_time": "2016-02-03T17:26:07.542Z", "object_repr": "Jorneyman", "object_id": "58", "change_message": "Modificado/a valor.", "user": 1, "content_type": 13}, "model": "admin.logentry", "pk": 751}, {"fields": {"action_flag": 2, "action_time": "2016-02-03T17:27:04.424Z", "object_repr": "Work hours of employment", "object_id": "23", "change_message": "Modificado/a entrada.", "user": 1, "content_type": 11}, "model": "admin.logentry", "pk": 752}, {"fields": {"action_flag": 1, "action_time": "2016-02-03T17:28:30.593Z", "object_repr": "password", "object_id": "10", "change_message": "", "user": 1, "content_type": 4}, "model": "admin.logentry", "pk": 753}, {"fields": {"action_flag": 1, "action_time": "2016-02-03T17:29:06.467Z", "object_repr": "password", "object_id": "9", "change_message": "", "user": 1, "content_type": 8}, "model": "admin.logentry", "pk": 754}, {"fields": {"action_flag": 1, "action_time": "2016-02-03T17:29:25.733Z", "object_repr": "002", "object_id": "10", "change_message": "", "user": 1, "content_type": 15}, "model": "admin.logentry", "pk": 755}, {"fields": {"action_flag": 1, "action_time": "2016-02-03T17:29:50.067Z", "object_repr": "Password", "object_id": "8", "change_message": "", "user": 1, "content_type": 7}, "model": "admin.logentry", "pk": 756}, {"fields": {"action_flag": 1, "action_time": "2016-02-03T17:30:03.827Z", "object_repr": "Password", "object_id": "8", "change_message": "", "user": 1, "content_type": 18}, "model": "admin.logentry", "pk": 757}, {"fields": {"action_flag": 1, "action_time": "2016-02-03T17:30:35.452Z", "object_repr": "Employment Report", "object_id": "42", "change_message": "", "user": 1, "content_type": 16}, "model": "admin.logentry", "pk": 758}, {"fields": {"action_flag": 1, "action_time": "2016-02-03T17:30:42.447Z", "object_repr": "Work Hours", "object_id": "43", "change_message": "", "user": 1, "content_type": 16}, "model": "admin.logentry", "pk": 759}, {"fields": {"action_flag": 1, "action_time": "2016-02-03T17:35:01.795Z", "object_repr": "Contractor type", "object_id": "178", "change_message": "", "user": 1, "content_type": 12}, "model": "admin.logentry", "pk": 760}, {"fields": {"action_flag": 2, "action_time": "2016-02-03T17:36:16.934Z", "object_repr": "Contractor", "object_id": "22", "change_message": "Modificado/a entrada.", "user": 1, "content_type": 11}, "model": "admin.logentry", "pk": 761}, {"fields": {"action_flag": 1, "action_time": "2016-02-03T17:38:46.688Z", "object_repr": "Prepared by", "object_id": "179", "change_message": "", "user": 1, "content_type": 12}, "model": "admin.logentry", "pk": 762}, {"fields": {"action_flag": 1, "action_time": "2016-02-03T17:39:13.140Z", "object_repr": "Title", "object_id": "180", "change_message": "", "user": 1, "content_type": 12}, "model": "admin.logentry", "pk": 763}, {"fields": {"action_flag": 1, "action_time": "2016-02-03T17:39:31.695Z", "object_repr": "Sign", "object_id": "181", "change_message": "", "user": 1, "content_type": 12}, "model": "admin.logentry", "pk": 764}, {"fields": {"action_flag": 1, "action_time": "2016-02-03T17:39:43.415Z", "object_repr": "Project Sponsor", "object_id": "182", "change_message": "", "user": 1, "content_type": 12}, "model": "admin.logentry", "pk": 765}, {"fields": {"action_flag": 2, "action_time": "2016-02-03T17:39:59.727Z", "object_repr": "Work hours of employment", "object_id": "23", "change_message": "Modificado/a entrada.", "user": 1, "content_type": 11}, "model": "admin.logentry", "pk": 766}, {"fields": {"action_flag": 1, "action_time": "2016-02-03T20:11:03.584Z", "object_repr": "Contractor", "object_id": "183", "change_message": "", "user": 1, "content_type": 12}, "model": "admin.logentry", "pk": 767}, {"fields": {"action_flag": 2, "action_time": "2016-02-03T20:11:09.863Z", "object_repr": "Work hours of employment", "object_id": "23", "change_message": "Modificado/a entrada.", "user": 1, "content_type": 11}, "model": "admin.logentry", "pk": 768}, {"fields": {"action_flag": 2, "action_time": "2016-02-03T20:13:05.287Z", "object_repr": "Work hours of employment", "object_id": "23", "change_message": "Modificado/a entrada.", "user": 1, "content_type": 11}, "model": "admin.logentry", "pk": 769}, {"fields": {"action_flag": 2, "action_time": "2016-02-04T00:35:52.293Z", "object_repr": "Trainee/Apprentice", "object_id": "59", "change_message": "Modificado/a valor.", "user": 1, "content_type": 13}, "model": "admin.logentry", "pk": 770}, {"fields": {"action_flag": 2, "action_time": "2016-02-05T17:54:34.614Z", "object_repr": "Seccion Info Producto", "object_id": "6", "change_message": "Modificado/a entrada.", "user": 5, "content_type": 11}, "model": "admin.logentry", "pk": 771}, {"fields": {"action_flag": 2, "action_time": "2016-02-10T22:47:22.631Z", "object_repr": "_PRECIO", "object_id": "171", "change_message": "Modificado/a defecto, maximo y minimo.", "user": 1, "content_type": 12}, "model": "admin.logentry", "pk": 772}, {"fields": {"action_flag": 2, "action_time": "2016-02-10T22:52:01.199Z", "object_repr": "FOTO", "object_id": "19", "change_message": "Modificado/a requerido.", "user": 1, "content_type": 12}, "model": "admin.logentry", "pk": 773}]