[{"fields": {"name": "administradores", "permissions": [["add_logentry", "admin", "logentry"], ["change_logentry", "admin", "logentry"], ["delete_logentry", "admin", "logentry"], ["add_colector", "registro", "colector"], ["change_colector", "registro", "colector"], ["delete_colector", "registro", "colector"], ["add_entrada", "registro", "entrada"], ["change_entrada", "registro", "entrada"], ["delete_entrada", "registro", "entrada"], ["add_ficha", "registro", "ficha"], ["change_ficha", "registro", "ficha"], ["delete_ficha", "registro", "ficha"], ["add_formulario", "registro", "formulario"], ["change_formulario", "registro", "formulario"], ["delete_formulario", "registro", "formulario"], ["add_permisoformulario", "registro", "permisoformulario"], ["change_permisoformulario", "registro", "permisoformulario"], ["delete_permisoformulario", "registro", "permisoformulario"], ["add_respuesta", "registro", "respuesta"], ["change_respuesta", "registro", "respuesta"], ["delete_respuesta", "registro", "respuesta"], ["add_tablet", "registro", "tablet"], ["change_tablet", "registro", "tablet"], ["delete_tablet", "registro", "tablet"]]}, "model": "auth.group", "pk": 1}, {"fields": {"name": "Empresas", "permissions": [["add_permission", "auth", "permission"], ["change_permission", "auth", "permission"], ["delete_permission", "auth", "permission"], ["change_user", "auth", "user"], ["change_empresa", "registro", "empresa"]]}, "model": "auth.group", "pk": 2}, {"fields": {"username": "admin", "first_name": "", "last_name": "", "is_active": true, "is_superuser": true, "is_staff": true, "last_login": "2016-02-15T13:17:55.741Z", "groups": [], "user_permissions": [], "password": "pbkdf2_sha256$20000$eRdV8o0tkWaN$nNTTxJcBlIc8iVi/0s+vtIgu44L9eLbouf4+LxuHjIY=", "email": "admin@colector.com", "date_joined": "2015-08-10T10:42:18.817Z"}, "model": "auth.user", "pk": 1}, {"fields": {"username": "colector1", "first_name": "", "last_name": "", "is_active": true, "is_superuser": false, "is_staff": false, "last_login": null, "groups": [], "user_permissions": [], "password": "pbkdf2_sha256$20000$CSOFhEiHB6pu$tGOMGvRUO3AwepM9skkaX0NkgBzveR0/rzCLCyjQhNA=", "email": "", "date_joined": "2015-08-10T10:49:52Z"}, "model": "auth.user", "pk": 2}, {"fields": {"username": "empresa1", "first_name": "", "last_name": "", "is_active": true, "is_superuser": false, "is_staff": false, "last_login": "2015-09-27T22:38:25.726Z", "groups": [], "user_permissions": [], "password": "pbkdf2_sha256$20000$0XxHIAFcigvO$C4+sakPgodcVQ7f+3adABxS7MvuuEBFOa14Ul3jlLwE=", "email": "", "date_joined": "2015-08-17T21:29:38.574Z"}, "model": "auth.user", "pk": 3}, {"fields": {"username": "colector2", "first_name": "", "last_name": "", "is_active": true, "is_superuser": false, "is_staff": false, "last_login": "2015-10-01T00:29:06.026Z", "groups": [], "user_permissions": [], "password": "pbkdf2_sha256$20000$jKYGx2Bqjnrn$qZZS6Wo9VpF9y8+fYqElTXendrnWm27eDvEuIpFzi7Q=", "email": "", "date_joined": "2015-09-27T18:22:36.953Z"}, "model": "auth.user", "pk": 4}, {"fields": {"username": "colectortest", "first_name": "", "last_name": "", "is_active": true, "is_superuser": true, "is_staff": true, "last_login": "2016-02-15T19:30:48.248Z", "groups": [["administradores"]], "user_permissions": [], "password": "pbkdf2_sha256$20000$WRLpXlIOgMNd$xXPfXVDg2aBeaWg5i+rUFaOW4SdPBDkrH2trguLIWF4=", "email": "", "date_joined": "2015-10-10T08:57:21Z"}, "model": "auth.user", "pk": 5}, {"fields": {"username": "galmendras", "first_name": "Gerardo", "last_name": "Almendras", "is_active": true, "is_superuser": false, "is_staff": false, "last_login": "2016-02-03T16:45:19.321Z", "groups": [["administradores"]], "user_permissions": [], "password": "pbkdf2_sha256$20000$oqdMeVKvII2k$l0AQQb0iKcwXxMM0CfcUu8LgLIeTl173HlxEbVQsUxg=", "email": "gerardo.almendras@sertelchile.cl", "date_joined": "2015-11-03T00:09:15Z"}, "model": "auth.user", "pk": 6}, {"fields": {"username": "jorgallegor@hotmail.com", "first_name": "Jorge", "last_name": "Gallego", "is_active": true, "is_superuser": true, "is_staff": true, "last_login": null, "groups": [], "user_permissions": [], "password": "pbkdf2_sha256$20000$DKH5cULiNDDj$LUMrikzn0yfVQkThcys4NCJk4+NqiHs0JacVgdFbY3g=", "email": "jorge@colector.co", "date_joined": "2015-11-13T17:42:55Z"}, "model": "auth.user", "pk": 7}, {"fields": {"username": "jm", "first_name": "", "last_name": "", "is_active": true, "is_superuser": false, "is_staff": false, "last_login": "2015-12-04T13:39:23.057Z", "groups": [], "user_permissions": [], "password": "pbkdf2_sha256$20000$LL4XYg4pFdyk$uATl5/megL8FtWTGr2zFjdbQwk66PQ/AkXMlSn0SF7I=", "email": "", "date_joined": "2015-11-23T02:54:12Z"}, "model": "auth.user", "pk": 8}, {"fields": {"username": "mop@min.cl", "first_name": "Ministerio", "last_name": "Obras Publicas", "is_active": true, "is_superuser": false, "is_staff": true, "last_login": "2016-01-27T23:40:46.662Z", "groups": [["administradores"]], "user_permissions": [], "password": "pbkdf2_sha256$20000$JEVst2u9HUUG$+dLAxPQ/NSFWz2xWLqYdbCBZzeLtWLZfIUq6Ax5zObM=", "email": "mop@min.cl", "date_joined": "2016-01-27T09:45:25Z"}, "model": "auth.user", "pk": 9}, {"fields": {"username": "project1", "first_name": "", "last_name": "", "is_active": true, "is_superuser": false, "is_staff": true, "last_login": "2016-02-15T19:27:39.058Z", "groups": [["Empresas"]], "user_permissions": [], "password": "pbkdf2_sha256$20000$2O3SH4PPrn1D$jjwghS1BSgj0NVcconHj2JpqEQYPoQcipciV74XhrzU=", "email": "", "date_joined": "2016-02-03T17:28:30Z"}, "model": "auth.user", "pk": 10}, {"fields": {"username": "riascos", "first_name": "", "last_name": "", "is_active": true, "is_superuser": false, "is_staff": false, "last_login": "2016-02-11T20:22:45.808Z", "groups": [], "user_permissions": [], "password": "pbkdf2_sha256$20000$OpQKAkdZ4Bis$2lLRm4GcSG2Jx3ASmwKbfa7oM235Yom3KWK/eHpRvMw=", "email": "", "date_joined": "2016-02-04T21:07:14.232Z"}, "model": "auth.user", "pk": 11}, {"fields": {"username": "project2", "first_name": "", "last_name": "", "is_active": true, "is_superuser": false, "is_staff": false, "last_login": "2016-02-15T13:01:14.879Z", "groups": [], "user_permissions": [], "password": "pbkdf2_sha256$20000$hn7ql05RMbkE$fM/HN3Rk9zArMHkcgloUUVYCD8w7lvP2ZKFcOZpGwQs=", "email": "", "date_joined": "2016-02-09T01:48:13Z"}, "model": "auth.user", "pk": 12}, {"fields": {"username": "project3", "first_name": "", "last_name": "", "is_active": true, "is_superuser": false, "is_staff": false, "last_login": "2016-02-09T21:09:00.703Z", "groups": [], "user_permissions": [], "password": "pbkdf2_sha256$20000$jgbyQLiT5byr$kh6azSiklQ/xe/Kf9VNVXblJdDhB9yeD9fmJxkhnv94=", "email": "", "date_joined": "2016-02-09T01:53:42.799Z"}, "model": "auth.user", "pk": 13}, {"fields": {"username": "mop", "first_name": "", "last_name": "", "is_active": true, "is_superuser": false, "is_staff": false, "last_login": "2016-02-16T16:27:34.856Z", "groups": [], "user_permissions": [], "password": "pbkdf2_sha256$20000$tkLd0VdgbOmA$x6MDMf8Go3vUk6aikvr5VPoyJDVukoMHm5B8GHRnF1o=", "email": "", "date_joined": "2016-02-15T15:18:20.140Z"}, "model": "auth.user", "pk": 14}, {"fields": {"nit": 1234, "colector": [5], "usuario": ["colectortest"], "tablets": [3], "ciudad": "", "correo_empresarial": "", "codigo_secreto": "1234", "formulario": [8, 26, 27, 28, 29], "pais": "", "descripcion": "", "nombre": "Empresa 1", "correo_facturacion": "a", "telefono": 33, "email": "", "industria": "", "plan": null}, "model": "registro.empresa", "pk": 1}, {"fields": {"nit": 0, "colector": [6], "usuario": ["galmendras"], "tablets": [8, 9], "ciudad": "Concepcion", "correo_empresarial": "", "codigo_secreto": "SERTEL", "formulario": [], "pais": "Chile", "descripcion": "", "nombre": "SERTEL", "correo_facturacion": "gerardo.almendras@sertelchile.cl", "telefono": null, "email": "gerardo.almendras@sertelchile.cl", "industria": "Contratistas DTV", "plan": 2}, "model": "registro.empresa", "pk": 5}, {"fields": {"nit": null, "colector": [7], "usuario": ["jm"], "tablets": [], "ciudad": "cali", "correo_empresarial": "", "codigo_secreto": "JM", "formulario": [14, 15], "pais": "Colombia", "descripcion": "", "nombre": "JM", "correo_facturacion": "facturacion@jm.com", "telefono": null, "email": "", "industria": "", "plan": 2}, "model": "registro.empresa", "pk": 6}, {"fields": {"nit": null, "colector": [8], "usuario": ["mop@min.cl"], "tablets": [1], "ciudad": "Concepcion", "correo_empresarial": "", "codigo_secreto": "mop2016!", "formulario": [9], "pais": "Chile", "descripcion": "", "nombre": "Ministerio Obras Publicas", "correo_facturacion": "", "telefono": null, "email": "", "industria": "Guvernamental", "plan": 4}, "model": "registro.empresa", "pk": 7}, {"fields": {"nit": null, "colector": [12], "usuario": ["project1"], "tablets": [10], "ciudad": "NY", "correo_empresarial": "", "codigo_secreto": "password", "formulario": [26, 27], "pais": "USA", "descripcion": "", "nombre": "project1", "correo_facturacion": "password@password.com", "telefono": null, "email": "", "industria": "", "plan": null}, "model": "registro.empresa", "pk": 8}, {"fields": {"nit": null, "colector": [10], "usuario": ["riascos"], "tablets": [3], "ciudad": "Cali", "correo_empresarial": "", "codigo_secreto": "riascos", "formulario": [30], "pais": "Colombia", "descripcion": "", "nombre": "Taller Riascos", "correo_facturacion": "riascos@riascos.com", "telefono": null, "email": "", "industria": "", "plan": null}, "model": "registro.empresa", "pk": 9}, {"fields": {"nit": null, "colector": [9], "usuario": ["project2"], "tablets": [11], "ciudad": "", "correo_empresarial": "", "codigo_secreto": "project2", "formulario": [31, 32], "pais": "", "descripcion": "", "nombre": "project2", "correo_facturacion": "project2@project2.com", "telefono": null, "email": "", "industria": "", "plan": 2}, "model": "registro.empresa", "pk": 10}, {"fields": {"nit": null, "colector": [11], "usuario": ["project3"], "tablets": [12], "ciudad": "", "correo_empresarial": "", "codigo_secreto": "project3", "formulario": [33, 34], "pais": "", "descripcion": "", "nombre": "project3", "correo_facturacion": "project3@project3.com", "telefono": null, "email": "", "industria": "", "plan": 2}, "model": "registro.empresa", "pk": 11}, {"fields": {"nit": null, "colector": [13], "usuario": ["mop"], "tablets": [13], "ciudad": "", "correo_empresarial": "", "codigo_secreto": "mop", "formulario": [35], "pais": "", "descripcion": "", "nombre": "MOP", "correo_facturacion": "mop@mop.com", "telefono": null, "email": "", "industria": "", "plan": 2}, "model": "registro.empresa", "pk": 12}, {"fields": {"codigo": "001"}, "model": "registro.tablet", "pk": 1}, {"fields": {"codigo": "2"}, "model": "registro.tablet", "pk": 2}, {"fields": {"codigo": "003"}, "model": "registro.tablet", "pk": 3}, {"fields": {"codigo": "000000000000000"}, "model": "registro.tablet", "pk": 4}, {"fields": {"codigo": "359132060946553"}, "model": "registro.tablet", "pk": 5}, {"fields": {"codigo": "359291054583721"}, "model": "registro.tablet", "pk": 6}, {"fields": {"codigo": "868497012966189"}, "model": "registro.tablet", "pk": 7}, {"fields": {"codigo": "354157050628783"}, "model": "registro.tablet", "pk": 8}, {"fields": {"codigo": "353414070073214"}, "model": "registro.tablet", "pk": 9}, {"fields": {"codigo": "002"}, "model": "registro.tablet", "pk": 10}, {"fields": {"codigo": "004"}, "model": "registro.tablet", "pk": 11}, {"fields": {"codigo": "005"}, "model": "registro.tablet", "pk": 12}, {"fields": {"codigo": "006"}, "model": "registro.tablet", "pk": 13}, {"fields": {"usuario": ["colector1"]}, "model": "registro.colector", "pk": 1}, {"fields": {"usuario": ["colector2"]}, "model": "registro.colector", "pk": 3}, {"fields": {"usuario": ["admin"]}, "model": "registro.colector", "pk": 4}, {"fields": {"usuario": ["colectortest"]}, "model": "registro.colector", "pk": 5}, {"fields": {"usuario": ["galmendras"]}, "model": "registro.colector", "pk": 6}, {"fields": {"usuario": ["jm"]}, "model": "registro.colector", "pk": 7}, {"fields": {"usuario": ["mop@min.cl"]}, "model": "registro.colector", "pk": 8}, {"fields": {"usuario": ["project2"]}, "model": "registro.colector", "pk": 9}, {"fields": {"usuario": ["riascos"]}, "model": "registro.colector", "pk": 10}, {"fields": {"usuario": ["project3"]}, "model": "registro.colector", "pk": 11}, {"fields": {"usuario": ["project1"]}, "model": "registro.colector", "pk": 12}, {"fields": {"usuario": ["mop"]}, "model": "registro.colector", "pk": 13}, {"fields": {"cantidad_colectores": 20, "fecha_creacion": "2015-11-03T00:15:14.173Z", "activo": true, "valor": "200", "nombre": "profesional", "almacenamiento": "20000"}, "model": "registro.plan", "pk": 1}, {"fields": {"cantidad_colectores": 5, "fecha_creacion": "2015-11-03T00:12:46.017Z", "activo": true, "valor": "100", "nombre": "basico", "almacenamiento": "5000"}, "model": "registro.plan", "pk": 2}, {"fields": {"cantidad_colectores": 100, "fecha_creacion": "2015-11-03T00:15:46.047Z", "activo": true, "valor": "300", "nombre": "Empresarial", "almacenamiento": "ilimitados"}, "model": "registro.plan", "pk": 3}, {"fields": {"cantidad_colectores": 0, "fecha_creacion": "2016-01-27T09:49:32.304Z", "activo": true, "valor": "0", "nombre": "Ministerios", "almacenamiento": "0"}, "model": "registro.plan", "pk": 4}, {"fields": {"descripcion": "contiene todas los tipos de entradas hasta el mome", "nombre": "formularioInputs", "ficha": [8], "precargado": "NO"}, "model": "registro.formulario", "pk": 8}, {"fields": {"descripcion": "Formulario para registrar respuestas a otr dinamic", "nombre": "formularioBasico", "ficha": [1], "precargado": "NO"}, "model": "registro.formulario", "pk": 9}, {"fields": {"descripcion": "Formulario con entrada dinamica test", "nombre": "formularioDinamico", "ficha": [11, 21], "precargado": "NO"}, "model": "registro.formulario", "pk": 11}, {"fields": {"descripcion": "", "nombre": "ENTREGA DE PROPIEDAD PARA ALQUILER", "ficha": [14], "precargado": "NO"}, "model": "registro.formulario", "pk": 14}, {"fields": {"descripcion": "Parte 1. Tipo de inmueble ubicaci\u00f3n y contacto", "nombre": "1. FICHA CAPTACION DE INMUEBLES PARA VENTA", "ficha": [15, 16, 17], "precargado": "NO"}, "model": "registro.formulario", "pk": 15}, {"fields": {"descripcion": "Parte 2. Datos generales del inmueble", "nombre": "2. FICHA CAPTACION DE INMUEBLES PARA VENTA", "ficha": [16], "precargado": "NO"}, "model": "registro.formulario", "pk": 16}, {"fields": {"descripcion": "Parte 3. Descripci\u00f3n del inmueble", "nombre": "3. FICHA CAPTACION DE INMUEBLES PARA VENTA", "ficha": [17], "precargado": "NO"}, "model": "registro.formulario", "pk": 17}, {"fields": {"descripcion": "", "nombre": "JAVI CAR WASH", "ficha": [25, 26], "precargado": "NO"}, "model": "registro.formulario", "pk": 25}, {"fields": {"descripcion": "Employment Utilization Report", "nombre": "Employment Report", "ficha": [22], "precargado": "SI"}, "model": "registro.formulario", "pk": 26}, {"fields": {"descripcion": "Work Hours of Employment", "nombre": "Work Hours", "ficha": [23], "precargado": "NO"}, "model": "registro.formulario", "pk": 27}, {"fields": {"descripcion": "Inventario de productos", "nombre": "Formulario Productos ", "ficha": [6], "precargado": "NO"}, "model": "registro.formulario", "pk": 28}, {"fields": {"descripcion": "Incluye Form anidado y seccion calculo orden venta", "nombre": "Orden Venta", "ficha": [25, 28], "precargado": "NO"}, "model": "registro.formulario", "pk": 29}, {"fields": {"descripcion": "", "nombre": "Ingreso de Vehiculo", "ficha": [29, 30, 31, 32, 33], "precargado": "NO"}, "model": "registro.formulario", "pk": 30}, {"fields": {"descripcion": "", "nombre": "Employment Report.", "ficha": [22], "precargado": "NO"}, "model": "registro.formulario", "pk": 31}, {"fields": {"descripcion": "", "nombre": "Work Hours.", "ficha": [23], "precargado": "NO"}, "model": "registro.formulario", "pk": 32}, {"fields": {"descripcion": "", "nombre": "Employment Report:", "ficha": [22], "precargado": "NO"}, "model": "registro.formulario", "pk": 33}, {"fields": {"descripcion": "", "nombre": "Work Hours:", "ficha": [23], "precargado": "NO"}, "model": "registro.formulario", "pk": 34}, {"fields": {"descripcion": "", "nombre": "MOP", "ficha": [34], "precargado": "NO"}, "model": "registro.formulario", "pk": 35}, {"fields": {"formulario": 28, "colectores": [5]}, "model": "registro.permisoformulario", "pk": 37}, {"fields": {"formulario": 29, "colectores": [5]}, "model": "registro.permisoformulario", "pk": 41}, {"fields": {"formulario": 31, "colectores": [9]}, "model": "registro.permisoformulario", "pk": 42}, {"fields": {"formulario": 32, "colectores": [9]}, "model": "registro.permisoformulario", "pk": 43}, {"fields": {"formulario": 30, "colectores": [10]}, "model": "registro.permisoformulario", "pk": 44}, {"fields": {"formulario": 8, "colectores": [5]}, "model": "registro.permisoformulario", "pk": 45}, {"fields": {"formulario": 33, "colectores": [11]}, "model": "registro.permisoformulario", "pk": 48}, {"fields": {"formulario": 34, "colectores": [11]}, "model": "registro.permisoformulario", "pk": 49}, {"fields": {"formulario": 26, "colectores": [12]}, "model": "registro.permisoformulario", "pk": 50}, {"fields": {"formulario": 27, "colectores": [12]}, "model": "registro.permisoformulario", "pk": 51}, {"fields": {"formulario": 26, "colectores": [5]}, "model": "registro.permisoformulario", "pk": 52}, {"fields": {"formulario": 27, "colectores": [5]}, "model": "registro.permisoformulario", "pk": 53}, {"fields": {"formulario": 35, "colectores": [13]}, "model": "registro.permisoformulario", "pk": 54}, {"fields": {"descripcion": "ficha 1", "nombre": "ficha 1", "entrada": [1, 2, 3]}, "model": "registro.ficha", "pk": 1}, {"fields": {"descripcion": "ficha 2", "nombre": "ficha 2", "entrada": []}, "model": "registro.ficha", "pk": 2}, {"fields": {"descripcion": "", "nombre": "cliente", "entrada": [5]}, "model": "registro.ficha", "pk": 3}, {"fields": {"descripcion": "Seleccione un cliente de la lista", "nombre": "informaci\u00f3n personal", "entrada": []}, "model": "registro.ficha", "pk": 5}, {"fields": {"descripcion": "Informacion de productos", "nombre": "Seccion Info Producto", "entrada": [168, 169, 170, 171, 172]}, "model": "registro.ficha", "pk": 6}, {"fields": {"descripcion": "", "nombre": "totales", "entrada": [8, 9, 10]}, "model": "registro.ficha", "pk": 7}, {"fields": {"descripcion": "DESCRIPCION FICHA TEST", "nombre": "SECCION TEST", "entrada": [14, 15, 16, 17, 18, 19, 20, 21, 208, 209, 210]}, "model": "registro.ficha", "pk": 8}, {"fields": {"descripcion": "FICHA TO TEST FILLED FORMS", "nombre": "SECCION TEST 2", "entrada": [22, 25, 54]}, "model": "registro.ficha", "pk": 9}, {"fields": {"descripcion": "Descripcion Parte 1", "nombre": "Parte 1", "entrada": [23, 24]}, "model": "registro.ficha", "pk": 10}, {"fields": {"descripcion": "Esta ficha contiene una entrada dinamica", "nombre": "FICHA ENTRADA DINAMICA", "entrada": [27]}, "model": "registro.ficha", "pk": 11}, {"fields": {"descripcion": "", "nombre": "Supervision", "entrada": [28, 29, 30, 31, 32, 33]}, "model": "registro.ficha", "pk": 12}, {"fields": {"descripcion": "", "nombre": "FICHATESTNOV7", "entrada": [5, 21]}, "model": "registro.ficha", "pk": 13}, {"fields": {"descripcion": "", "nombre": "Entrega de propiedad para alquiler", "entrada": [19, 34, 35, 36, 37, 38, 39, 40, 41, 42, 43, 44, 45, 46, 47, 48, 49, 50, 51, 52, 53]}, "model": "registro.ficha", "pk": 14}, {"fields": {"descripcion": "TIPO DE INMUEBLE UBICACI\u00d3N Y CONTACTO", "nombre": "TIPO DE INMUEBLE UBICACI\u00d3N Y CONTACTO", "entrada": [36, 37, 38, 39, 40, 55, 56, 57, 58, 59, 60, 61, 62, 63, 64, 65, 66, 67, 68, 69, 70, 71, 72, 73, 74, 75]}, "model": "registro.ficha", "pk": 15}, {"fields": {"descripcion": "DATOS GENERALES DEL INMUEBLE", "nombre": "DATOS GENERALES DEL INMUEBLE", "entrada": [76, 77, 78, 79, 80, 81, 82, 83, 84, 85, 86, 87, 88, 89, 90, 91, 92, 93, 94, 95, 96, 97, 98, 99]}, "model": "registro.ficha", "pk": 16}, {"fields": {"descripcion": "DESCRIPCI\u00d3N DEL INMUEBLE", "nombre": "DESCRIPCI\u00d3N DEL INMUEBLE", "entrada": [19, 100, 101, 102, 103, 104, 105, 106, 107, 108, 109, 110, 111, 112, 113, 114, 115, 116, 117, 118, 119, 120, 121, 122, 123, 124, 125, 126, 127, 128, 129, 130, 131]}, "model": "registro.ficha", "pk": 17}, {"fields": {"descripcion": "", "nombre": "FICHA TEST 1", "entrada": [132]}, "model": "registro.ficha", "pk": 18}, {"fields": {"descripcion": "", "nombre": "FICHA TEST 2", "entrada": [133]}, "model": "registro.ficha", "pk": 19}, {"fields": {"descripcion": "", "nombre": "SECCION TEST FOTO", "entrada": [19]}, "model": "registro.ficha", "pk": 20}, {"fields": {"descripcion": "", "nombre": "FICHA 2 ENTRADA DINAMICA PEDIDO", "entrada": [134]}, "model": "registro.ficha", "pk": 21}, {"fields": {"descripcion": "", "nombre": "Contractor", "entrada": [135, 136, 137, 138, 139, 140, 141, 143, 178, 179, 181, 182]}, "model": "registro.ficha", "pk": 22}, {"fields": {"descripcion": "EMPLOYMENT - THIS REPORTING PERIOD (MONTHLY)", "nombre": "Work hours of employment", "entrada": [144, 145, 148, 149, 150, 151, 152, 153, 154, 155, 156, 157]}, "model": "registro.ficha", "pk": 23}, {"fields": {"descripcion": "", "nombre": "3. NUMBER OF EMPLOYEES", "entrada": [156, 157, 158, 159]}, "model": "registro.ficha", "pk": 24}, {"fields": {"descripcion": "", "nombre": "Client Info", "entrada": [160, 161]}, "model": "registro.ficha", "pk": 25}, {"fields": {"descripcion": "", "nombre": "Vehicle data", "entrada": [162, 163, 164, 165, 166, 167]}, "model": "registro.ficha", "pk": 26}, {"fields": {"descripcion": "Esta seccion tiene el calculo del pedido del clien", "nombre": "Seccion Orden Venta", "entrada": [173]}, "model": "registro.ficha", "pk": 28}, {"fields": {"descripcion": "", "nombre": "Informaci\u00f3n del cliente", "entrada": [34, 38, 184, 185]}, "model": "registro.ficha", "pk": 29}, {"fields": {"descripcion": "", "nombre": "Informaci\u00f3n del vehiculo", "entrada": [186, 187, 188, 189, 190, 191]}, "model": "registro.ficha", "pk": 30}, {"fields": {"descripcion": "", "nombre": "Inventario de vehiculo", "entrada": [192, 193, 194, 207]}, "model": "registro.ficha", "pk": 31}, {"fields": {"descripcion": "", "nombre": "Arreglo / Convenio", "entrada": [195, 196, 197, 198, 199, 200, 201]}, "model": "registro.ficha", "pk": 32}, {"fields": {"descripcion": "", "nombre": "Rayones del carro", "entrada": [202, 203, 204, 205, 206]}, "model": "registro.ficha", "pk": 33}, {"fields": {"descripcion": "", "nombre": "Seccion Detalle Sugerencia", "entrada": [19, 208, 209, 211]}, "model": "registro.ficha", "pk": 34}, {"fields": {"tipo": "1", "respuesta": [1, 2], "defecto": "", "precargado": "NO", "minimo": "", "maximo": "", "requerido": "SI", "descripcion": "entrada 1", "nombre": "entrada 1", "validacion": "", "form_asociado": null}, "model": "registro.entrada", "pk": 1}, {"fields": {"tipo": "1", "respuesta": [3], "defecto": "", "precargado": "NO", "minimo": "", "maximo": "", "requerido": "SI", "descripcion": "entrada 2", "nombre": "entrada 2", "validacion": "", "form_asociado": null}, "model": "registro.entrada", "pk": 2}, {"fields": {"tipo": "3", "respuesta": [3], "defecto": "", "precargado": "NO", "minimo": "", "maximo": "", "requerido": "SI", "descripcion": "entrada 3", "nombre": "entrada 3", "validacion": "", "form_asociado": null}, "model": "registro.entrada", "pk": 3}, {"fields": {"tipo": "1", "respuesta": [], "defecto": "", "precargado": "NO", "minimo": "", "maximo": "", "requerido": "SI", "descripcion": "", "nombre": "nombre", "validacion": "", "form_asociado": null}, "model": "registro.entrada", "pk": 5}, {"fields": {"tipo": "1", "respuesta": [], "defecto": "", "precargado": "NO", "minimo": "", "maximo": "", "requerido": "SI", "descripcion": "", "nombre": "id", "validacion": "", "form_asociado": null}, "model": "registro.entrada", "pk": 6}, {"fields": {"tipo": "1", "respuesta": [], "defecto": "", "precargado": "NO", "minimo": "", "maximo": "", "requerido": "SI", "descripcion": "", "nombre": "proveedor", "validacion": "", "form_asociado": null}, "model": "registro.entrada", "pk": 7}, {"fields": {"tipo": "1", "respuesta": [], "defecto": "", "precargado": "NO", "minimo": "", "maximo": "", "requerido": "SI", "descripcion": "", "nombre": "sub total", "validacion": "", "form_asociado": null}, "model": "registro.entrada", "pk": 8}, {"fields": {"tipo": "1", "respuesta": [], "defecto": "", "precargado": "NO", "minimo": "", "maximo": "", "requerido": "SI", "descripcion": "", "nombre": "iva", "validacion": "", "form_asociado": null}, "model": "registro.entrada", "pk": 9}, {"fields": {"tipo": "1", "respuesta": [], "defecto": "", "precargado": "NO", "minimo": "", "maximo": "", "requerido": "SI", "descripcion": "", "nombre": "total", "validacion": "", "form_asociado": null}, "model": "registro.entrada", "pk": 10}, {"fields": {"tipo": "1", "respuesta": [], "defecto": "", "precargado": "NO", "minimo": "", "maximo": "", "requerido": "SI", "descripcion": "INGRESE TEXT", "nombre": "TEXT", "validacion": "", "form_asociado": null}, "model": "registro.entrada", "pk": 14}, {"fields": {"tipo": "2", "respuesta": [], "defecto": "", "precargado": "NO", "minimo": "", "maximo": "", "requerido": "SI", "descripcion": "INGRESE PARRAFO", "nombre": "PARRAFO", "validacion": "", "form_asociado": null}, "model": "registro.entrada", "pk": 15}, {"fields": {"tipo": "3", "respuesta": [8, 9, 10], "defecto": "", "precargado": "NO", "minimo": "", "maximo": "", "requerido": "SI", "descripcion": "SELECCIONE SELECT", "nombre": "SELECT", "validacion": "", "form_asociado": null}, "model": "registro.entrada", "pk": 16}, {"fields": {"tipo": "4", "respuesta": [11, 12, 13], "defecto": "", "precargado": "NO", "minimo": "", "maximo": "", "requerido": "SI", "descripcion": "SELECCIONE RADIO", "nombre": "RADIO", "validacion": "", "form_asociado": null}, "model": "registro.entrada", "pk": 17}, {"fields": {"tipo": "5", "respuesta": [14, 15, 16], "defecto": "", "precargado": "NO", "minimo": "", "maximo": "", "requerido": "SI", "descripcion": "SELECCIONE CHECKBOX", "nombre": "CHECKBOX", "validacion": "", "form_asociado": null}, "model": "registro.entrada", "pk": 18}, {"fields": {"tipo": "6", "respuesta": [], "defecto": "", "precargado": "NO", "minimo": "", "maximo": "", "requerido": "SI", "descripcion": "INGRESE FOTO", "nombre": "FOTO", "validacion": "", "form_asociado": null}, "model": "registro.entrada", "pk": 19}, {"fields": {"tipo": "7", "respuesta": [], "defecto": "", "precargado": "NO", "minimo": "", "maximo": "", "requerido": "SI", "descripcion": "INGRESE FECHA", "nombre": "FECHA", "validacion": "", "form_asociado": null}, "model": "registro.entrada", "pk": 20}, {"fields": {"tipo": "8", "respuesta": [], "defecto": "", "precargado": "NO", "minimo": "", "maximo": "", "requerido": "SI", "descripcion": "INGRESE NUMERO", "nombre": "NUMERO", "validacion": "", "form_asociado": null}, "model": "registro.entrada", "pk": 21}, {"fields": {"tipo": "1", "respuesta": [], "defecto": "", "precargado": "NO", "minimo": "", "maximo": "", "requerido": "SI", "descripcion": "Enter test input", "nombre": "NOMBRE DE LA PERSONA", "validacion": "", "form_asociado": null}, "model": "registro.entrada", "pk": 22}, {"fields": {"tipo": "1", "respuesta": [], "defecto": "", "precargado": "NO", "minimo": "", "maximo": "", "requerido": "SI", "descripcion": "Ingrese su nombre", "nombre": "Cual es su nombre?", "validacion": "", "form_asociado": null}, "model": "registro.entrada", "pk": 23}, {"fields": {"tipo": "4", "respuesta": [17, 18, 19], "defecto": "", "precargado": "NO", "minimo": "", "maximo": "", "requerido": "SI", "descripcion": "Seleccione edad", "nombre": "Cual es su edad?", "validacion": "", "form_asociado": null}, "model": "registro.entrada", "pk": 24}, {"fields": {"tipo": "1", "respuesta": [], "defecto": "", "precargado": "NO", "minimo": "", "maximo": "", "requerido": "SI", "descripcion": "Ingrese telefono", "nombre": "TELEFONO", "validacion": "", "form_asociado": null}, "model": "registro.entrada", "pk": 25}, {"fields": {"tipo": "1", "respuesta": [], "defecto": "", "precargado": "NO", "minimo": "", "maximo": "", "requerido": "SI", "descripcion": "Ingrese C\u00e9dula de la persona", "nombre": "CEDULA", "validacion": "", "form_asociado": null}, "model": "registro.entrada", "pk": 26}, {"fields": {"tipo": "10", "respuesta": [], "defecto": "", "precargado": "NO", "minimo": "", "maximo": "", "requerido": "SI", "descripcion": "Esta es una entrada dinamica", "nombre": "EntradaDinamica", "validacion": "", "form_asociado": null}, "model": "registro.entrada", "pk": 27}, {"fields": {"tipo": "8", "respuesta": [], "defecto": "", "precargado": "NO", "minimo": "", "maximo": "", "requerido": "SI", "descripcion": "", "nombre": "Cod Cliente", "validacion": "", "form_asociado": null}, "model": "registro.entrada", "pk": 28}, {"fields": {"tipo": "2", "respuesta": [], "defecto": "", "precargado": "NO", "minimo": "", "maximo": "", "requerido": "SI", "descripcion": "", "nombre": "S/N Decodificador", "validacion": "", "form_asociado": null}, "model": "registro.entrada", "pk": 29}, {"fields": {"tipo": "2", "respuesta": [], "defecto": "", "precargado": "NO", "minimo": "", "maximo": "", "requerido": "SI", "descripcion": "", "nombre": "S/N Tarjeta", "validacion": "", "form_asociado": null}, "model": "registro.entrada", "pk": 30}, {"fields": {"tipo": "8", "respuesta": [], "defecto": "", "precargado": "NO", "minimo": "", "maximo": "", "requerido": "SI", "descripcion": "", "nombre": "Cables M2", "validacion": "", "form_asociado": null}, "model": "registro.entrada", "pk": 31}, {"fields": {"tipo": "6", "respuesta": [], "defecto": "", "precargado": "NO", "minimo": "", "maximo": "", "requerido": "SI", "descripcion": "", "nombre": "Fotos Internas", "validacion": "", "form_asociado": null}, "model": "registro.entrada", "pk": 32}, {"fields": {"tipo": "6", "respuesta": [], "defecto": "", "precargado": "NO", "minimo": "", "maximo": "", "requerido": "SI", "descripcion": "", "nombre": "Fotos Externas", "validacion": "", "form_asociado": null}, "model": "registro.entrada", "pk": 33}, {"fields": {"tipo": "7", "respuesta": [], "defecto": "", "precargado": "NO", "minimo": "", "maximo": "", "requerido": "SI", "descripcion": "", "nombre": "Fecha", "validacion": "", "form_asociado": null}, "model": "registro.entrada", "pk": 34}, {"fields": {"tipo": "1", "respuesta": [], "defecto": "", "precargado": "NO", "minimo": "", "maximo": "", "requerido": "SI", "descripcion": "", "nombre": "Propietario(a)", "validacion": "", "form_asociado": null}, "model": "registro.entrada", "pk": 35}, {"fields": {"tipo": "8", "respuesta": [], "defecto": "", "precargado": "NO", "minimo": "", "maximo": "", "requerido": "SI", "descripcion": "Ingrese los telefonos separados por coma (,)", "nombre": "Telefonos", "validacion": "", "form_asociado": null}, "model": "registro.entrada", "pk": 36}, {"fields": {"tipo": "4", "respuesta": [20, 21, 22, 23, 24, 25, 26], "defecto": "", "precargado": "NO", "minimo": "", "maximo": "", "requerido": "SI", "descripcion": "", "nombre": "Inmueble", "validacion": "", "form_asociado": null}, "model": "registro.entrada", "pk": 37}, {"fields": {"tipo": "1", "respuesta": [], "defecto": "", "precargado": "NO", "minimo": "", "maximo": "", "requerido": "SI", "descripcion": "", "nombre": "Direccion", "validacion": "", "form_asociado": null}, "model": "registro.entrada", "pk": 38}, {"fields": {"tipo": "1", "respuesta": [], "defecto": "", "precargado": "NO", "minimo": "", "maximo": "", "requerido": "SI", "descripcion": "", "nombre": "Barrio", "validacion": "", "form_asociado": null}, "model": "registro.entrada", "pk": 39}, {"fields": {"tipo": "1", "respuesta": [], "defecto": "", "precargado": "NO", "minimo": "", "maximo": "", "requerido": "SI", "descripcion": "", "nombre": "Nombre Copropiedad", "validacion": "", "form_asociado": null}, "model": "registro.entrada", "pk": 40}, {"fields": {"tipo": "8", "respuesta": [], "defecto": "", "precargado": "NO", "minimo": "", "maximo": "", "requerido": "SI", "descripcion": "", "nombre": "Canon", "validacion": "", "form_asociado": null}, "model": "registro.entrada", "pk": 41}, {"fields": {"tipo": "8", "respuesta": [], "defecto": "", "precargado": "NO", "minimo": "", "maximo": "", "requerido": "SI", "descripcion": "", "nombre": "Administracion", "validacion": "", "form_asociado": null}, "model": "registro.entrada", "pk": 42}, {"fields": {"tipo": "8", "respuesta": [], "defecto": "", "precargado": "NO", "minimo": "", "maximo": "", "requerido": "SI", "descripcion": "", "nombre": "Valor total", "validacion": "", "form_asociado": null}, "model": "registro.entrada", "pk": 43}, {"fields": {"tipo": "4", "respuesta": [27, 28], "defecto": "", "precargado": "NO", "minimo": "", "maximo": "", "requerido": "SI", "descripcion": "", "nombre": "Poliza Servicios Publicos", "validacion": "", "form_asociado": null}, "model": "registro.entrada", "pk": 44}, {"fields": {"tipo": "4", "respuesta": [27, 28], "defecto": "", "precargado": "NO", "minimo": "", "maximo": "", "requerido": "SI", "descripcion": "", "nombre": "Clasificados", "validacion": "", "form_asociado": null}, "model": "registro.entrada", "pk": 45}, {"fields": {"tipo": "8", "respuesta": [], "defecto": "", "precargado": "NO", "minimo": "", "maximo": "", "requerido": "SI", "descripcion": "", "nombre": "Valor", "validacion": "", "form_asociado": null}, "model": "registro.entrada", "pk": 46}, {"fields": {"tipo": "1", "respuesta": [], "defecto": "", "precargado": "NO", "minimo": "", "maximo": "", "requerido": "SI", "descripcion": "", "nombre": "Direccion Correspondencia", "validacion": "", "form_asociado": null}, "model": "registro.entrada", "pk": 47}, {"fields": {"tipo": "4", "respuesta": [29, 30], "defecto": "", "precargado": "NO", "minimo": "", "maximo": "", "requerido": "SI", "descripcion": "", "nombre": "Cuenta Tipo", "validacion": "", "form_asociado": null}, "model": "registro.entrada", "pk": 48}, {"fields": {"tipo": "8", "respuesta": [], "defecto": "", "precargado": "NO", "minimo": "", "maximo": "", "requerido": "SI", "descripcion": "", "nombre": "Numero Cuenta", "validacion": "", "form_asociado": null}, "model": "registro.entrada", "pk": 49}, {"fields": {"tipo": "1", "respuesta": [], "defecto": "", "precargado": "NO", "minimo": "", "maximo": "", "requerido": "SI", "descripcion": "", "nombre": "Entidad", "validacion": "", "form_asociado": null}, "model": "registro.entrada", "pk": 50}, {"fields": {"tipo": "2", "respuesta": [], "defecto": "", "precargado": "NO", "minimo": "", "maximo": "", "requerido": "SI", "descripcion": "", "nombre": "Observaciones", "validacion": "", "form_asociado": null}, "model": "registro.entrada", "pk": 51}, {"fields": {"tipo": "8", "respuesta": [], "defecto": "", "precargado": "NO", "minimo": "", "maximo": "", "requerido": "SI", "descripcion": "", "nombre": "Cedula propietario", "validacion": "", "form_asociado": null}, "model": "registro.entrada", "pk": 52}, {"fields": {"tipo": "4", "respuesta": [31, 32], "defecto": "", "precargado": "NO", "minimo": "", "maximo": "", "requerido": "SI", "descripcion": "", "nombre": "Aceptacion del propietario", "validacion": "", "form_asociado": null}, "model": "registro.entrada", "pk": 53}, {"fields": {"tipo": "11", "respuesta": [], "defecto": "", "precargado": "NO", "minimo": "", "maximo": "", "requerido": "SI", "descripcion": "", "nombre": "GPS TEST", "validacion": "", "form_asociado": null}, "model": "registro.entrada", "pk": 54}, {"fields": {"tipo": "4", "respuesta": [33, 34, 35, 36, 37, 38], "defecto": "", "precargado": "NO", "minimo": "", "maximo": "", "requerido": "SI", "descripcion": "", "nombre": "Estrato", "validacion": "", "form_asociado": null}, "model": "registro.entrada", "pk": 55}, {"fields": {"tipo": "1", "respuesta": [], "defecto": "", "precargado": "NO", "minimo": "", "maximo": "", "requerido": "SI", "descripcion": "", "nombre": "Matricula Inmobiliaria", "validacion": "", "form_asociado": null}, "model": "registro.entrada", "pk": 56}, {"fields": {"tipo": "8", "respuesta": [], "defecto": "", "precargado": "NO", "minimo": "", "maximo": "", "requerido": "SI", "descripcion": "", "nombre": "Avaluo Catastral", "validacion": "", "form_asociado": null}, "model": "registro.entrada", "pk": 57}, {"fields": {"tipo": "8", "respuesta": [], "defecto": "", "precargado": "NO", "minimo": "", "maximo": "", "requerido": "SI", "descripcion": "", "nombre": "Avaluo Comercial", "validacion": "", "form_asociado": null}, "model": "registro.entrada", "pk": 58}, {"fields": {"tipo": "8", "respuesta": [], "defecto": "", "precargado": "NO", "minimo": "", "maximo": "", "requerido": "SI", "descripcion": "", "nombre": "Area Lote", "validacion": "", "form_asociado": null}, "model": "registro.entrada", "pk": 59}, {"fields": {"tipo": "8", "respuesta": [], "defecto": "", "precargado": "NO", "minimo": "", "maximo": "", "requerido": "SI", "descripcion": "", "nombre": "Area Construida", "validacion": "", "form_asociado": null}, "model": "registro.entrada", "pk": 60}, {"fields": {"tipo": "8", "respuesta": [], "defecto": "", "precargado": "NO", "minimo": "", "maximo": "", "requerido": "SI", "descripcion": "", "nombre": "Area Privada", "validacion": "", "form_asociado": null}, "model": "registro.entrada", "pk": 61}, {"fields": {"tipo": "8", "respuesta": [], "defecto": "", "precargado": "NO", "minimo": "", "maximo": "", "requerido": "SI", "descripcion": "", "nombre": "A\u00f1o de construccion", "validacion": "", "form_asociado": null}, "model": "registro.entrada", "pk": 62}, {"fields": {"tipo": "1", "respuesta": [], "defecto": "", "precargado": "NO", "minimo": "", "maximo": "", "requerido": "SI", "descripcion": "", "nombre": "Ubicaci\u00f3n Llaves", "validacion": "", "form_asociado": null}, "model": "registro.entrada", "pk": 63}, {"fields": {"tipo": "8", "respuesta": [], "defecto": "", "precargado": "NO", "minimo": "", "maximo": "", "requerido": "SI", "descripcion": "", "nombre": "Frente", "validacion": "", "form_asociado": null}, "model": "registro.entrada", "pk": 64}, {"fields": {"tipo": "8", "respuesta": [], "defecto": "", "precargado": "NO", "minimo": "", "maximo": "", "requerido": "SI", "descripcion": "", "nombre": "Fondo", "validacion": "", "form_asociado": null}, "model": "registro.entrada", "pk": 65}, {"fields": {"tipo": "8", "respuesta": [], "defecto": "", "precargado": "NO", "minimo": "", "maximo": "", "requerido": "SI", "descripcion": "", "nombre": "Telefono Porter\u00eda", "validacion": "", "form_asociado": null}, "model": "registro.entrada", "pk": 66}, {"fields": {"tipo": "1", "respuesta": [], "defecto": "", "precargado": "NO", "minimo": "", "maximo": "", "requerido": "SI", "descripcion": "", "nombre": "Contacto de visita", "validacion": "", "form_asociado": null}, "model": "registro.entrada", "pk": 67}, {"fields": {"tipo": "1", "respuesta": [], "defecto": "", "precargado": "NO", "minimo": "", "maximo": "", "requerido": "SI", "descripcion": "", "nombre": "Horario", "validacion": "", "form_asociado": null}, "model": "registro.entrada", "pk": 68}, {"fields": {"tipo": "8", "respuesta": [], "defecto": "", "precargado": "NO", "minimo": "", "maximo": "", "requerido": "SI", "descripcion": "", "nombre": "Celular", "validacion": "", "form_asociado": null}, "model": "registro.entrada", "pk": 69}, {"fields": {"tipo": "8", "respuesta": [], "defecto": "", "precargado": "NO", "minimo": "", "maximo": "", "requerido": "SI", "descripcion": "", "nombre": "Precio de venta", "validacion": "", "form_asociado": null}, "model": "registro.entrada", "pk": 70}, {"fields": {"tipo": "8", "respuesta": [], "defecto": "", "precargado": "NO", "minimo": "", "maximo": "", "requerido": "SI", "descripcion": "", "nombre": "Cta. Admon", "validacion": "", "form_asociado": null}, "model": "registro.entrada", "pk": 71}, {"fields": {"tipo": "4", "respuesta": [27, 28], "defecto": "", "precargado": "NO", "minimo": "", "maximo": "", "requerido": "SI", "descripcion": "", "nombre": "Hipoteca", "validacion": "", "form_asociado": null}, "model": "registro.entrada", "pk": 72}, {"fields": {"tipo": "8", "respuesta": [], "defecto": "", "precargado": "NO", "minimo": "", "maximo": "", "requerido": "SI", "descripcion": "", "nombre": "Valor Hipoteca", "validacion": "", "form_asociado": null}, "model": "registro.entrada", "pk": 73}, {"fields": {"tipo": "1", "respuesta": [], "defecto": "", "precargado": "NO", "minimo": "", "maximo": "", "requerido": "SI", "descripcion": "", "nombre": "Banco Hipoteca", "validacion": "", "form_asociado": null}, "model": "registro.entrada", "pk": 74}, {"fields": {"tipo": "1", "respuesta": [], "defecto": "", "precargado": "NO", "minimo": "", "maximo": "", "requerido": "SI", "descripcion": "", "nombre": "Otro gravamen", "validacion": "", "form_asociado": null}, "model": "registro.entrada", "pk": 75}, {"fields": {"tipo": "8", "respuesta": [], "defecto": "", "precargado": "NO", "minimo": "", "maximo": "", "requerido": "SI", "descripcion": "", "nombre": "Pisos del edificio", "validacion": "", "form_asociado": null}, "model": "registro.entrada", "pk": 76}, {"fields": {"tipo": "8", "respuesta": [], "defecto": "", "precargado": "NO", "minimo": "", "maximo": "", "requerido": "SI", "descripcion": "", "nombre": "Aptos por piso", "validacion": "", "form_asociado": null}, "model": "registro.entrada", "pk": 77}, {"fields": {"tipo": "4", "respuesta": [27, 28], "defecto": "", "precargado": "NO", "minimo": "", "maximo": "", "requerido": "SI", "descripcion": "", "nombre": "Ascensor", "validacion": "", "form_asociado": null}, "model": "registro.entrada", "pk": 78}, {"fields": {"tipo": "4", "respuesta": [27, 28], "defecto": "", "precargado": "NO", "minimo": "", "maximo": "", "requerido": "SI", "descripcion": "", "nombre": "Escaleras", "validacion": "", "form_asociado": null}, "model": "registro.entrada", "pk": 79}, {"fields": {"tipo": "8", "respuesta": [], "defecto": "", "precargado": "NO", "minimo": "", "maximo": "", "requerido": "SI", "descripcion": "", "nombre": "Parqueaderos privados", "validacion": "", "form_asociado": null}, "model": "registro.entrada", "pk": 80}, {"fields": {"tipo": "4", "respuesta": [39, 40], "defecto": "", "precargado": "NO", "minimo": "", "maximo": "", "requerido": "SI", "descripcion": "", "nombre": "Tipo parqueadero", "validacion": "", "form_asociado": null}, "model": "registro.entrada", "pk": 81}, {"fields": {"tipo": "8", "respuesta": [], "defecto": "", "precargado": "NO", "minimo": "", "maximo": "", "requerido": "SI", "descripcion": "", "nombre": "Parqueaderos visitantes", "validacion": "", "form_asociado": null}, "model": "registro.entrada", "pk": 82}, {"fields": {"tipo": "4", "respuesta": [39, 40], "defecto": "", "precargado": "NO", "minimo": "", "maximo": "", "requerido": "SI", "descripcion": "", "nombre": "Tipo parqueadero visitantes", "validacion": "", "form_asociado": null}, "model": "registro.entrada", "pk": 83}, {"fields": {"tipo": "4", "respuesta": [27, 28], "defecto": "", "precargado": "NO", "minimo": "", "maximo": "", "requerido": "SI", "descripcion": "", "nombre": "Vigilancia", "validacion": "", "form_asociado": null}, "model": "registro.entrada", "pk": 84}, {"fields": {"tipo": "4", "respuesta": [27, 28], "defecto": "", "precargado": "NO", "minimo": "", "maximo": "", "requerido": "SI", "descripcion": "", "nombre": "Circuito cerrado tv", "validacion": "", "form_asociado": null}, "model": "registro.entrada", "pk": 85}, {"fields": {"tipo": "4", "respuesta": [27, 28], "defecto": "", "precargado": "NO", "minimo": "", "maximo": "", "requerido": "SI", "descripcion": "", "nombre": "Citofono", "validacion": "", "form_asociado": null}, "model": "registro.entrada", "pk": 86}, {"fields": {"tipo": "4", "respuesta": [27, 28], "defecto": "", "precargado": "NO", "minimo": "", "maximo": "", "requerido": "SI", "descripcion": "", "nombre": "Recepci\u00f3n-porter\u00eda", "validacion": "", "form_asociado": null}, "model": "registro.entrada", "pk": 87}, {"fields": {"tipo": "4", "respuesta": [27, 28], "defecto": "", "precargado": "NO", "minimo": "", "maximo": "", "requerido": "SI", "descripcion": "", "nombre": "Puerta Seguridad", "validacion": "", "form_asociado": null}, "model": "registro.entrada", "pk": 88}, {"fields": {"tipo": "4", "respuesta": [27, 28], "defecto": "", "precargado": "NO", "minimo": "", "maximo": "", "requerido": "SI", "descripcion": "", "nombre": "Alarma", "validacion": "", "form_asociado": null}, "model": "registro.entrada", "pk": 89}, {"fields": {"tipo": "4", "respuesta": [27, 28], "defecto": "", "precargado": "NO", "minimo": "", "maximo": "", "requerido": "SI", "descripcion": "", "nombre": "Sede social", "validacion": "", "form_asociado": null}, "model": "registro.entrada", "pk": 90}, {"fields": {"tipo": "4", "respuesta": [27, 28], "defecto": "", "precargado": "NO", "minimo": "", "maximo": "", "requerido": "SI", "descripcion": "", "nombre": "Piscina", "validacion": "", "form_asociado": null}, "model": "registro.entrada", "pk": 91}, {"fields": {"tipo": "4", "respuesta": [27, 28], "defecto": "", "precargado": "NO", "minimo": "", "maximo": "", "requerido": "SI", "descripcion": "", "nombre": "Zona Infantil", "validacion": "", "form_asociado": null}, "model": "registro.entrada", "pk": 92}, {"fields": {"tipo": "4", "respuesta": [27, 28], "defecto": "", "precargado": "NO", "minimo": "", "maximo": "", "requerido": "SI", "descripcion": "", "nombre": "Jacuzzi", "validacion": "", "form_asociado": null}, "model": "registro.entrada", "pk": 93}, {"fields": {"tipo": "4", "respuesta": [27, 28], "defecto": "", "precargado": "NO", "minimo": "", "maximo": "", "requerido": "SI", "descripcion": "", "nombre": "Gimnasio", "validacion": "", "form_asociado": null}, "model": "registro.entrada", "pk": 94}, {"fields": {"tipo": "4", "respuesta": [27, 28], "defecto": "", "precargado": "NO", "minimo": "", "maximo": "", "requerido": "SI", "descripcion": "", "nombre": "Planta el\u00e9ctrica", "validacion": "", "form_asociado": null}, "model": "registro.entrada", "pk": 95}, {"fields": {"tipo": "4", "respuesta": [27, 28], "defecto": "", "precargado": "NO", "minimo": "", "maximo": "", "requerido": "SI", "descripcion": "", "nombre": "Sauna", "validacion": "", "form_asociado": null}, "model": "registro.entrada", "pk": 96}, {"fields": {"tipo": "4", "respuesta": [27, 28], "defecto": "", "precargado": "NO", "minimo": "", "maximo": "", "requerido": "SI", "descripcion": "", "nombre": "Turco", "validacion": "", "form_asociado": null}, "model": "registro.entrada", "pk": 97}, {"fields": {"tipo": "4", "respuesta": [27, 28], "defecto": "", "precargado": "NO", "minimo": "", "maximo": "", "requerido": "SI", "descripcion": "", "nombre": "Lavanderia", "validacion": "", "form_asociado": null}, "model": "registro.entrada", "pk": 98}, {"fields": {"tipo": "1", "respuesta": [], "defecto": "", "precargado": "NO", "minimo": "", "maximo": "", "requerido": "SI", "descripcion": "", "nombre": "Otros", "validacion": "", "form_asociado": null}, "model": "registro.entrada", "pk": 99}, {"fields": {"tipo": "8", "respuesta": [], "defecto": "", "precargado": "NO", "minimo": "", "maximo": "", "requerido": "SI", "descripcion": "", "nombre": "Total alcobas", "validacion": "", "form_asociado": null}, "model": "registro.entrada", "pk": 100}, {"fields": {"tipo": "8", "respuesta": [], "defecto": "", "precargado": "NO", "minimo": "", "maximo": "", "requerido": "SI", "descripcion": "", "nombre": "Total ba\u00f1os", "validacion": "", "form_asociado": null}, "model": "registro.entrada", "pk": 101}, {"fields": {"tipo": "4", "respuesta": [27, 28], "defecto": "", "precargado": "NO", "minimo": "", "maximo": "", "requerido": "SI", "descripcion": "", "nombre": "Sala comedor", "validacion": "", "form_asociado": null}, "model": "registro.entrada", "pk": 102}, {"fields": {"tipo": "4", "respuesta": [27, 28], "defecto": "", "precargado": "NO", "minimo": "", "maximo": "", "requerido": "SI", "descripcion": "", "nombre": "Biblioteca / Estudio", "validacion": "", "form_asociado": null}, "model": "registro.entrada", "pk": 103}, {"fields": {"tipo": "4", "respuesta": [27, 28], "defecto": "", "precargado": "NO", "minimo": "", "maximo": "", "requerido": "SI", "descripcion": "", "nombre": "Estadero", "validacion": "", "form_asociado": null}, "model": "registro.entrada", "pk": 104}, {"fields": {"tipo": "4", "respuesta": [27, 28], "defecto": "", "precargado": "NO", "minimo": "", "maximo": "", "requerido": "SI", "descripcion": "", "nombre": "Alcoba servicio", "validacion": "", "form_asociado": null}, "model": "registro.entrada", "pk": 105}, {"fields": {"tipo": "4", "respuesta": [27, 28], "defecto": "", "precargado": "NO", "minimo": "", "maximo": "", "requerido": "SI", "descripcion": "", "nombre": "Ba\u00f1o servicio", "validacion": "", "form_asociado": null}, "model": "registro.entrada", "pk": 106}, {"fields": {"tipo": "4", "respuesta": [27, 28], "defecto": "", "precargado": "NO", "minimo": "", "maximo": "", "requerido": "SI", "descripcion": "", "nombre": "Deposito", "validacion": "", "form_asociado": null}, "model": "registro.entrada", "pk": 107}, {"fields": {"tipo": "4", "respuesta": [27, 28], "defecto": "", "precargado": "NO", "minimo": "", "maximo": "", "requerido": "SI", "descripcion": "", "nombre": "Cocina tradicional", "validacion": "", "form_asociado": null}, "model": "registro.entrada", "pk": 108}, {"fields": {"tipo": "4", "respuesta": [27, 28], "defecto": "", "precargado": "NO", "minimo": "", "maximo": "", "requerido": "SI", "descripcion": "", "nombre": "Cocina Integral", "validacion": "", "form_asociado": null}, "model": "registro.entrada", "pk": 109}, {"fields": {"tipo": "4", "respuesta": [27, 28], "defecto": "", "precargado": "NO", "minimo": "", "maximo": "", "requerido": "SI", "descripcion": "", "nombre": "Cocina abierta", "validacion": "", "form_asociado": null}, "model": "registro.entrada", "pk": 110}, {"fields": {"tipo": "4", "respuesta": [27, 28], "defecto": "", "precargado": "NO", "minimo": "", "maximo": "", "requerido": "SI", "descripcion": "", "nombre": "Horno", "validacion": "", "form_asociado": null}, "model": "registro.entrada", "pk": 111}, {"fields": {"tipo": "4", "respuesta": [27, 28], "defecto": "", "precargado": "NO", "minimo": "", "maximo": "", "requerido": "SI", "descripcion": "", "nombre": "Gas", "validacion": "", "form_asociado": null}, "model": "registro.entrada", "pk": 112}, {"fields": {"tipo": "4", "respuesta": [27, 28], "defecto": "", "precargado": "NO", "minimo": "", "maximo": "", "requerido": "SI", "descripcion": "", "nombre": "Calentador", "validacion": "", "form_asociado": null}, "model": "registro.entrada", "pk": 113}, {"fields": {"tipo": "4", "respuesta": [27, 28], "defecto": "", "precargado": "NO", "minimo": "", "maximo": "", "requerido": "SI", "descripcion": "", "nombre": "Campana", "validacion": "", "form_asociado": null}, "model": "registro.entrada", "pk": 114}, {"fields": {"tipo": "4", "respuesta": [27, 28], "defecto": "", "precargado": "NO", "minimo": "", "maximo": "", "requerido": "SI", "descripcion": "", "nombre": "Zona de oficios", "validacion": "", "form_asociado": null}, "model": "registro.entrada", "pk": 115}, {"fields": {"tipo": "1", "respuesta": [], "defecto": "", "precargado": "NO", "minimo": "", "maximo": "", "requerido": "SI", "descripcion": "", "nombre": "Pisos tipo", "validacion": "", "form_asociado": null}, "model": "registro.entrada", "pk": 116}, {"fields": {"tipo": "4", "respuesta": [27, 28], "defecto": "", "precargado": "NO", "minimo": "", "maximo": "", "requerido": "SI", "descripcion": "", "nombre": "Terraza", "validacion": "", "form_asociado": null}, "model": "registro.entrada", "pk": 117}, {"fields": {"tipo": "4", "respuesta": [27, 28], "defecto": "", "precargado": "NO", "minimo": "", "maximo": "", "requerido": "SI", "descripcion": "", "nombre": "Balc\u00f3n", "validacion": "", "form_asociado": null}, "model": "registro.entrada", "pk": 118}, {"fields": {"tipo": "4", "respuesta": [27, 28], "defecto": "", "precargado": "NO", "minimo": "", "maximo": "", "requerido": "SI", "descripcion": "", "nombre": "Patio", "validacion": "", "form_asociado": null}, "model": "registro.entrada", "pk": 119}, {"fields": {"tipo": "4", "respuesta": [27, 28], "defecto": "", "precargado": "NO", "minimo": "", "maximo": "", "requerido": "SI", "descripcion": "", "nombre": "Jardin", "validacion": "", "form_asociado": null}, "model": "registro.entrada", "pk": 120}, {"fields": {"tipo": "4", "respuesta": [27, 28], "defecto": "", "precargado": "NO", "minimo": "", "maximo": "", "requerido": "SI", "descripcion": "", "nombre": "Aire acondicionado", "validacion": "", "form_asociado": null}, "model": "registro.entrada", "pk": 121}, {"fields": {"tipo": "4", "respuesta": [27, 28], "defecto": "", "precargado": "NO", "minimo": "", "maximo": "", "requerido": "SI", "descripcion": "", "nombre": "Piscina privada", "validacion": "", "form_asociado": null}, "model": "registro.entrada", "pk": 122}, {"fields": {"tipo": "4", "respuesta": [27, 28], "defecto": "", "precargado": "NO", "minimo": "", "maximo": "", "requerido": "SI", "descripcion": "", "nombre": "Jacuzzi privado", "validacion": "", "form_asociado": null}, "model": "registro.entrada", "pk": 123}, {"fields": {"tipo": "4", "respuesta": [27, 28], "defecto": "", "precargado": "NO", "minimo": "", "maximo": "", "requerido": "SI", "descripcion": "", "nombre": "Vista privada", "validacion": "", "form_asociado": null}, "model": "registro.entrada", "pk": 124}, {"fields": {"tipo": "1", "respuesta": [], "defecto": "", "precargado": "NO", "minimo": "", "maximo": "", "requerido": "SI", "descripcion": "", "nombre": "Acabados cocina", "validacion": "", "form_asociado": null}, "model": "registro.entrada", "pk": 125}, {"fields": {"tipo": "1", "respuesta": [], "defecto": "", "precargado": "NO", "minimo": "", "maximo": "", "requerido": "SI", "descripcion": "", "nombre": "Acabados ba\u00f1o", "validacion": "", "form_asociado": null}, "model": "registro.entrada", "pk": 126}, {"fields": {"tipo": "2", "respuesta": [], "defecto": "", "precargado": "NO", "minimo": "", "maximo": "", "requerido": "SI", "descripcion": "", "nombre": "OBSERVACIONES", "validacion": "", "form_asociado": null}, "model": "registro.entrada", "pk": 127}, {"fields": {"tipo": "1", "respuesta": [], "defecto": "", "precargado": "NO", "minimo": "", "maximo": "", "requerido": "SI", "descripcion": "", "nombre": "Nombre Captador", "validacion": "", "form_asociado": null}, "model": "registro.entrada", "pk": 128}, {"fields": {"tipo": "8", "respuesta": [], "defecto": "", "precargado": "NO", "minimo": "", "maximo": "", "requerido": "SI", "descripcion": "", "nombre": "Celular captador", "validacion": "", "form_asociado": null}, "model": "registro.entrada", "pk": 129}, {"fields": {"tipo": "7", "respuesta": [], "defecto": "", "precargado": "NO", "minimo": "", "maximo": "", "requerido": "SI", "descripcion": "", "nombre": "Fecha Captaci\u00f3n", "validacion": "", "form_asociado": null}, "model": "registro.entrada", "pk": 130}, {"fields": {"tipo": "1", "respuesta": [], "defecto": "", "precargado": "NO", "minimo": "", "maximo": "", "requerido": "SI", "descripcion": "", "nombre": "C\u00f3digo web", "validacion": "", "form_asociado": null}, "model": "registro.entrada", "pk": 131}, {"fields": {"tipo": "1", "respuesta": [], "defecto": "", "precargado": "NO", "minimo": "", "maximo": "", "requerido": "SI", "descripcion": "", "nombre": "ENTRADA TEST 1", "validacion": "", "form_asociado": null}, "model": "registro.entrada", "pk": 132}, {"fields": {"tipo": "1", "respuesta": [], "defecto": "", "precargado": "NO", "minimo": "", "maximo": "", "requerido": "SI", "descripcion": "", "nombre": "ENTRADA TEST 2", "validacion": "", "form_asociado": null}, "model": "registro.entrada", "pk": 133}, {"fields": {"tipo": "4", "respuesta": [8, 9, 10], "defecto": "", "precargado": "NO", "minimo": "", "maximo": "", "requerido": "SI", "descripcion": "", "nombre": "PEDIDO", "validacion": "", "form_asociado": null}, "model": "registro.entrada", "pk": 134}, {"fields": {"tipo": "1", "respuesta": [], "defecto": "", "precargado": "NO", "minimo": "", "maximo": "", "requerido": "SI", "descripcion": "", "nombre": "Contract No.", "validacion": "", "form_asociado": null}, "model": "registro.entrada", "pk": 135}, {"fields": {"tipo": "1", "respuesta": [], "defecto": "", "precargado": "NO", "minimo": "", "maximo": "", "requerido": "SI", "descripcion": "", "nombre": "PIN", "validacion": "", "form_asociado": null}, "model": "registro.entrada", "pk": 136}, {"fields": {"tipo": "1", "respuesta": [], "defecto": "", "precargado": "NO", "minimo": "", "maximo": "", "requerido": "SI", "descripcion": "", "nombre": "  Contractor", "validacion": "", "form_asociado": null}, "model": "registro.entrada", "pk": 137}, {"fields": {"tipo": "1", "respuesta": [], "defecto": "", "precargado": "NO", "minimo": "", "maximo": "", "requerido": "SI", "descripcion": "", "nombre": "Federal EIN", "validacion": "", "form_asociado": null}, "model": "registro.entrada", "pk": 138}, {"fields": {"tipo": "4", "respuesta": [60, 61, 62, 63, 64, 65, 66, 67, 68, 69, 70, 71, 72, 73, 74, 75, 76, 77, 78, 79, 80, 81, 82, 83, 84, 85, 86, 87, 88, 89, 90, 91, 92, 93, 94, 95, 96, 97, 98, 99, 100, 101, 102, 103, 104, 105, 106, 107, 108, 109, 110, 111, 112, 113, 114, 115, 116, 117, 118, 119, 120, 121], "defecto": "", "precargado": "NO", "minimo": "", "maximo": "", "requerido": "SI", "descripcion": "", "nombre": "County", "validacion": "", "form_asociado": null}, "model": "registro.entrada", "pk": 139}, {"fields": {"tipo": "8", "respuesta": [], "defecto": "", "precargado": "NO", "minimo": "0", "maximo": "100", "requerido": "SI", "descripcion": "", "nombre": "Minority Goal\t(%)", "validacion": "140>141", "form_asociado": null}, "model": "registro.entrada", "pk": 140}, {"fields": {"tipo": "8", "respuesta": [], "defecto": "", "precargado": "NO", "minimo": "0", "maximo": "100", "requerido": "SI", "descripcion": "", "nombre": "Female Goal (%)", "validacion": "141<140", "form_asociado": null}, "model": "registro.entrada", "pk": 141}, {"fields": {"tipo": "7", "respuesta": [], "defecto": "", "precargado": "NO", "minimo": "", "maximo": "", "requerido": "SI", "descripcion": "", "nombre": "Date", "validacion": "", "form_asociado": null}, "model": "registro.entrada", "pk": 142}, {"fields": {"tipo": "4", "respuesta": [28, 44], "defecto": "", "precargado": "NO", "minimo": "", "maximo": "", "requerido": "SI", "descripcion": "", "nombre": "Final Report?", "validacion": "", "form_asociado": null}, "model": "registro.entrada", "pk": 143}, {"fields": {"tipo": "4", "respuesta": [48, 49, 50, 51, 52, 53, 54, 55, 56, 57], "defecto": "", "precargado": "NO", "minimo": "", "maximo": "", "requerido": "SI", "descripcion": "", "nombre": "TRADE", "validacion": "", "form_asociado": null}, "model": "registro.entrada", "pk": 144}, {"fields": {"tipo": "4", "respuesta": [58, 59], "defecto": "", "precargado": "NO", "minimo": "", "maximo": "", "requerido": "SI", "descripcion": "", "nombre": "Level", "validacion": "", "form_asociado": null}, "model": "registro.entrada", "pk": 145}, {"fields": {"tipo": "8", "respuesta": [], "defecto": "", "precargado": "NO", "minimo": "", "maximo": "", "requerido": "NO", "descripcion": "", "nombre": "TOTAL M", "validacion": "", "form_asociado": null}, "model": "registro.entrada", "pk": 146}, {"fields": {"tipo": "8", "respuesta": [], "defecto": "", "precargado": "NO", "minimo": "", "maximo": "", "requerido": "NO", "descripcion": "", "nombre": "TOTAL F", "validacion": "", "form_asociado": null}, "model": "registro.entrada", "pk": 147}, {"fields": {"tipo": "8", "respuesta": [], "defecto": "", "precargado": "NO", "minimo": "", "maximo": "", "requerido": "NO", "descripcion": "", "nombre": "Black M", "validacion": "", "form_asociado": null}, "model": "registro.entrada", "pk": 148}, {"fields": {"tipo": "8", "respuesta": [], "defecto": "", "precargado": "NO", "minimo": "", "maximo": "", "requerido": "NO", "descripcion": "", "nombre": "Black F", "validacion": "", "form_asociado": null}, "model": "registro.entrada", "pk": 149}, {"fields": {"tipo": "8", "respuesta": [], "defecto": "", "precargado": "NO", "minimo": "", "maximo": "", "requerido": "NO", "descripcion": "", "nombre": "Hispanic M", "validacion": "", "form_asociado": null}, "model": "registro.entrada", "pk": 150}, {"fields": {"tipo": "8", "respuesta": [], "defecto": "", "precargado": "NO", "minimo": "", "maximo": "", "requerido": "NO", "descripcion": "", "nombre": "Hispanic F", "validacion": "", "form_asociado": null}, "model": "registro.entrada", "pk": 151}, {"fields": {"tipo": "8", "respuesta": [], "defecto": "", "precargado": "NO", "minimo": "", "maximo": "", "requerido": "NO", "descripcion": "", "nombre": "Asian or Pacific Islander M", "validacion": "", "form_asociado": null}, "model": "registro.entrada", "pk": 152}, {"fields": {"tipo": "8", "respuesta": [], "defecto": "", "precargado": "NO", "minimo": "", "maximo": "", "requerido": "NO", "descripcion": "", "nombre": "Asian or Pacific Islander F", "validacion": "", "form_asociado": null}, "model": "registro.entrada", "pk": 153}, {"fields": {"tipo": "8", "respuesta": [], "defecto": "", "precargado": "NO", "minimo": "", "maximo": "", "requerido": "NO", "descripcion": "", "nombre": "American Indian or Alaskan Native M", "validacion": "", "form_asociado": null}, "model": "registro.entrada", "pk": 154}, {"fields": {"tipo": "8", "respuesta": [], "defecto": "", "precargado": "NO", "minimo": "", "maximo": "", "requerido": "NO", "descripcion": "", "nombre": "American Indian or Alaskan Native F", "validacion": "", "form_asociado": null}, "model": "registro.entrada", "pk": 155}, {"fields": {"tipo": "8", "respuesta": [], "defecto": "", "precargado": "NO", "minimo": "", "maximo": "", "requerido": "NO", "descripcion": "", "nombre": "TOTAL EMPLOYEES M", "validacion": "156>=(148+150+152+154)", "form_asociado": null}, "model": "registro.entrada", "pk": 156}, {"fields": {"tipo": "8", "respuesta": [], "defecto": "", "precargado": "NO", "minimo": "", "maximo": "", "requerido": "NO", "descripcion": "", "nombre": "TOTAL EMPLOYEES F", "validacion": "157>=(149+151+153+155)", "form_asociado": null}, "model": "registro.entrada", "pk": 157}, {"fields": {"tipo": "8", "respuesta": [], "defecto": "", "precargado": "NO", "minimo": "", "maximo": "", "requerido": "NO", "descripcion": "", "nombre": "TOTAL MINORITY M", "validacion": "", "form_asociado": null}, "model": "registro.entrada", "pk": 158}, {"fields": {"tipo": "8", "respuesta": [], "defecto": "", "precargado": "NO", "minimo": "", "maximo": "", "requerido": "NO", "descripcion": "", "nombre": "TOTAL MINORITY F", "validacion": "", "form_asociado": null}, "model": "registro.entrada", "pk": 159}, {"fields": {"tipo": "1", "respuesta": [], "defecto": "", "precargado": "NO", "minimo": "", "maximo": "", "requerido": "SI", "descripcion": "", "nombre": "Name", "validacion": "", "form_asociado": null}, "model": "registro.entrada", "pk": 160}, {"fields": {"tipo": "8", "respuesta": [], "defecto": "", "precargado": "NO", "minimo": "", "maximo": "", "requerido": "SI", "descripcion": "", "nombre": "Phone", "validacion": "", "form_asociado": null}, "model": "registro.entrada", "pk": 161}, {"fields": {"tipo": "1", "respuesta": [], "defecto": "", "precargado": "NO", "minimo": "", "maximo": "", "requerido": "SI", "descripcion": "", "nombre": "Brand", "validacion": "", "form_asociado": null}, "model": "registro.entrada", "pk": 162}, {"fields": {"tipo": "1", "respuesta": [], "defecto": "", "precargado": "NO", "minimo": "", "maximo": "", "requerido": "SI", "descripcion": "", "nombre": "Tag", "validacion": "", "form_asociado": null}, "model": "registro.entrada", "pk": 163}, {"fields": {"tipo": "1", "respuesta": [], "defecto": "", "precargado": "NO", "minimo": "", "maximo": "", "requerido": "SI", "descripcion": "", "nombre": "Color", "validacion": "", "form_asociado": null}, "model": "registro.entrada", "pk": 164}, {"fields": {"tipo": "4", "respuesta": [122, 123, 124, 125, 126, 127, 128], "defecto": "", "precargado": "NO", "minimo": "", "maximo": "", "requerido": "SI", "descripcion": "", "nombre": "Services", "validacion": "", "form_asociado": null}, "model": "registro.entrada", "pk": 165}, {"fields": {"tipo": "4", "respuesta": [129, 130, 131, 132], "defecto": "", "precargado": "NO", "minimo": "", "maximo": "", "requerido": "SI", "descripcion": "", "nombre": "Vehicle size", "validacion": "", "form_asociado": null}, "model": "registro.entrada", "pk": 166}, {"fields": {"tipo": "2", "respuesta": [], "defecto": "", "precargado": "NO", "minimo": "", "maximo": "", "requerido": "SI", "descripcion": "", "nombre": "Notes", "validacion": "", "form_asociado": null}, "model": "registro.entrada", "pk": 167}, {"fields": {"tipo": "1", "respuesta": [], "defecto": "", "precargado": "NO", "minimo": "", "maximo": "", "requerido": "SI", "descripcion": "", "nombre": "Descripcion Producto", "validacion": "", "form_asociado": null}, "model": "registro.entrada", "pk": 168}, {"fields": {"tipo": "8", "respuesta": [], "defecto": "", "precargado": "NO", "minimo": "", "maximo": "", "requerido": "SI", "descripcion": "", "nombre": "Stock", "validacion": "", "form_asociado": null}, "model": "registro.entrada", "pk": 169}, {"fields": {"tipo": "1", "respuesta": [], "defecto": "", "precargado": "NO", "minimo": "", "maximo": "", "requerido": "SI", "descripcion": "", "nombre": "Unidad", "validacion": "", "form_asociado": null}, "model": "registro.entrada", "pk": 170}, {"fields": {"tipo": "8", "respuesta": [], "defecto": "", "precargado": "NO", "minimo": "", "maximo": "", "requerido": "SI", "descripcion": "", "nombre": "_PRECIO", "validacion": "", "form_asociado": null}, "model": "registro.entrada", "pk": 171}, {"fields": {"tipo": "8", "respuesta": [], "defecto": "", "precargado": "NO", "minimo": "", "maximo": "", "requerido": "SI", "descripcion": "", "nombre": "_IVA", "validacion": "", "form_asociado": null}, "model": "registro.entrada", "pk": 172}, {"fields": {"tipo": "11", "respuesta": [], "defecto": "", "precargado": "NO", "minimo": "", "maximo": "", "requerido": "SI", "descripcion": "Trae lista productos de otro formulario asociado", "nombre": "Productos entrada dinamica", "validacion": "", "form_asociado": null}, "model": "registro.entrada", "pk": 173}, {"fields": {"tipo": "8", "respuesta": [], "defecto": "", "precargado": "NO", "minimo": "", "maximo": "", "requerido": "SI", "descripcion": "", "nombre": "Cantidad", "validacion": "", "form_asociado": null}, "model": "registro.entrada", "pk": 174}, {"fields": {"tipo": "8", "respuesta": [], "defecto": "", "precargado": "NO", "minimo": "", "maximo": "", "requerido": "SI", "descripcion": "", "nombre": "Precio (Toma valor del producto seleccionado)", "validacion": "", "form_asociado": null}, "model": "registro.entrada", "pk": 175}, {"fields": {"tipo": "8", "respuesta": [], "defecto": "", "precargado": "NO", "minimo": "", "maximo": "", "requerido": "SI", "descripcion": "", "nombre": "TOTAL (precio*cantidad) Tipo calculo", "validacion": "", "form_asociado": null}, "model": "registro.entrada", "pk": 176}, {"fields": {"tipo": "11", "respuesta": [], "defecto": "", "precargado": "NO", "minimo": "", "maximo": "", "requerido": "SI", "descripcion": "Permite seleccionar multiples opciones dinamicas", "nombre": "Dinamica Multiple", "validacion": "", "form_asociado": null}, "model": "registro.entrada", "pk": 177}, {"fields": {"tipo": "5", "respuesta": [41, 42, 43], "defecto": "", "precargado": "NO", "minimo": "", "maximo": "", "requerido": "SI", "descripcion": "", "nombre": "Contractor type", "validacion": "", "form_asociado": null}, "model": "registro.entrada", "pk": 178}, {"fields": {"tipo": "1", "respuesta": [], "defecto": "", "precargado": "NO", "minimo": "", "maximo": "", "requerido": "SI", "descripcion": "", "nombre": "Prepared by", "validacion": "", "form_asociado": null}, "model": "registro.entrada", "pk": 179}, {"fields": {"tipo": "1", "respuesta": [], "defecto": "", "precargado": "NO", "minimo": "", "maximo": "", "requerido": "SI", "descripcion": "", "nombre": "Title", "validacion": "", "form_asociado": null}, "model": "registro.entrada", "pk": 180}, {"fields": {"tipo": "14", "respuesta": [], "defecto": "", "precargado": "NO", "minimo": "", "maximo": "", "requerido": "SI", "descripcion": "", "nombre": "Sign", "validacion": "", "form_asociado": null}, "model": "registro.entrada", "pk": 181}, {"fields": {"tipo": "1", "respuesta": [], "defecto": "", "precargado": "NO", "minimo": "", "maximo": "", "requerido": "SI", "descripcion": "", "nombre": "Project Sponsor", "validacion": "", "form_asociado": null}, "model": "registro.entrada", "pk": 182}, {"fields": {"tipo": "10", "respuesta": [], "defecto": "", "precargado": "NO", "minimo": "", "maximo": "", "requerido": "SI", "descripcion": "Select a contractor", "nombre": "Contractor", "validacion": "", "form_asociado": null}, "model": "registro.entrada", "pk": 183}, {"fields": {"tipo": "1", "respuesta": [], "defecto": "", "precargado": "NO", "minimo": "", "maximo": "", "requerido": "SI", "descripcion": "", "nombre": "Nombre", "validacion": "", "form_asociado": null}, "model": "registro.entrada", "pk": 184}, {"fields": {"tipo": "8", "respuesta": [], "defecto": "", "precargado": "NO", "minimo": "", "maximo": "", "requerido": "SI", "descripcion": "", "nombre": "Telefono", "validacion": "", "form_asociado": null}, "model": "registro.entrada", "pk": 185}, {"fields": {"tipo": "4", "respuesta": [133, 134, 135, 136], "defecto": "", "precargado": "NO", "minimo": "", "maximo": "", "requerido": "SI", "descripcion": "", "nombre": "Marca", "validacion": "", "form_asociado": null}, "model": "registro.entrada", "pk": 186}, {"fields": {"tipo": "1", "respuesta": [], "defecto": "", "precargado": "NO", "minimo": "", "maximo": "", "requerido": "NO", "descripcion": "", "nombre": "Linea", "validacion": "", "form_asociado": null}, "model": "registro.entrada", "pk": 187}, {"fields": {"tipo": "8", "respuesta": [], "defecto": "", "precargado": "NO", "minimo": "", "maximo": "", "requerido": "SI", "descripcion": "", "nombre": "Modelo", "validacion": "", "form_asociado": null}, "model": "registro.entrada", "pk": 188}, {"fields": {"tipo": "1", "respuesta": [], "defecto": "", "precargado": "NO", "minimo": "", "maximo": "", "requerido": "NO", "descripcion": "", "nombre": "Color Vehiculo", "validacion": "", "form_asociado": null}, "model": "registro.entrada", "pk": 189}, {"fields": {"tipo": "1", "respuesta": [], "defecto": "", "precargado": "NO", "minimo": "", "maximo": "", "requerido": "SI", "descripcion": "", "nombre": "Placa", "validacion": "", "form_asociado": null}, "model": "registro.entrada", "pk": 190}, {"fields": {"tipo": "8", "respuesta": [], "defecto": "", "precargado": "NO", "minimo": "", "maximo": "", "requerido": "SI", "descripcion": "", "nombre": "Clave", "validacion": "", "form_asociado": null}, "model": "registro.entrada", "pk": 191}, {"fields": {"tipo": "5", "respuesta": [142, 143, 144, 145, 146, 147, 148, 149, 150, 151, 152, 153, 154, 155, 156, 157, 158, 159, 160, 161, 162, 163, 164, 165, 166, 167, 168], "defecto": "", "precargado": "NO", "minimo": "", "maximo": "", "requerido": "SI", "descripcion": "", "nombre": "Inventario vehiculo", "validacion": "", "form_asociado": null}, "model": "registro.entrada", "pk": 192}, {"fields": {"tipo": "1", "respuesta": [], "defecto": "", "precargado": "NO", "minimo": "", "maximo": "", "requerido": "SI", "descripcion": "", "nombre": "\u00bfQu\u00e9 deja en la guantera?", "validacion": "", "form_asociado": null}, "model": "registro.entrada", "pk": 193}, {"fields": {"tipo": "1", "respuesta": [], "defecto": "", "precargado": "NO", "minimo": "", "maximo": "", "requerido": "SI", "descripcion": "", "nombre": "Observaciones:", "validacion": "", "form_asociado": null}, "model": "registro.entrada", "pk": 194}, {"fields": {"tipo": "5", "respuesta": [169, 170, 171, 172, 173, 174, 175, 176, 177, 178, 179, 180, 181, 182, 183, 184, 185, 186, 187], "defecto": "", "precargado": "NO", "minimo": "", "maximo": "", "requerido": "SI", "descripcion": "", "nombre": "Partes", "validacion": "", "form_asociado": null}, "model": "registro.entrada", "pk": 195}, {"fields": {"tipo": "1", "respuesta": [], "defecto": "", "precargado": "NO", "minimo": "", "maximo": "", "requerido": "SI", "descripcion": "", "nombre": "Otros:", "validacion": "", "form_asociado": null}, "model": "registro.entrada", "pk": 196}, {"fields": {"tipo": "8", "respuesta": [], "defecto": "", "precargado": "NO", "minimo": "", "maximo": "", "requerido": "SI", "descripcion": "", "nombre": "Valor:", "validacion": "", "form_asociado": null}, "model": "registro.entrada", "pk": 197}, {"fields": {"tipo": "8", "respuesta": [], "defecto": "", "precargado": "NO", "minimo": "", "maximo": "", "requerido": "SI", "descripcion": "", "nombre": "Abono:", "validacion": "", "form_asociado": null}, "model": "registro.entrada", "pk": 198}, {"fields": {"tipo": "1", "respuesta": [], "defecto": "", "precargado": "NO", "minimo": "", "maximo": "", "requerido": "SI", "descripcion": "", "nombre": "Cotizaci\u00f3n Repuestos:", "validacion": "", "form_asociado": null}, "model": "registro.entrada", "pk": 199}, {"fields": {"tipo": "4", "respuesta": [191, 192, 193], "defecto": "", "precargado": "NO", "minimo": "", "maximo": "", "requerido": "SI", "descripcion": "", "nombre": "Laminador", "validacion": "", "form_asociado": null}, "model": "registro.entrada", "pk": 200}, {"fields": {"tipo": "4", "respuesta": [188, 189, 190], "defecto": "", "precargado": "NO", "minimo": "", "maximo": "", "requerido": "SI", "descripcion": "", "nombre": "Pintor", "validacion": "", "form_asociado": null}, "model": "registro.entrada", "pk": 201}, {"fields": {"tipo": "6", "respuesta": [], "defecto": "", "precargado": "NO", "minimo": "", "maximo": "", "requerido": "SI", "descripcion": "", "nombre": "FRENTE", "validacion": "", "form_asociado": null}, "model": "registro.entrada", "pk": 202}, {"fields": {"tipo": "6", "respuesta": [], "defecto": "", "precargado": "NO", "minimo": "", "maximo": "", "requerido": "SI", "descripcion": "", "nombre": "DERECHA", "validacion": "", "form_asociado": null}, "model": "registro.entrada", "pk": 203}, {"fields": {"tipo": "6", "respuesta": [], "defecto": "", "precargado": "NO", "minimo": "", "maximo": "", "requerido": "SI", "descripcion": "", "nombre": "POSTERIOR", "validacion": "", "form_asociado": null}, "model": "registro.entrada", "pk": 204}, {"fields": {"tipo": "6", "respuesta": [], "defecto": "", "precargado": "NO", "minimo": "", "maximo": "", "requerido": "SI", "descripcion": "", "nombre": "IZQUIERDA", "validacion": "", "form_asociado": null}, "model": "registro.entrada", "pk": 205}, {"fields": {"tipo": "1", "respuesta": [], "defecto": "", "precargado": "NO", "minimo": "", "maximo": "", "requerido": "SI", "descripcion": "", "nombre": "Otros defectos:", "validacion": "", "form_asociado": null}, "model": "registro.entrada", "pk": 206}, {"fields": {"tipo": "6", "respuesta": [], "defecto": "", "precargado": "NO", "minimo": "", "maximo": "", "requerido": "SI", "descripcion": "Opcional", "nombre": "Foto Inventario", "validacion": "", "form_asociado": null}, "model": "registro.entrada", "pk": 207}, {"fields": {"tipo": "12", "respuesta": [], "defecto": "", "precargado": "NO", "minimo": "", "maximo": "", "requerido": "SI", "descripcion": "", "nombre": "GPS", "validacion": "", "form_asociado": null}, "model": "registro.entrada", "pk": 208}, {"fields": {"tipo": "14", "respuesta": [], "defecto": "", "precargado": "NO", "minimo": "", "maximo": "", "requerido": "SI", "descripcion": "", "nombre": "FIRMA", "validacion": "", "form_asociado": null}, "model": "registro.entrada", "pk": 209}, {"fields": {"tipo": "15", "respuesta": [], "defecto": "", "precargado": "NO", "minimo": "", "maximo": "", "requerido": "SI", "descripcion": "", "nombre": "DECIMAL", "validacion": "", "form_asociado": null}, "model": "registro.entrada", "pk": 210}, {"fields": {"tipo": "1", "respuesta": [], "defecto": "", "precargado": "NO", "minimo": "", "maximo": "", "requerido": "SI", "descripcion": "", "nombre": "Sugerencia", "validacion": "", "form_asociado": null}, "model": "registro.entrada", "pk": 211}, {"fields": {"valor": "respuesta 1"}, "model": "registro.respuesta", "pk": 1}, {"fields": {"valor": "respuesta 2"}, "model": "registro.respuesta", "pk": 2}, {"fields": {"valor": "respuesta 3"}, "model": "registro.respuesta", "pk": 3}, {"fields": {"valor": "cedula"}, "model": "registro.respuesta", "pk": 4}, {"fields": {"valor": "nombre"}, "model": "registro.respuesta", "pk": 5}, {"fields": {"valor": "sku"}, "model": "registro.respuesta", "pk": 6}, {"fields": {"valor": "proveedor"}, "model": "registro.respuesta", "pk": 7}, {"fields": {"valor": "SELECT1"}, "model": "registro.respuesta", "pk": 8}, {"fields": {"valor": "SELECT2"}, "model": "registro.respuesta", "pk": 9}, {"fields": {"valor": "SELECT3"}, "model": "registro.respuesta", "pk": 10}, {"fields": {"valor": "RADIO1"}, "model": "registro.respuesta", "pk": 11}, {"fields": {"valor": "RADIO2"}, "model": "registro.respuesta", "pk": 12}, {"fields": {"valor": "RADIO3"}, "model": "registro.respuesta", "pk": 13}, {"fields": {"valor": "CHECKBOX1"}, "model": "registro.respuesta", "pk": 14}, {"fields": {"valor": "CHECKBOX2"}, "model": "registro.respuesta", "pk": 15}, {"fields": {"valor": "CHECKBOX3"}, "model": "registro.respuesta", "pk": 16}, {"fields": {"valor": "15-20"}, "model": "registro.respuesta", "pk": 17}, {"fields": {"valor": "20-30"}, "model": "registro.respuesta", "pk": 18}, {"fields": {"valor": "mas de 30"}, "model": "registro.respuesta", "pk": 19}, {"fields": {"valor": "Casa"}, "model": "registro.respuesta", "pk": 20}, {"fields": {"valor": "Apto"}, "model": "registro.respuesta", "pk": 21}, {"fields": {"valor": "Local"}, "model": "registro.respuesta", "pk": 22}, {"fields": {"valor": "Oficina"}, "model": "registro.respuesta", "pk": 23}, {"fields": {"valor": "Bodega"}, "model": "registro.respuesta", "pk": 24}, {"fields": {"valor": "Edificio"}, "model": "registro.respuesta", "pk": 25}, {"fields": {"valor": "Otro"}, "model": "registro.respuesta", "pk": 26}, {"fields": {"valor": "Si"}, "model": "registro.respuesta", "pk": 27}, {"fields": {"valor": "No"}, "model": "registro.respuesta", "pk": 28}, {"fields": {"valor": "Corriente"}, "model": "registro.respuesta", "pk": 29}, {"fields": {"valor": "Ahorros"}, "model": "registro.respuesta", "pk": 30}, {"fields": {"valor": "Acepto"}, "model": "registro.respuesta", "pk": 31}, {"fields": {"valor": "No acepto"}, "model": "registro.respuesta", "pk": 32}, {"fields": {"valor": "Estrato 1"}, "model": "registro.respuesta", "pk": 33}, {"fields": {"valor": "Estrato 2"}, "model": "registro.respuesta", "pk": 34}, {"fields": {"valor": "Estrato 3"}, "model": "registro.respuesta", "pk": 35}, {"fields": {"valor": "Estrato 4"}, "model": "registro.respuesta", "pk": 36}, {"fields": {"valor": "Estrato 5"}, "model": "registro.respuesta", "pk": 37}, {"fields": {"valor": "Estrato 6"}, "model": "registro.respuesta", "pk": 38}, {"fields": {"valor": "Cubierto"}, "model": "registro.respuesta", "pk": 39}, {"fields": {"valor": "Descubierto"}, "model": "registro.respuesta", "pk": 40}, {"fields": {"valor": "Prime"}, "model": "registro.respuesta", "pk": 41}, {"fields": {"valor": "Sub"}, "model": "registro.respuesta", "pk": 42}, {"fields": {"valor": "Composite"}, "model": "registro.respuesta", "pk": 43}, {"fields": {"valor": "Yes"}, "model": "registro.respuesta", "pk": 44}, {"fields": {"valor": "Laborers J"}, "model": "registro.respuesta", "pk": 45}, {"fields": {"valor": "Laborers A/T"}, "model": "registro.respuesta", "pk": 46}, {"fields": {"valor": "Equipment Operators J"}, "model": "registro.respuesta", "pk": 47}, {"fields": {"valor": "Laborers"}, "model": "registro.respuesta", "pk": 48}, {"fields": {"valor": "Equipment Operators"}, "model": "registro.respuesta", "pk": 49}, {"fields": {"valor": "Surveyors"}, "model": "registro.respuesta", "pk": 50}, {"fields": {"valor": "Truck Drivers"}, "model": "registro.respuesta", "pk": 51}, {"fields": {"valor": "Ironworkers"}, "model": "registro.respuesta", "pk": 52}, {"fields": {"valor": "Carpenters"}, "model": "registro.respuesta", "pk": 53}, {"fields": {"valor": "Masons"}, "model": "registro.respuesta", "pk": 54}, {"fields": {"valor": "Painters"}, "model": "registro.respuesta", "pk": 55}, {"fields": {"valor": "Electricians"}, "model": "registro.respuesta", "pk": 56}, {"fields": {"valor": "Others"}, "model": "registro.respuesta", "pk": 57}, {"fields": {"valor": "Journeyman"}, "model": "registro.respuesta", "pk": 58}, {"fields": {"valor": "Trainee/Apprentice"}, "model": "registro.respuesta", "pk": 59}, {"fields": {"valor": "Albany County"}, "model": "registro.respuesta", "pk": 60}, {"fields": {"valor": "Allegany County"}, "model": "registro.respuesta", "pk": 61}, {"fields": {"valor": "Bronx County"}, "model": "registro.respuesta", "pk": 62}, {"fields": {"valor": "Broome County"}, "model": "registro.respuesta", "pk": 63}, {"fields": {"valor": "Cattaraugus County"}, "model": "registro.respuesta", "pk": 64}, {"fields": {"valor": "Cayuga County"}, "model": "registro.respuesta", "pk": 65}, {"fields": {"valor": "Chautauqua County"}, "model": "registro.respuesta", "pk": 66}, {"fields": {"valor": "Chemung County"}, "model": "registro.respuesta", "pk": 67}, {"fields": {"valor": "Chenango County"}, "model": "registro.respuesta", "pk": 68}, {"fields": {"valor": "Clinton County"}, "model": "registro.respuesta", "pk": 69}, {"fields": {"valor": "Columbia County"}, "model": "registro.respuesta", "pk": 70}, {"fields": {"valor": "Cortland County"}, "model": "registro.respuesta", "pk": 71}, {"fields": {"valor": "Delaware County"}, "model": "registro.respuesta", "pk": 72}, {"fields": {"valor": "Dutchess County"}, "model": "registro.respuesta", "pk": 73}, {"fields": {"valor": "Erie County"}, "model": "registro.respuesta", "pk": 74}, {"fields": {"valor": "Essex County"}, "model": "registro.respuesta", "pk": 75}, {"fields": {"valor": "Franklin County"}, "model": "registro.respuesta", "pk": 76}, {"fields": {"valor": "Fulton County"}, "model": "registro.respuesta", "pk": 77}, {"fields": {"valor": "Genesee County"}, "model": "registro.respuesta", "pk": 78}, {"fields": {"valor": "Greene County"}, "model": "registro.respuesta", "pk": 79}, {"fields": {"valor": "Hamilton County"}, "model": "registro.respuesta", "pk": 80}, {"fields": {"valor": "Herkimer County"}, "model": "registro.respuesta", "pk": 81}, {"fields": {"valor": "Jefferson County"}, "model": "registro.respuesta", "pk": 82}, {"fields": {"valor": "Kings County"}, "model": "registro.respuesta", "pk": 83}, {"fields": {"valor": "Lewis County"}, "model": "registro.respuesta", "pk": 84}, {"fields": {"valor": "Livingston County"}, "model": "registro.respuesta", "pk": 85}, {"fields": {"valor": "Madison County"}, "model": "registro.respuesta", "pk": 86}, {"fields": {"valor": "Monroe County"}, "model": "registro.respuesta", "pk": 87}, {"fields": {"valor": "Montgomery County"}, "model": "registro.respuesta", "pk": 88}, {"fields": {"valor": "Nassau County"}, "model": "registro.respuesta", "pk": 89}, {"fields": {"valor": "New York County"}, "model": "registro.respuesta", "pk": 90}, {"fields": {"valor": "Niagara County"}, "model": "registro.respuesta", "pk": 91}, {"fields": {"valor": "Oneida County"}, "model": "registro.respuesta", "pk": 92}, {"fields": {"valor": "Onondaga County"}, "model": "registro.respuesta", "pk": 93}, {"fields": {"valor": "Ontario County"}, "model": "registro.respuesta", "pk": 94}, {"fields": {"valor": "Orange County"}, "model": "registro.respuesta", "pk": 95}, {"fields": {"valor": "Orleans County"}, "model": "registro.respuesta", "pk": 96}, {"fields": {"valor": "Oswego County"}, "model": "registro.respuesta", "pk": 97}, {"fields": {"valor": "Otsego County"}, "model": "registro.respuesta", "pk": 98}, {"fields": {"valor": "Putnam County"}, "model": "registro.respuesta", "pk": 99}, {"fields": {"valor": "Queens County"}, "model": "registro.respuesta", "pk": 100}, {"fields": {"valor": "Rensselaer County"}, "model": "registro.respuesta", "pk": 101}, {"fields": {"valor": "Richmond County"}, "model": "registro.respuesta", "pk": 102}, {"fields": {"valor": "Rockland County"}, "model": "registro.respuesta", "pk": 103}, {"fields": {"valor": "Saratoga County"}, "model": "registro.respuesta", "pk": 104}, {"fields": {"valor": "Schenectady County"}, "model": "registro.respuesta", "pk": 105}, {"fields": {"valor": "Schoharie County"}, "model": "registro.respuesta", "pk": 106}, {"fields": {"valor": "Schuyler County"}, "model": "registro.respuesta", "pk": 107}, {"fields": {"valor": "Seneca County"}, "model": "registro.respuesta", "pk": 108}, {"fields": {"valor": "St. Lawrence County"}, "model": "registro.respuesta", "pk": 109}, {"fields": {"valor": "Steuben County"}, "model": "registro.respuesta", "pk": 110}, {"fields": {"valor": "Suffolk County"}, "model": "registro.respuesta", "pk": 111}, {"fields": {"valor": "Sullivan County"}, "model": "registro.respuesta", "pk": 112}, {"fields": {"valor": "Tioga County"}, "model": "registro.respuesta", "pk": 113}, {"fields": {"valor": "Tompkins County"}, "model": "registro.respuesta", "pk": 114}, {"fields": {"valor": "Ulster County"}, "model": "registro.respuesta", "pk": 115}, {"fields": {"valor": "Warren County"}, "model": "registro.respuesta", "pk": 116}, {"fields": {"valor": "Washington County"}, "model": "registro.respuesta", "pk": 117}, {"fields": {"valor": "Wayne County"}, "model": "registro.respuesta", "pk": 118}, {"fields": {"valor": "Westchester County"}, "model": "registro.respuesta", "pk": 119}, {"fields": {"valor": "Wyoming County"}, "model": "registro.respuesta", "pk": 120}, {"fields": {"valor": "Yates County"}, "model": "registro.respuesta", "pk": 121}, {"fields": {"valor": "Regular Wash"}, "model": "registro.respuesta", "pk": 122}, {"fields": {"valor": "Super clean interior"}, "model": "registro.respuesta", "pk": 123}, {"fields": {"valor": "Express wash"}, "model": "registro.respuesta", "pk": 124}, {"fields": {"valor": "Detail interior (Shampoo)"}, "model": "registro.respuesta", "pk": 125}, {"fields": {"valor": "Leather condition"}, "model": "registro.respuesta", "pk": 126}, {"fields": {"valor": "Lights cleaning"}, "model": "registro.respuesta", "pk": 127}, {"fields": {"valor": "Engine cleaning"}, "model": "registro.respuesta", "pk": 128}, {"fields": {"valor": "Small"}, "model": "registro.respuesta", "pk": 129}, {"fields": {"valor": "Medium"}, "model": "registro.respuesta", "pk": 130}, {"fields": {"valor": "Large"}, "model": "registro.respuesta", "pk": 131}, {"fields": {"valor": "Extra large"}, "model": "registro.respuesta", "pk": 132}, {"fields": {"valor": "Lexus"}, "model": "registro.respuesta", "pk": 133}, {"fields": {"valor": "Tesla"}, "model": "registro.respuesta", "pk": 134}, {"fields": {"valor": "Ferrari"}, "model": "registro.respuesta", "pk": 135}, {"fields": {"valor": "Bently"}, "model": "registro.respuesta", "pk": 136}, {"fields": {"valor": "Amarillo"}, "model": "registro.respuesta", "pk": 137}, {"fields": {"valor": "Azul"}, "model": "registro.respuesta", "pk": 138}, {"fields": {"valor": "Rojo"}, "model": "registro.respuesta", "pk": 139}, {"fields": {"valor": "Negro"}, "model": "registro.respuesta", "pk": 140}, {"fields": {"valor": "Blanco"}, "model": "registro.respuesta", "pk": 141}, {"fields": {"valor": "LLANTA DE REPUESTO"}, "model": "registro.respuesta", "pk": 142}, {"fields": {"valor": "GATO"}, "model": "registro.respuesta", "pk": 143}, {"fields": {"valor": "CRUCETA"}, "model": "registro.respuesta", "pk": 144}, {"fields": {"valor": "KIT DE CARRETERA"}, "model": "registro.respuesta", "pk": 145}, {"fields": {"valor": "CAJA DE HERRAMIENTA"}, "model": "registro.respuesta", "pk": 146}, {"fields": {"valor": "STOP"}, "model": "registro.respuesta", "pk": 147}, {"fields": {"valor": "EMBLEMAS"}, "model": "registro.respuesta", "pk": 148}, {"fields": {"valor": "CABLES DE CORRIENTE"}, "model": "registro.respuesta", "pk": 149}, {"fields": {"valor": "TAPA GASOLINA"}, "model": "registro.respuesta", "pk": 150}, {"fields": {"valor": "ESPEJOS"}, "model": "registro.respuesta", "pk": 151}, {"fields": {"valor": "ANTENA"}, "model": "registro.respuesta", "pk": 152}, {"fields": {"valor": "COPAS"}, "model": "registro.respuesta", "pk": 153}, {"fields": {"valor": "DIRECCIONALES"}, "model": "registro.respuesta", "pk": 154}, {"fields": {"valor": "FAROLAS"}, "model": "registro.respuesta", "pk": 155}, {"fields": {"valor": "COCUYOS"}, "model": "registro.respuesta", "pk": 156}, {"fields": {"valor": "EXPLORADORAS"}, "model": "registro.respuesta", "pk": 157}, {"fields": {"valor": "PLUMILLAS"}, "model": "registro.respuesta", "pk": 158}, {"fields": {"valor": "PARABRISAS"}, "model": "registro.respuesta", "pk": 159}, {"fields": {"valor": "VIDRIOS"}, "model": "registro.respuesta", "pk": 160}, {"fields": {"valor": "TAPETES"}, "model": "registro.respuesta", "pk": 161}, {"fields": {"valor": "RADIO"}, "model": "registro.respuesta", "pk": 162}, {"fields": {"valor": "CONTROL-RADIO"}, "model": "registro.respuesta", "pk": 163}, {"fields": {"valor": "PARLANTES"}, "model": "registro.respuesta", "pk": 164}, {"fields": {"valor": "PLANTA"}, "model": "registro.respuesta", "pk": 165}, {"fields": {"valor": "BATERIA"}, "model": "registro.respuesta", "pk": 166}, {"fields": {"valor": "ENCENDEDOR"}, "model": "registro.respuesta", "pk": 167}, {"fields": {"valor": "FOGUEADO"}, "model": "registro.respuesta", "pk": 168}, {"fields": {"valor": "BOMPER"}, "model": "registro.respuesta", "pk": 169}, {"fields": {"valor": "PUERTA DELANTERA DER"}, "model": "registro.respuesta", "pk": 170}, {"fields": {"valor": "PUERTA DELANTERA IZQ"}, "model": "registro.respuesta", "pk": 171}, {"fields": {"valor": "PUERTA TRASERA DER"}, "model": "registro.respuesta", "pk": 172}, {"fields": {"valor": "PUERTA TRASERA IZQ"}, "model": "registro.respuesta", "pk": 173}, {"fields": {"valor": "GUARDABARRO D"}, "model": "registro.respuesta", "pk": 174}, {"fields": {"valor": "GUARDABARRO T"}, "model": "registro.respuesta", "pk": 175}, {"fields": {"valor": "FRONTAL"}, "model": "registro.respuesta", "pk": 176}, {"fields": {"valor": "CAPOT"}, "model": "registro.respuesta", "pk": 177}, {"fields": {"valor": "CAPASETE"}, "model": "registro.respuesta", "pk": 178}, {"fields": {"valor": "TAPA TRASERA"}, "model": "registro.respuesta", "pk": 179}, {"fields": {"valor": "FALDON"}, "model": "registro.respuesta", "pk": 180}, {"fields": {"valor": "PERSIANA"}, "model": "registro.respuesta", "pk": 181}, {"fields": {"valor": "ESPEJO DER"}, "model": "registro.respuesta", "pk": 182}, {"fields": {"valor": "ESPEJO IZQ"}, "model": "registro.respuesta", "pk": 183}, {"fields": {"valor": "ESTRIBO"}, "model": "registro.respuesta", "pk": 184}, {"fields": {"valor": "BISEL"}, "model": "registro.respuesta", "pk": 185}, {"fields": {"valor": "BURBUJA"}, "model": "registro.respuesta", "pk": 186}, {"fields": {"valor": "MANIJAS"}, "model": "registro.respuesta", "pk": 187}, {"fields": {"valor": "Hugo"}, "model": "registro.respuesta", "pk": 188}, {"fields": {"valor": "Paco"}, "model": "registro.respuesta", "pk": 189}, {"fields": {"valor": "Luis"}, "model": "registro.respuesta", "pk": 190}, {"fields": {"valor": "Leonel"}, "model": "registro.respuesta", "pk": 191}, {"fields": {"valor": "Cristiano"}, "model": "registro.respuesta", "pk": 192}, {"fields": {"valor": "Neymar"}, "model": "registro.respuesta", "pk": 193}, {"fields": {"empresa": null, "respuesta": null, "fecha_creacion": "2015-08-17T18:35:22.823Z", "colector": null, "nombre": "a", "entrada": null, "gps": ""}, "model": "registro.formulariodiligenciado", "pk": 1}, {"fields": {"empresa": 1, "valor": "d208ffcfcb94431aa49cb47758927ad7"}, "model": "auth_token_middleware.token", "pk": 3}, {"fields": {"empresa": 6, "valor": "52c5706bc98f911ffbc794f5ffab068d"}, "model": "auth_token_middleware.token", "pk": 5}, {"fields": {"empresa": 5, "valor": "e3c0e5492db05ba3b4249978a39f1214"}, "model": "auth_token_middleware.token", "pk": 6}, {"fields": {"empresa": 7, "valor": "2f6733e0c41a328f3c5b2508af46fae1"}, "model": "auth_token_middleware.token", "pk": 7}, {"fields": {"empresa": 8, "valor": "dc647eb65e6711e155375218212b3964"}, "model": "auth_token_middleware.token", "pk": 8}, {"fields": {"empresa": 9, "valor": "4041dde41ae426a86a7660c2a82dd541"}, "model": "auth_token_middleware.token", "pk": 9}, {"fields": {"empresa": 10, "valor": "c8e15dcc73ea5d9c641ccd3ed9aefc55"}, "model": "auth_token_middleware.token", "pk": 10}, {"fields": {"empresa": 11, "valor": "e7cc1490c72e0ebed429bc34638e8f04"}, "model": "auth_token_middleware.token", "pk": 11}, {"fields": {"empresa": 12, "valor": "af291240e221bb0e94c2f09ee87606cf"}, "model": "auth_token_middleware.token", "pk": 12}]